Date,Time,CO(GT),PT08.S1(CO),C6H6(GT),PT08.S2(NMHC),NOx(GT),PT08.S3(NOx),NO2(GT),PT08.S4(NO2),PT08.S5(O3),T,RH,AH
10/03/2004,18.00.00,26.0,1360.0,119.0,1046.0,166.0,1056.0,113.0,1692.0,1268.0,136.0,489.0,7578.0
10/03/2004,19.00.00,2.0,1292.0,94.0,955.0,103.0,1174.0,92.0,1559.0,972.0,133.0,477.0,7255.0
10/03/2004,20.00.00,22.0,1402.0,90.0,939.0,131.0,1140.0,114.0,1555.0,1074.0,119.0,540.0,7502.0
10/03/2004,21.00.00,22.0,1376.0,92.0,948.0,172.0,1092.0,122.0,1584.0,1203.0,110.0,600.0,7867.0
10/03/2004,22.00.00,16.0,1272.0,65.0,836.0,131.0,1205.0,116.0,1490.0,1110.0,112.0,596.0,7888.0
10/03/2004,23.00.00,12.0,1197.0,47.0,750.0,89.0,1337.0,96.0,1393.0,949.0,112.0,592.0,7848.0
11/03/2004,00.00.00,12.0,1185.0,36.0,690.0,62.0,1462.0,77.0,1333.0,733.0,113.0,568.0,7603.0
11/03/2004,01.00.00,1.0,1136.0,33.0,672.0,62.0,1453.0,76.0,1333.0,730.0,107.0,600.0,7702.0
11/03/2004,02.00.00,9.0,1094.0,23.0,609.0,45.0,1579.0,60.0,1276.0,620.0,107.0,597.0,7648.0
11/03/2004,03.00.00,6.0,1010.0,17.0,561.0,33.0,1705.0,47.0,1235.0,501.0,103.0,602.0,7517.0
11/03/2004,04.00.00,6.5,1011.0,13.0,527.0,21.0,1818.0,34.0,1197.0,445.0,101.0,605.0,7465.0
11/03/2004,05.00.00,7.0,1066.0,11.0,512.0,16.0,1918.0,28.0,1182.0,422.0,110.0,562.0,7366.0
11/03/2004,06.00.00,7.0,1052.0,16.0,553.0,34.0,1738.0,48.0,1221.0,472.0,105.0,581.0,7353.0
11/03/2004,07.00.00,11.0,1144.0,32.0,667.0,98.0,1490.0,82.0,1339.0,730.0,102.0,596.0,7417.0
11/03/2004,08.00.00,2.0,1333.0,80.0,900.0,174.0,1136.0,112.0,1517.0,1102.0,108.0,574.0,7408.0
11/03/2004,09.00.00,22.0,1351.0,95.0,960.0,129.0,1079.0,101.0,1583.0,1028.0,105.0,606.0,7691.0
11/03/2004,10.00.00,17.0,1233.0,63.0,827.0,112.0,1218.0,98.0,1446.0,860.0,108.0,584.0,7552.0
11/03/2004,11.00.00,15.0,1179.0,50.0,762.0,95.0,1328.0,92.0,1362.0,671.0,105.0,579.0,7352.0
11/03/2004,12.00.00,16.0,1236.0,52.0,774.0,104.0,1301.0,95.0,1401.0,664.0,95.0,668.0,7951.0
11/03/2004,13.00.00,19.0,1286.0,73.0,869.0,146.0,1162.0,112.0,1537.0,799.0,83.0,764.0,8393.0
11/03/2004,14.00.00,29.0,1371.0,115.0,1034.0,207.0,983.0,128.0,1730.0,1037.0,80.0,811.0,8736.0
11/03/2004,15.00.00,22.0,1310.0,88.0,933.0,184.0,1082.0,126.0,1647.0,946.0,83.0,798.0,8778.0
11/03/2004,16.00.00,22.0,1292.0,83.0,912.0,193.0,1103.0,131.0,1591.0,957.0,97.0,712.0,8569.0
11/03/2004,17.00.00,29.0,1383.0,112.0,1020.0,243.0,1008.0,135.0,1719.0,1104.0,98.0,676.0,8185.0
11/03/2004,18.00.00,48.0,1581.0,208.0,1319.0,281.0,799.0,151.0,2083.0,1409.0,103.0,642.0,8065.0
11/03/2004,19.00.00,69.0,1776.0,274.0,1488.0,383.0,702.0,172.0,2333.0,1704.0,97.0,693.0,8319.0
11/03/2004,20.00.00,61.0,1640.0,240.0,1404.0,351.0,743.0,165.0,2191.0,1654.0,96.0,678.0,8133.0
11/03/2004,21.00.00,39.0,1313.0,128.0,1076.0,240.0,957.0,136.0,1707.0,1285.0,91.0,640.0,7419.0
11/03/2004,22.00.00,15.0,965.0,47.0,749.0,94.0,1325.0,85.0,1333.0,821.0,82.0,634.0,6905.0
11/03/2004,23.00.00,1.0,913.0,26.0,629.0,47.0,1565.0,53.0,1252.0,552.0,82.0,608.0,6657.0
12/03/2004,00.00.00,17.0,1080.0,59.0,805.0,122.0,1254.0,97.0,1375.0,816.0,83.0,585.0,6438.0
12/03/2004,01.00.00,19.0,1044.0,64.0,829.0,133.0,1247.0,110.0,1378.0,832.0,77.0,597.0,6308.0
12/03/2004,02.00.00,14.0,988.0,41.0,718.0,82.0,1396.0,91.0,1304.0,692.0,71.0,618.0,6276.0
12/03/2004,03.00.00,8.0,889.0,19.0,574.0,51.5,1680.0,61.5,1187.0,512.0,70.0,623.0,6261.0
12/03/2004,04.00.00,7.0,831.0,11.0,506.0,21.0,1893.0,32.0,1134.0,384.0,61.0,659.0,6248.0
12/03/2004,05.00.00,6.0,847.0,10.0,501.0,30.0,1895.0,44.0,1155.0,394.0,63.0,650.0,6233.0
12/03/2004,06.00.00,8.0,927.0,18.0,571.0,56.0,1685.0,71.0,1223.0,487.0,68.0,629.0,6234.0
12/03/2004,07.00.00,14.0,1091.0,44.0,730.0,109.0,1387.0,104.0,1361.0,748.0,64.0,651.0,6316.0
12/03/2004,08.00.00,44.0,1587.0,179.0,1236.0,307.0,897.0,141.0,1900.0,1400.0,73.0,631.0,6499.0
12/03/2004,09.00.00,37.5,1545.0,221.0,1353.0,247.0,767.0,131.5,2058.0,1588.0,92.0,562.0,6561.0
12/03/2004,10.00.00,31.0,1350.0,140.0,1118.0,187.0,912.0,122.0,1712.0,1237.0,132.0,417.0,6320.0
12/03/2004,11.00.00,27.0,1263.0,116.0,1037.0,216.0,969.0,143.0,1598.0,1167.0,143.0,384.0,6243.0
12/03/2004,12.00.00,21.0,1206.0,102.0,986.0,143.0,1035.0,113.0,1537.0,959.0,150.0,365.0,6195.0
12/03/2004,13.00.00,25.0,1252.0,110.0,1016.0,160.0,1008.0,116.0,1593.0,983.0,161.0,345.0,6262.0
12/03/2004,14.00.00,27.0,1287.0,128.0,1078.0,163.0,949.0,123.0,1660.0,1061.0,163.0,357.0,6560.0
12/03/2004,15.00.00,29.0,1353.0,142.0,1122.0,190.0,922.0,126.0,1740.0,1139.0,158.0,370.0,6610.0
12/03/2004,16.00.00,28.0,1309.0,127.0,1073.0,178.0,954.0,120.0,1657.0,1112.0,159.0,372.0,6657.0
12/03/2004,17.00.00,24.0,1274.0,117.0,1041.0,150.0,1006.0,119.0,1610.0,994.0,169.0,343.0,6549.0
12/03/2004,18.00.00,39.0,1510.0,193.0,1277.0,206.0,812.0,149.0,1910.0,1410.0,151.0,396.0,6766.0
12/03/2004,19.00.00,37.0,1525.0,182.0,1246.0,202.0,821.0,145.0,1847.0,1448.0,144.0,434.0,7084.0
12/03/2004,20.00.00,66.0,1843.0,326.0,1610.0,340.0,624.0,170.0,2390.0,1887.0,129.0,505.0,7478.0
12/03/2004,21.00.00,44.0,1598.0,201.0,1299.0,274.0,752.0,149.0,1941.0,1627.0,121.0,533.0,7536.0
12/03/2004,22.00.00,35.0,1484.0,143.0,1127.0,253.0,839.0,139.0,1723.0,1491.0,110.0,591.0,7740.0
12/03/2004,23.00.00,54.0,1677.0,218.0,1346.0,300.0,741.0,134.0,2062.0,1657.0,97.0,646.0,7771.0
13/03/2004,00.00.00,27.0,1280.0,96.0,964.0,193.0,963.0,113.0,1544.0,1285.0,95.0,641.0,7597.0
13/03/2004,01.00.00,19.0,1196.0,74.0,873.0,139.0,1071.0,97.0,1463.0,1144.0,91.0,639.0,7423.0
13/03/2004,02.00.00,16.0,1184.0,54.0,782.0,83.0,1176.0,82.0,1365.0,1043.0,88.0,639.0,7256.0
13/03/2004,03.00.00,17.0,1172.0,54.0,783.0,96.0,1179.0,82.5,1380.0,996.0,78.0,675.0,7173.0
13/03/2004,04.00.00,9.0,1147.0,62.0,821.0,109.0,1132.0,83.0,1412.0,992.0,70.0,711.0,7158.0
13/03/2004,05.00.00,1.0,978.0,26.0,625.0,62.0,1420.0,65.0,1274.0,819.0,83.0,636.0,6982.0
13/03/2004,06.00.00,12.0,1100.0,29.0,646.0,53.0,1406.0,60.0,1268.0,835.0,72.0,675.0,6887.0
13/03/2004,07.00.00,15.0,1112.0,51.0,770.0,139.0,1228.0,77.0,1409.0,940.0,63.0,719.0,6932.0
13/03/2004,08.00.00,27.0,1336.0,118.0,1043.0,256.0,935.0,96.0,1678.0,1192.0,65.0,716.0,6945.0
13/03/2004,09.00.00,37.0,1408.0,151.0,1153.0,295.0,830.0,119.0,1777.0,1411.0,96.0,597.0,7124.0
13/03/2004,10.00.00,32.0,1447.0,129.0,1081.0,250.0,869.0,126.0,1667.0,1465.0,124.0,512.0,7335.0
13/03/2004,11.00.00,41.0,1542.0,161.0,1184.0,296.0,808.0,158.0,1780.0,1583.0,156.0,422.0,7451.0
13/03/2004,12.00.00,36.0,1451.0,140.0,1117.0,239.0,875.0,161.0,1679.0,1387.0,184.0,338.0,7090.0
13/03/2004,13.00.00,28.0,1328.0,123.0,1059.0,153.0,987.0,124.0,1600.0,1101.0,194.0,313.0,6950.0
13/03/2004,14.00.00,2.0,1207.0,86.0,924.0,118.0,1088.0,102.0,1488.0,850.0,180.0,348.0,7127.0
13/03/2004,15.00.00,2.0,1240.0,92.0,947.0,119.0,1049.0,116.0,1532.0,947.0,184.0,336.0,7042.0
13/03/2004,16.00.00,25.0,1306.0,102.0,987.0,138.0,1004.0,124.0,1554.0,1078.0,176.0,351.0,7012.0
13/03/2004,17.00.00,23.0,1326.0,106.0,1000.0,148.0,976.0,125.0,1602.0,1084.0,167.0,378.0,7117.0
13/03/2004,18.00.00,32.0,1473.0,155.0,1163.0,227.0,831.0,148.0,1779.0,1395.0,161.0,410.0,7451.0
13/03/2004,19.00.00,42.0,1609.0,196.0,1286.0,277.0,758.0,165.0,1922.0,1612.0,158.0,424.0,7569.0
13/03/2004,20.00.00,42.0,1611.0,192.0,1274.0,279.0,754.0,161.0,1915.0,1697.0,157.0,441.0,7786.0
13/03/2004,21.00.00,42.0,1621.0,183.0,1247.0,283.0,762.0,159.0,1860.0,1886.0,153.0,468.0,8091.0
13/03/2004,22.00.00,31.0,1444.0,131.0,1089.0,214.0,844.0,143.0,1748.0,1624.0,146.0,486.0,8060.0
13/03/2004,23.00.00,26.0,1418.0,109.0,1010.0,172.0,892.0,130.0,1603.0,1536.0,147.0,493.0,8193.0
14/03/2004,00.00.00,29.0,1534.0,110.0,1013.0,190.0,889.0,129.0,1611.0,1535.0,139.0,536.0,8498.0
14/03/2004,01.00.00,28.0,1484.0,119.0,1045.0,174.0,880.0,119.0,1624.0,1530.0,146.0,515.0,8536.0
14/03/2004,02.00.00,25.0,1367.0,86.0,925.0,128.0,953.0,104.0,1543.0,1337.0,125.0,589.0,8537.0
14/03/2004,03.00.00,24.0,1344.0,97.0,968.0,99.0,921.0,93.0,1620.0,1278.0,116.0,634.0,8674.0
14/03/2004,04.00.00,18.0,1130.0,52.0,773.0,70.0,1130.0,82.0,1452.0,1051.0,121.0,611.0,8603.0
14/03/2004,05.00.00,12.0,1062.0,37.0,691.0,53.0,1272.0,70.0,1377.0,929.0,115.0,631.0,8533.0
14/03/2004,06.00.00,1.0,1076.0,25.0,618.0,44.0,1395.0,63.0,1333.0,872.0,116.0,622.0,8473.0
14/03/2004,07.00.00,9.0,1028.0,24.0,615.0,74.0,1384.0,67.0,1340.0,853.0,104.0,676.0,8530.0
14/03/2004,08.00.00,14.0,1155.0,42.0,722.0,101.0,1225.0,84.0,1414.0,959.0,116.0,627.0,8530.0
14/03/2004,09.00.00,16.0,1235.0,64.0,828.0,118.0,1055.0,83.0,1527.0,1093.0,124.0,600.0,8627.0
14/03/2004,10.00.00,22.0,1332.0,86.0,923.0,144.0,952.0,98.0,1614.0,1225.0,145.0,531.0,8728.0
14/03/2004,11.00.00,28.0,1445.0,109.0,1009.0,176.0,878.0,114.0,1696.0,1355.0,169.0,461.0,8789.0
14/03/2004,12.00.00,28.0,1416.0,107.0,1002.0,161.0,907.0,119.0,1677.0,1262.0,193.0,383.0,8474.0
14/03/2004,13.00.00,2.0,1281.0,75.0,880.0,113.0,1084.0,104.0,1525.0,980.0,212.0,314.0,7812.0
14/03/2004,14.00.00,18.0,1207.0,75.0,879.0,103.0,1104.0,102.0,1490.0,872.0,214.0,302.0,7616.0
14/03/2004,15.00.00,19.0,1258.0,82.0,906.0,112.0,1081.0,107.0,1511.0,900.0,219.0,290.0,7525.0
14/03/2004,16.00.00,3.0,1458.0,119.0,1045.0,170.0,974.0,129.0,1646.0,1099.0,222.0,284.0,7516.0
14/03/2004,17.00.00,29.0,1438.0,120.0,1051.0,180.0,943.0,128.0,1668.0,1206.0,213.0,308.0,7696.0
14/03/2004,18.00.00,25.0,1478.0,122.0,1055.0,160.0,929.0,121.0,1671.0,1262.0,197.0,367.0,8307.0
14/03/2004,19.00.00,46.0,1808.0,206.0,1312.0,261.0,753.0,157.0,1993.0,1698.0,184.0,417.0,8732.0
14/03/2004,20.00.00,59.0,1898.0,231.0,1381.0,325.0,681.0,173.0,2103.0,1905.0,176.0,461.0,9210.0
14/03/2004,21.00.00,34.0,1560.0,147.0,1140.0,217.0,784.0,146.0,1818.0,1648.0,167.0,496.0,9320.0
14/03/2004,22.00.00,21.0,1324.0,90.0,940.0,146.0,924.0,121.0,1587.0,1423.0,163.0,510.0,9341.0
14/03/2004,23.00.00,22.0,1349.0,88.0,933.0,152.0,933.0,119.0,1617.0,1349.0,147.0,559.0,9314.0
15/03/2004,00.00.00,18.0,1239.0,74.0,872.0,104.0,985.0,99.0,1547.0,1250.0,148.0,547.0,9164.0
15/03/2004,01.00.00,18.0,1239.0,69.0,853.0,106.0,1010.0,93.0,1543.0,1174.0,140.0,570.0,9094.0
15/03/2004,02.00.00,18.0,1224.0,70.0,855.0,108.0,998.0,88.0,1566.0,1149.0,134.0,613.0,9361.0
15/03/2004,03.00.00,11.0,1078.0,44.0,734.0,87.0,1128.0,79.5,1487.0,1021.0,126.0,635.0,9230.0
15/03/2004,04.00.00,6.0,1078.0,40.0,711.0,66.0,1150.0,71.0,1468.0,1013.0,123.0,654.0,9351.0
15/03/2004,05.00.00,1.0,1075.0,39.0,703.0,88.0,1156.0,74.0,1464.0,1010.0,119.0,674.0,9375.0
15/03/2004,06.00.00,14.0,1157.0,64.0,830.0,138.0,1030.0,80.0,1584.0,1083.0,114.0,705.0,9475.0
15/03/2004,07.00.00,22.0,1314.0,97.0,966.0,228.0,897.0,89.0,1710.0,1235.0,113.0,702.0,9401.0
15/03/2004,08.00.00,55.0,1797.0,259.0,1451.0,360.0,652.0,114.0,2323.0,1680.0,124.0,639.0,9170.0
15/03/2004,09.00.00,81.0,1961.0,367.0,1701.0,478.0,537.0,149.0,2665.0,2184.0,148.0,543.0,9076.0
15/03/2004,10.00.00,58.0,1771.0,266.0,1470.0,394.0,622.0,157.0,2262.0,1973.0,174.0,456.0,8993.0
15/03/2004,11.00.00,42.0,1564.0,201.0,1300.0,319.0,710.0,155.0,2029.0,1798.0,198.0,385.0,8801.0
15/03/2004,12.00.00,31.0,1430.0,141.0,1120.0,201.0,831.0,134.0,1783.0,1522.0,220.0,341.0,8904.0
15/03/2004,13.00.00,29.0,1417.0,149.0,1146.0,171.0,830.0,119.0,1831.0,1404.0,233.0,322.0,9096.0
15/03/2004,14.00.00,29.0,1400.0,154.0,1162.0,159.0,838.0,111.0,1829.0,1263.0,239.0,300.0,8757.0
15/03/2004,15.00.00,25.0,1317.0,121.0,1053.0,153.0,926.0,104.0,1707.0,1137.0,244.0,289.0,8736.0
15/03/2004,16.00.00,23.0,1318.0,115.0,1033.0,143.0,950.0,99.0,1675.0,1068.0,244.0,294.0,8848.0
15/03/2004,17.00.00,28.0,1445.0,148.0,1141.0,156.0,857.0,110.0,1824.0,1252.0,238.0,313.0,9137.0
15/03/2004,18.00.00,61.0,1917.0,321.0,1601.0,314.0,631.0,162.0,2447.0,1843.0,225.0,354.0,9547.0
15/03/2004,19.00.00,8.0,2040.0,392.0,1754.0,404.0,542.0,187.0,2679.0,2122.0,204.0,425.0,10086.0
15/03/2004,20.00.00,65.0,1895.0,310.0,1573.0,320.0,565.0,165.0,2443.0,1992.0,183.0,526.0,10945.0
15/03/2004,21.00.00,42.0,1595.0,199.0,1294.0,256.0,678.0,145.0,2058.0,1707.0,167.0,574.0,10786.0
15/03/2004,22.00.00,32.0,1439.0,153.0,1159.0,193.0,764.0,125.0,1856.0,1494.0,157.0,602.0,10654.0
15/03/2004,23.00.00,14.0,1142.0,69.0,852.0,89.0,1008.0,101.0,1547.0,1164.0,153.0,614.0,10580.0
16/03/2004,00.00.00,21.0,1304.0,111.0,1019.0,127.0,852.0,103.0,1731.0,1272.0,141.0,657.0,10494.0
16/03/2004,01.00.00,12.0,1074.0,54.0,784.0,79.0,1098.0,88.0,1483.0,1040.0,148.0,606.0,10148.0
16/03/2004,02.00.00,8.0,968.0,28.0,640.0,43.0,1320.0,61.0,1386.0,867.0,148.0,592.0,9879.0
16/03/2004,03.00.00,7.0,929.0,23.0,608.0,51.0,1376.0,60.0,1364.0,826.0,136.0,621.0,9636.0
16/03/2004,04.00.00,6.5,941.0,26.0,626.0,59.0,1316.0,59.0,1373.0,840.0,123.0,662.0,9450.0
16/03/2004,05.00.00,6.0,937.0,20.0,585.0,38.0,1412.0,52.0,1348.0,793.0,128.0,632.0,9283.0
16/03/2004,06.00.00,9.0,1017.0,35.0,681.0,82.0,1246.0,64.0,1418.0,870.0,112.0,685.0,9081.0
16/03/2004,07.00.00,13.0,1171.0,51.0,770.0,99.0,1162.0,70.0,1467.0,930.0,110.0,665.0,8705.0
16/03/2004,08.00.00,34.0,1541.0,162.0,1185.0,263.0,770.0,97.0,1889.0,1407.0,117.0,637.0,8719.0
16/03/2004,09.00.00,37.0,1539.0,197.0,1287.0,229.0,698.0,95.0,2055.0,1507.0,136.0,563.0,8743.0
16/03/2004,10.00.00,53.0,1735.0,251.0,1431.0,396.0,628.0,150.0,2211.0,1843.0,178.0,429.0,8672.0
16/03/2004,11.00.00,41.0,1571.0,200.0,1297.0,314.0,730.0,162.0,1973.0,1729.0,214.0,333.0,8417.0
16/03/2004,12.00.00,33.0,1452.0,183.0,1250.0,217.0,776.0,154.0,1868.0,1583.0,244.0,274.0,8231.0
16/03/2004,13.00.00,4.0,1579.0,223.0,1359.0,252.0,724.0,161.0,1998.0,1671.0,253.0,261.0,8264.0
16/03/2004,14.00.00,38.0,1466.0,204.0,1309.0,263.0,773.0,161.0,1897.0,1491.0,258.0,232.0,7589.0
16/03/2004,15.00.00,28.0,1280.0,146.0,1136.0,180.0,893.0,128.0,1675.0,1240.0,270.0,202.0,7094.0
16/03/2004,16.00.00,29.0,1407.0,166.0,1197.0,184.0,905.0,129.0,1759.0,1313.0,282.0,186.0,7014.0
16/03/2004,17.00.00,29.0,1389.0,158.0,1173.0,190.0,898.0,133.0,1739.0,1363.0,280.0,191.0,7098.0
16/03/2004,18.00.00,34.0,1447.0,178.0,1235.0,184.0,859.0,139.0,1778.0,1296.0,239.0,257.0,7519.0
16/03/2004,19.00.00,39.0,1551.0,191.0,1271.0,181.0,800.0,137.0,1875.0,1432.0,213.0,348.0,8730.0
16/03/2004,20.00.00,32.0,1474.0,158.0,1173.0,166.0,854.0,143.0,1776.0,1432.0,204.0,367.0,8704.0
16/03/2004,21.00.00,51.0,1800.0,249.0,1426.0,317.0,700.0,177.0,2106.0,2034.0,190.0,413.0,9007.0
16/03/2004,22.00.00,26.0,1379.0,135.0,1101.0,184.0,818.0,138.0,1710.0,1602.0,179.0,459.0,9342.0
16/03/2004,23.00.00,17.0,1201.0,91.0,943.0,130.0,935.0,117.0,1560.0,1362.0,167.0,489.0,9226.0
17/03/2004,00.00.00,17.0,1205.0,86.0,925.0,132.0,922.0,107.0,1547.0,1314.0,155.0,529.0,9271.0
17/03/2004,01.00.00,12.0,1072.0,54.0,784.0,95.0,1066.0,90.0,1442.0,1114.0,155.0,519.0,9059.0
17/03/2004,02.00.00,9.0,998.0,41.0,714.0,70.0,1169.0,79.0,1383.0,992.0,141.0,556.0,8910.0
17/03/2004,03.00.00,7.0,933.0,26.0,625.0,62.0,1292.0,69.5,1332.0,884.0,131.0,579.0,8666.0
17/03/2004,04.00.00,6.0,883.0,19.0,577.0,54.0,1396.0,60.0,1303.0,808.0,127.0,579.0,8447.0
17/03/2004,05.00.00,5.0,869.0,16.0,554.0,28.0,1460.0,40.0,1268.0,667.0,118.0,580.0,8026.0
17/03/2004,06.00.00,5.0,891.0,19.0,576.0,46.0,1417.0,53.0,1289.0,733.0,119.0,574.0,7978.0
17/03/2004,07.00.00,16.0,1173.0,75.0,878.0,160.0,1038.0,84.0,1556.0,1052.0,99.0,652.0,7956.0
17/03/2004,08.00.00,41.0,1587.0,214.0,1334.0,320.0,702.0,108.0,1999.0,1534.0,111.0,602.0,7958.0
17/03/2004,09.00.00,66.0,1852.0,364.0,1696.0,377.0,553.0,127.0,2535.0,1931.0,141.0,500.0,8020.0
17/03/2004,10.00.00,43.0,1522.0,213.0,1331.0,280.0,703.0,134.0,2026.0,1734.0,177.0,401.0,8048.0
17/03/2004,11.00.00,29.0,1438.0,154.0,1161.0,221.0,819.0,135.0,1782.0,1595.0,211.0,334.0,8265.0
17/03/2004,12.00.00,25.0,1393.0,125.0,1067.0,210.0,905.0,142.0,1654.0,1490.0,243.0,283.0,8471.0
17/03/2004,13.00.00,28.0,1452.0,151.0,1152.0,204.0,861.0,153.0,1747.0,1508.0,256.0,256.0,8254.0
17/03/2004,14.00.00,26.0,1389.0,137.0,1108.0,161.0,887.0,123.0,1712.0,1334.0,259.0,259.0,8503.0
17/03/2004,15.00.00,2.0,1207.0,104.0,994.0,135.0,1013.0,104.0,1520.0,1045.0,268.0,187.0,6500.0
17/03/2004,16.00.00,29.0,1365.0,152.0,1154.0,186.0,940.0,129.0,1679.0,1221.0,293.0,158.0,6309.0
17/03/2004,17.00.00,25.0,1247.0,123.0,1060.0,147.0,1032.0,114.0,1525.0,1069.0,285.0,149.0,5708.0
17/03/2004,18.00.00,5.0,1557.0,270.0,1478.0,299.0,793.0,158.0,1981.0,1569.0,259.0,160.0,5237.0
17/03/2004,19.00.00,76.0,1973.0,384.0,1737.0,411.0,617.0,194.0,2414.0,2306.0,231.0,265.0,7403.0
17/03/2004,20.00.00,67.0,1975.0,351.0,1667.0,347.0,597.0,182.0,2416.0,2359.0,205.0,382.0,9133.0
17/03/2004,21.00.00,57.0,1795.0,272.0,1485.0,336.0,653.0,180.0,2174.0,2050.0,191.0,426.0,9294.0
17/03/2004,22.00.00,28.0,1444.0,150.0,1150.0,202.0,770.0,136.0,1727.0,1727.0,172.0,441.0,8558.0
17/03/2004,23.00.00,26.0,1488.0,157.0,1171.0,178.0,731.0,127.0,1778.0,1705.0,160.0,509.0,9206.0
18/03/2004,00.00.00,23.0,1371.0,130.0,1083.0,154.0,796.0,116.0,1669.0,1551.0,148.0,539.0,9024.0
18/03/2004,01.00.00,14.0,1161.0,81.0,904.0,92.0,947.0,107.0,1502.0,1240.0,143.0,554.0,8975.0
18/03/2004,02.00.00,1.0,1064.0,55.0,787.0,61.0,1057.0,88.0,1407.0,1115.0,148.0,521.0,8686.0
18/03/2004,03.00.00,7.0,970.0,36.0,687.0,60.5,1196.0,83.0,1351.0,969.0,139.0,539.0,8501.0
18/03/2004,04.00.00,6.5,954.0,29.0,645.0,60.0,1260.0,78.0,1334.0,925.0,116.0,619.0,8442.0
18/03/2004,05.00.00,6.0,931.0,25.0,623.0,37.0,1293.0,57.0,1307.0,828.0,120.0,589.0,8233.0
18/03/2004,06.00.00,7.0,938.0,30.0,650.0,68.0,1251.0,71.0,1333.0,893.0,109.0,621.0,8113.0
18/03/2004,07.00.00,15.0,1166.0,77.0,885.0,139.0,1005.0,85.0,1551.0,1075.0,106.0,633.0,8067.0
18/03/2004,08.00.00,47.0,1643.0,233.0,1384.0,339.0,667.0,124.0,2094.0,1610.0,115.0,600.0,8117.0
18/03/2004,09.00.00,66.0,1934.0,358.0,1682.0,421.0,541.0,151.0,2468.0,2051.0,143.0,506.0,8186.0
18/03/2004,10.00.00,45.0,1617.0,213.0,1333.0,349.0,686.0,150.0,2010.0,1819.0,178.0,405.0,8210.0
18/03/2004,11.00.00,28.0,1473.0,143.0,1127.0,224.0,831.0,152.0,1752.0,1568.0,208.0,344.0,8365.0
18/03/2004,12.00.00,22.0,1379.0,125.0,1068.0,171.0,899.0,139.0,1663.0,1374.0,238.0,282.0,8219.0
18/03/2004,13.00.00,22.0,1385.0,122.0,1056.0,149.0,891.0,133.0,1648.0,1268.0,242.0,287.0,8515.0
18/03/2004,14.00.00,23.0,1379.0,131.0,1087.0,137.0,901.0,126.0,1660.0,1144.0,252.0,249.0,7829.0
18/03/2004,15.00.00,22.0,1322.0,144.0,1129.0,149.0,934.0,128.0,1639.0,1109.0,270.0,178.0,6275.0
18/03/2004,16.00.00,28.0,1496.0,168.0,1205.0,172.0,822.0,169.0,1767.0,1347.0,271.0,231.0,8180.0
18/03/2004,17.00.00,27.0,1409.0,145.0,1131.0,166.0,873.0,149.0,1689.0,1206.0,258.0,239.0,7832.0
18/03/2004,18.00.00,37.0,1513.0,215.0,1338.0,214.0,764.0,156.0,1957.0,1397.0,230.0,268.0,7446.0
18/03/2004,19.00.00,51.0,1667.0,264.0,1464.0,280.0,683.0,168.0,2118.0,1588.0,207.0,311.0,7523.0
18/03/2004,20.00.00,51.0,1667.0,260.0,1453.0,276.0,684.0,176.0,2051.0,1569.0,186.0,362.0,7676.0
18/03/2004,21.00.00,32.0,1430.0,141.0,1121.0,178.0,814.0,135.0,1732.0,1322.0,160.0,484.0,8768.0
18/03/2004,22.00.00,21.0,1333.0,103.0,989.0,129.0,885.0,121.0,1621.0,1194.0,145.0,578.0,9456.0
18/03/2004,23.00.00,17.0,1262.0,83.0,911.0,95.0,948.0,99.0,1545.0,1062.0,131.0,642.0,9606.0
19/03/2004,00.00.00,2.0,1287.0,89.0,936.0,126.0,918.0,106.0,1606.0,1040.0,120.0,697.0,9735.0
19/03/2004,01.00.00,16.0,1134.0,66.0,840.0,103.0,1021.0,96.0,1501.0,917.0,119.0,711.0,9915.0
19/03/2004,02.00.00,9.0,999.0,36.0,688.0,48.0,1229.0,63.0,1380.0,594.0,125.0,693.0,10029.0
19/03/2004,03.00.00,7.0,961.0,25.0,622.0,34.0,1382.0,47.5,1301.0,430.0,125.0,675.0,9768.0
19/03/2004,04.00.00,6.0,934.0,18.0,569.0,20.0,1440.0,32.0,1280.0,397.0,123.0,677.0,9665.0
19/03/2004,05.00.00,5.0,913.0,13.0,525.0,18.0,1620.0,28.0,1260.0,370.0,125.0,668.0,9620.0
19/03/2004,06.00.00,7.0,969.0,23.0,607.0,56.0,1373.0,61.0,1324.0,438.0,123.0,663.0,9487.0
19/03/2004,07.00.00,15.0,1182.0,67.0,845.0,115.0,1054.0,99.0,1539.0,704.0,124.0,649.0,9332.0
19/03/2004,08.00.00,48.0,1740.0,228.0,1372.0,320.0,671.0,157.0,2144.0,1476.0,130.0,616.0,9209.0
19/03/2004,09.00.00,62.0,1819.0,313.0,1582.0,357.0,575.0,166.0,2456.0,1716.0,136.0,588.0,9120.0
19/03/2004,10.00.00,4.0,1427.0,192.0,1275.0,253.0,701.0,149.0,1980.0,1398.0,139.0,571.0,9032.0
19/03/2004,11.00.00,33.0,1390.0,164.0,1191.0,218.0,759.0,135.0,1879.0,1268.0,145.0,544.0,8917.0
19/03/2004,12.00.00,28.0,1283.0,140.0,1117.0,192.0,813.0,127.0,1751.0,1188.0,155.0,501.0,8744.0
19/03/2004,13.00.00,3.0,1304.0,153.0,1157.0,176.0,793.0,122.0,1801.0,1171.0,161.0,476.0,8655.0
19/03/2004,14.00.00,33.0,1364.0,167.0,1202.0,198.0,771.0,135.0,1875.0,1250.0,163.0,471.0,8640.0
19/03/2004,15.00.00,35.0,1410.0,190.0,1268.0,212.0,724.0,139.0,1957.0,1344.0,164.0,475.0,8791.0
19/03/2004,16.00.00,4.0,1476.0,194.0,1280.0,249.0,708.0,147.0,1955.0,1378.0,161.0,502.0,9094.0
19/03/2004,17.00.00,46.0,1522.0,209.0,1320.0,270.0,690.0,158.0,2005.0,1435.0,160.0,507.0,9142.0
19/03/2004,18.00.00,41.0,1442.0,202.0,1301.0,231.0,704.0,146.0,1952.0,1372.0,158.0,503.0,8989.0
19/03/2004,19.00.00,45.0,1469.0,217.0,1344.0,251.0,677.0,144.0,1997.0,1471.0,155.0,506.0,8840.0
19/03/2004,20.00.00,39.0,1467.0,198.0,1292.0,210.0,698.0,138.0,1942.0,1439.0,154.0,514.0,8956.0
19/03/2004,21.00.00,4.0,1421.0,167.0,1202.0,249.0,748.0,143.0,1854.0,1429.0,152.0,531.0,9117.0
19/03/2004,22.00.00,22.0,1175.0,91.0,945.0,143.0,904.0,116.0,1604.0,1081.0,147.0,576.0,9573.0
19/03/2004,23.00.00,21.0,1215.0,83.0,912.0,127.0,948.0,109.0,1547.0,993.0,142.0,583.0,9380.0
20/03/2004,00.00.00,17.0,1127.0,58.0,802.0,104.0,1064.0,92.0,1447.0,837.0,138.0,579.0,9085.0
20/03/2004,01.00.00,16.0,1090.0,52.0,773.0,86.0,1105.0,83.0,1429.0,761.0,139.0,559.0,8842.0
20/03/2004,02.00.00,13.0,1017.0,41.0,718.0,74.0,1182.0,81.0,1382.0,650.0,139.0,556.0,8765.0
20/03/2004,03.00.00,13.0,997.0,34.0,677.0,59.0,1252.0,68.0,1359.0,591.0,138.0,551.0,8666.0
20/03/2004,04.00.00,10.5,945.0,29.0,646.0,44.0,1308.0,55.0,1332.0,505.0,138.0,546.0,8574.0
20/03/2004,05.00.00,8.0,956.0,31.0,661.0,42.0,1260.0,53.0,1351.0,518.0,136.0,551.0,8560.0
20/03/2004,06.00.00,8.0,966.0,25.0,622.0,63.0,1317.0,67.0,1342.0,571.0,136.0,590.0,9129.0
20/03/2004,07.00.00,11.0,1064.0,43.0,728.0,115.0,1161.0,91.0,1461.0,842.0,135.0,584.0,8960.0
20/03/2004,08.00.00,21.0,1300.0,89.0,935.0,170.0,902.0,113.0,1623.0,1145.0,138.0,580.0,9083.0
20/03/2004,09.00.00,24.0,1348.0,105.0,998.0,147.0,834.0,102.0,1689.0,1218.0,146.0,531.0,8765.0
20/03/2004,10.00.00,26.0,1425.0,125.0,1068.0,166.0,776.0,107.0,1764.0,1341.0,150.0,523.0,8881.0
20/03/2004,11.00.00,28.0,1474.0,123.0,1061.0,195.0,768.0,113.0,1768.0,1406.0,154.0,521.0,9046.0
20/03/2004,12.00.00,26.0,1490.0,117.0,1039.0,182.0,782.0,108.0,1757.0,1422.0,163.0,500.0,9158.0
20/03/2004,13.00.00,26.0,1495.0,117.0,1040.0,168.0,809.0,105.0,1735.0,1373.0,171.0,479.0,9281.0
20/03/2004,14.00.00,21.0,1376.0,93.0,953.0,125.0,900.0,93.0,1636.0,1153.0,190.0,429.0,9370.0
20/03/2004,15.00.00,17.0,1305.0,76.0,884.0,95.0,980.0,87.0,1573.0,927.0,195.0,423.0,9476.0
20/03/2004,16.00.00,16.0,1283.0,67.0,844.0,79.0,1036.0,76.0,1539.0,766.0,195.0,423.0,9493.0
20/03/2004,17.00.00,21.0,1392.0,97.0,967.0,119.0,930.0,94.0,1649.0,941.0,191.0,438.0,9556.0
20/03/2004,18.00.00,23.0,1452.0,124.0,1063.0,142.0,856.0,110.0,1774.0,1146.0,185.0,463.0,9744.0
20/03/2004,19.00.00,35.0,1633.0,166.0,1199.0,215.0,734.0,136.0,1919.0,1417.0,174.0,516.0,10159.0
20/03/2004,20.00.00,39.0,1625.0,164.0,1191.0,229.0,733.0,139.0,1885.0,1442.0,171.0,513.0,9914.0
20/03/2004,21.00.00,33.0,1535.0,137.0,1108.0,206.0,785.0,125.0,1820.0,1323.0,164.0,538.0,9964.0
20/03/2004,22.00.00,23.0,1323.0,99.0,973.0,147.0,864.0,111.0,1712.0,1125.0,162.0,554.0,10132.0
20/03/2004,23.00.00,21.0,1309.0,89.0,937.0,122.0,905.0,97.0,1672.0,1036.0,159.0,577.0,10356.0
21/03/2004,00.00.00,28.0,1456.0,106.0,999.0,175.0,835.0,107.0,1714.0,1202.0,157.0,586.0,10396.0
21/03/2004,01.00.00,21.0,1300.0,74.0,872.0,133.0,941.0,90.0,1577.0,1054.0,151.0,609.0,10398.0
21/03/2004,02.00.00,16.0,1203.0,62.0,823.0,89.0,1004.0,84.0,1526.0,903.0,156.0,566.0,9951.0
21/03/2004,03.00.00,16.0,1195.0,65.0,836.0,87.0,987.0,85.5,1554.0,885.0,152.0,579.0,9941.0
21/03/2004,04.00.00,13.5,1117.0,58.0,802.0,85.0,1029.0,87.0,1539.0,818.0,154.0,578.0,10021.0
21/03/2004,05.00.00,11.0,1062.0,40.0,711.0,55.0,1136.0,66.0,1461.0,700.0,149.0,606.0,10196.0
21/03/2004,06.00.00,7.0,947.0,21.0,594.0,24.0,1300.0,36.0,1390.0,580.0,145.0,630.0,10316.0
21/03/2004,07.00.00,8.0,1065.0,36.0,687.0,72.0,1143.0,62.0,1492.0,815.0,142.0,662.0,10630.0
21/03/2004,08.00.00,12.0,1155.0,44.0,734.0,122.0,1062.0,91.0,1528.0,1035.0,145.0,653.0,10704.0
21/03/2004,09.00.00,14.0,1220.0,54.0,782.0,111.0,996.0,89.0,1560.0,1067.0,153.0,621.0,10730.0
21/03/2004,10.00.00,17.0,1301.0,71.0,862.0,123.0,914.0,93.0,1633.0,1114.0,163.0,590.0,10868.0
21/03/2004,11.00.00,18.0,1279.0,73.0,870.0,106.0,911.0,81.0,1646.0,1000.0,189.0,496.0,10700.0
21/03/2004,12.00.00,18.0,1267.0,76.0,883.0,103.0,953.0,82.0,1617.0,906.0,194.0,461.0,10249.0
21/03/2004,13.00.00,19.0,1239.0,68.0,848.0,102.0,981.0,80.0,1568.0,822.0,208.0,416.0,10091.0
21/03/2004,14.00.00,13.0,1128.0,46.0,742.0,48.0,1144.0,48.0,1507.0,610.0,214.0,403.0,10126.0
21/03/2004,15.00.00,16.0,1243.0,84.0,916.0,63.0,962.0,61.0,1669.0,657.0,212.0,393.0,9791.0
21/03/2004,16.00.00,19.0,1208.0,69.0,853.0,98.0,1060.0,89.0,1506.0,647.0,203.0,380.0,8942.0
21/03/2004,17.00.00,23.0,1306.0,90.0,938.0,132.0,961.0,105.0,1607.0,762.0,194.0,413.0,9206.0
21/03/2004,18.00.00,38.0,1546.0,151.0,1151.0,173.0,769.0,116.0,1874.0,1122.0,185.0,438.0,9252.0
21/03/2004,19.00.00,35.0,1501.0,126.0,1071.0,185.0,823.0,119.0,1744.0,1130.0,178.0,481.0,9689.0
21/03/2004,20.00.00,43.0,1605.0,151.0,1153.0,266.0,769.0,144.0,1840.0,1637.0,179.0,469.0,9520.0
21/03/2004,21.00.00,28.0,1316.0,99.0,974.0,188.0,883.0,123.0,1673.0,1272.0,174.0,491.0,9688.0
21/03/2004,22.00.00,19.0,1195.0,80.0,898.0,122.0,933.0,105.0,1594.0,1098.0,170.0,517.0,9914.0
21/03/2004,23.00.00,19.0,1211.0,79.0,896.0,112.0,920.0,93.0,1624.0,1066.0,164.0,551.0,10198.0
22/03/2004,00.00.00,17.0,1161.0,61.0,815.0,93.0,995.0,86.0,1582.0,909.0,161.0,600.0,10919.0
22/03/2004,01.00.00,15.0,1095.0,51.0,767.0,74.0,1050.0,76.0,1547.0,818.0,158.0,605.0,10805.0
22/03/2004,02.00.00,6.0,897.0,17.0,563.0,23.0,1417.0,33.0,1355.0,472.0,163.0,570.0,10491.0
22/03/2004,03.00.00,4.0,842.0,7.0,468.0,20.0,1813.0,30.0,1274.0,394.0,169.0,539.0,10309.0
22/03/2004,04.00.00,3.5,854.0,8.0,481.0,17.0,1756.0,27.0,1304.0,396.0,161.0,559.0,10153.0
22/03/2004,05.00.00,3.0,845.0,7.0,472.0,15.0,1786.0,23.0,1278.0,378.0,165.0,539.0,10049.0
22/03/2004,06.00.00,6.0,942.0,20.0,586.0,41.0,1480.0,46.0,1373.0,432.0,164.0,540.0,9979.0
22/03/2004,07.00.00,12.0,1090.0,51.0,768.0,86.0,1072.0,76.0,1538.0,699.0,157.0,576.0,10195.0
22/03/2004,08.00.00,36.0,1514.0,177.0,1230.0,226.0,732.0,116.0,1996.0,1252.0,158.0,537.0,9571.0
22/03/2004,09.00.00,37.0,1379.0,184.0,1252.0,214.0,711.0,115.0,1962.0,1237.0,174.0,421.0,8281.0
22/03/2004,10.00.00,18.0,1074.0,69.0,854.0,115.0,1032.0,83.0,1484.0,772.0,179.0,384.0,7793.0
22/03/2004,11.00.00,16.0,1090.0,73.0,868.0,124.0,1026.0,87.0,1509.0,766.0,185.0,367.0,7764.0
22/03/2004,12.00.00,19.0,1110.0,96.0,964.0,122.0,947.0,90.0,1577.0,829.0,210.0,296.0,7263.0
22/03/2004,13.00.00,2.0,1102.0,104.0,994.0,107.0,955.0,87.0,1599.0,783.0,213.0,281.0,7067.0
22/03/2004,14.00.00,22.0,1100.0,112.0,1021.0,133.0,952.0,99.0,1607.0,822.0,213.0,261.0,6539.0
22/03/2004,15.00.00,21.0,1094.0,107.0,1003.0,130.0,965.0,99.0,1574.0,813.0,213.0,268.0,6681.0
22/03/2004,16.00.00,23.0,1076.0,116.0,1034.0,150.0,964.0,101.0,1544.0,813.0,213.0,242.0,6060.0
22/03/2004,17.00.00,26.0,1152.0,124.0,1062.0,138.0,928.0,103.0,1606.0,850.0,202.0,285.0,6682.0
22/03/2004,18.00.00,38.0,1407.0,183.0,1249.0,213.0,720.0,129.0,1932.0,1276.0,170.0,431.0,8264.0
22/03/2004,19.00.00,44.0,1438.0,210.0,1325.0,232.0,678.0,143.0,1993.0,1401.0,156.0,474.0,8347.0
22/03/2004,20.00.00,45.0,1425.0,210.0,1325.0,238.0,678.0,146.0,1965.0,1356.0,153.0,474.0,8178.0
22/03/2004,21.00.00,33.0,1279.0,145.0,1131.0,180.0,775.0,124.0,1758.0,1243.0,145.0,497.0,8177.0
22/03/2004,22.00.00,2.0,1132.0,84.0,916.0,128.0,920.0,113.0,1561.0,1083.0,139.0,520.0,8231.0
22/03/2004,23.00.00,11.0,1006.0,43.0,729.0,65.0,1142.0,80.0,1370.0,795.0,145.0,494.0,8106.0
23/03/2004,00.00.00,9.0,982.0,38.0,700.0,53.0,1204.0,72.0,1359.0,735.0,138.0,514.0,8071.0
23/03/2004,01.00.00,8.0,969.0,27.0,636.0,47.0,1271.0,64.0,1309.0,684.0,140.0,513.0,8163.0
23/03/2004,02.00.00,7.0,941.0,25.0,621.0,51.0,1298.0,70.0,1330.0,714.0,130.0,568.0,8444.0
23/03/2004,03.00.00,5.0,892.0,12.0,522.0,35.5,1522.0,50.5,1285.0,456.0,110.0,700.0,9215.0
23/03/2004,04.00.00,4.0,855.0,8.0,478.0,20.0,1701.0,31.0,1261.0,401.0,101.0,768.0,9483.0
23/03/2004,05.00.00,3.0,834.0,6.0,459.0,13.0,1908.0,22.0,1212.0,361.0,88.0,805.0,9147.0
23/03/2004,06.00.00,5.0,909.0,18.0,567.0,33.0,1542.0,47.0,1287.0,418.0,96.0,754.0,9004.0
23/03/2004,07.00.00,11.0,1061.0,46.0,745.0,103.0,1178.0,88.0,1429.0,616.0,98.0,750.0,9093.0
23/03/2004,08.00.00,3.0,1441.0,142.0,1124.0,224.0,851.0,130.0,1829.0,1089.0,100.0,742.0,9117.0
23/03/2004,09.00.00,38.0,1498.0,210.0,1325.0,244.0,684.0,132.0,2095.0,1329.0,112.0,697.0,9232.0
23/03/2004,10.00.00,34.0,1343.0,162.0,1185.0,237.0,760.0,132.0,1857.0,1311.0,120.0,629.0,8803.0
23/03/2004,11.00.00,3.0,1308.0,155.0,1166.0,220.0,792.0,131.0,1794.0,1236.0,128.0,558.0,8210.0
23/03/2004,12.00.00,27.0,1209.0,134.0,1097.0,207.0,837.0,129.0,1746.0,1147.0,131.0,548.0,8234.0
23/03/2004,13.00.00,35.0,1310.0,169.0,1207.0,208.0,770.0,132.0,1847.0,1301.0,138.0,534.0,8351.0
23/03/2004,14.00.00,28.0,1171.0,124.0,1064.0,160.0,881.0,110.0,1639.0,1097.0,160.0,424.0,7674.0
23/03/2004,15.00.00,19.0,1112.0,101.0,980.0,131.0,924.0,99.0,1589.0,900.0,141.0,498.0,7971.0
23/03/2004,16.00.00,2.0,1132.0,87.0,927.0,128.0,944.0,100.0,1570.0,781.0,120.0,611.0,8537.0
23/03/2004,17.00.00,3.0,1225.0,138.0,1111.0,176.0,818.0,122.0,1719.0,1013.0,136.0,546.0,8465.0
23/03/2004,18.00.00,19.0,1065.0,93.0,953.0,107.0,962.0,97.0,1514.0,790.0,137.0,495.0,7695.0
23/03/2004,19.00.00,27.0,1236.0,130.0,1084.0,131.0,854.0,112.0,1688.0,1059.0,117.0,571.0,7822.0
23/03/2004,20.00.00,33.0,1309.0,143.0,1126.0,166.0,812.0,128.0,1722.0,1205.0,115.0,582.0,7867.0
23/03/2004,21.00.00,17.0,1089.0,76.0,884.0,89.0,1006.0,101.0,1487.0,975.0,126.0,542.0,7881.0
23/03/2004,22.00.00,13.0,1000.0,53.0,776.0,81.0,1141.0,96.0,1375.0,896.0,120.0,549.0,7664.0
23/03/2004,23.00.00,13.0,1041.0,54.0,782.0,78.0,1105.0,86.0,1425.0,911.0,110.0,614.0,8057.0
24/03/2004,00.00.00,12.0,1045.0,49.0,756.0,70.0,1137.0,85.0,1411.0,902.0,111.0,622.0,8199.0
24/03/2004,01.00.00,11.0,997.0,46.0,744.0,76.0,1151.0,79.0,1405.0,832.0,108.0,625.0,8082.0
24/03/2004,02.00.00,9.0,948.0,27.0,634.0,43.0,1320.0,61.0,1326.0,715.0,113.0,600.0,8025.0
24/03/2004,03.00.00,6.0,878.0,16.0,551.0,43.5,1493.0,63.5,1272.0,683.0,106.0,616.0,7856.0
24/03/2004,04.00.00,6.0,908.0,17.0,559.0,44.0,1477.0,66.0,1287.0,721.0,102.0,627.0,7813.0
24/03/2004,05.00.00,6.0,892.0,12.0,522.0,34.0,1572.0,54.0,1255.0,648.0,109.0,586.0,7628.0
24/03/2004,06.00.00,8.0,954.0,17.0,561.0,43.0,1496.0,57.0,1255.0,612.0,108.0,572.0,7382.0
24/03/2004,07.00.00,12.0,1045.0,48.0,751.0,79.0,1186.0,75.0,1403.0,800.0,104.0,592.0,7455.0
24/03/2004,08.00.00,31.0,1383.0,138.0,1109.0,174.0,832.0,97.0,1706.0,1173.0,110.0,573.0,7501.0
24/03/2004,09.00.00,44.0,1597.0,237.0,1395.0,235.0,652.0,110.0,2080.0,1519.0,112.0,569.0,7565.0
24/03/2004,10.00.00,34.0,1318.0,142.0,1124.0,218.0,762.0,113.0,1770.0,1287.0,121.0,549.0,7734.0
24/03/2004,11.00.00,17.0,1138.0,80.0,898.0,136.0,950.0,88.0,1505.0,966.0,151.0,443.0,7535.0
24/03/2004,12.00.00,15.0,1098.0,67.0,842.0,117.0,1012.0,85.0,1440.0,828.0,156.0,406.0,7146.0
24/03/2004,13.00.00,17.0,1118.0,87.0,927.0,119.0,959.0,96.0,1477.0,825.0,169.0,346.0,6597.0
24/03/2004,14.00.00,22.0,1170.0,108.0,1009.0,126.0,879.0,106.0,1566.0,872.0,166.0,356.0,6697.0
24/03/2004,15.00.00,24.5,1112.0,67.0,842.0,100.0,1015.0,91.0,1494.0,680.0,113.0,639.0,8554.0
24/03/2004,16.00.00,27.0,1390.0,114.0,1028.0,197.0,829.0,126.0,1730.0,1002.0,96.0,811.0,9720.0
24/03/2004,17.00.00,28.0,1353.0,134.0,1096.0,195.0,774.0,130.0,1783.0,1159.0,117.0,691.0,9497.0
24/03/2004,18.00.00,27.0,1260.0,120.0,1050.0,156.0,828.0,111.0,1722.0,979.0,107.0,685.0,8794.0
24/03/2004,19.00.00,45.0,1501.0,202.0,1302.0,247.0,681.0,134.0,2008.0,1311.0,107.0,673.0,8643.0
24/03/2004,20.00.00,35.0,1273.0,144.0,1130.0,190.0,795.0,136.0,1744.0,1071.0,108.0,657.0,8486.0
24/03/2004,21.00.00,26.0,1179.0,94.0,955.0,169.0,928.0,125.0,1571.0,899.0,103.0,663.0,8336.0
24/03/2004,22.00.00,17.0,1047.0,59.0,809.0,118.0,1064.0,108.0,1435.0,766.0,101.0,669.0,8248.0
24/03/2004,23.00.00,13.0,973.0,45.0,739.0,81.0,1186.0,87.0,1354.0,589.0,104.0,611.0,7717.0
25/03/2004,00.00.00,13.0,997.0,45.0,737.0,80.0,1168.0,89.0,1341.0,631.0,103.0,599.0,7516.0
25/03/2004,01.00.00,1.0,970.0,25.0,621.0,42.0,1400.0,58.0,1249.0,479.0,110.0,584.0,7686.0
25/03/2004,02.00.00,7.0,902.0,18.0,568.0,38.0,1450.0,54.0,1253.0,479.0,91.0,681.0,7890.0
25/03/2004,03.00.00,7.0,921.0,14.0,538.0,28.0,1564.0,41.0,1224.0,417.0,95.0,682.0,8091.0
25/03/2004,04.00.00,5.0,858.0,9.0,490.0,18.0,1707.0,28.0,1212.0,378.0,93.0,723.0,8496.0
25/03/2004,05.00.00,5.0,878.0,6.0,457.0,12.0,1935.0,20.0,1158.0,344.0,99.0,668.0,8152.0
25/03/2004,06.00.00,6.0,893.0,14.0,540.0,43.0,1604.0,51.0,1268.0,413.0,76.0,832.0,8695.0
25/03/2004,07.00.00,11.0,1038.0,38.0,697.0,84.0,1260.0,82.0,1383.0,605.0,81.0,790.0,8544.0
25/03/2004,08.00.00,27.0,1320.0,116.0,1035.0,184.0,902.0,112.0,1721.0,991.0,87.0,746.0,8429.0
25/03/2004,09.00.00,35.0,1353.0,178.0,1235.0,202.0,740.0,119.0,1937.0,1175.0,86.0,751.0,8415.0
25/03/2004,10.00.00,23.0,1133.0,88.0,933.0,133.0,969.0,99.0,1552.0,923.0,97.0,697.0,8389.0
25/03/2004,11.00.00,16.0,1066.0,68.0,849.0,130.0,1039.0,98.0,1468.0,829.0,110.0,644.0,8447.0
25/03/2004,12.00.00,13.0,1027.0,59.0,809.0,106.0,1081.0,88.0,1442.0,733.0,136.0,530.0,8209.0
25/03/2004,13.00.00,2.0,1106.0,89.0,935.0,132.0,958.0,96.0,1570.0,819.0,142.0,484.0,7780.0
25/03/2004,14.00.00,19.0,1038.0,82.0,907.0,106.0,976.0,81.0,1492.0,723.0,142.0,463.0,7438.0
25/03/2004,15.00.00,19.0,1084.0,86.0,924.0,125.0,986.0,92.0,1501.0,786.0,160.0,413.0,7462.0
25/03/2004,16.00.00,22.0,1105.0,101.0,982.0,138.0,939.0,105.0,1545.0,850.0,177.0,354.0,7094.0
25/03/2004,17.00.00,2.0,1102.0,94.0,957.0,120.0,968.0,88.0,1527.0,820.0,171.0,374.0,7225.0
25/03/2004,18.00.00,29.0,1240.0,146.0,1137.0,158.0,836.0,103.0,1748.0,991.0,149.0,405.0,6835.0
25/03/2004,19.00.00,52.0,1443.0,246.0,1418.0,253.0,666.0,141.0,2060.0,1454.0,134.0,478.0,7293.0
25/03/2004,20.00.00,46.0,1389.0,216.0,1341.0,231.0,692.0,133.0,1982.0,1488.0,126.0,525.0,7642.0
25/03/2004,21.00.00,25.0,1183.0,103.0,989.0,150.0,904.0,119.0,1539.0,1205.0,122.0,532.0,7555.0
25/03/2004,22.00.00,15.0,1014.0,57.0,798.0,99.0,1083.0,106.0,1376.0,909.0,106.0,561.0,7140.0
25/03/2004,23.00.00,12.0,979.0,45.0,736.0,75.0,1154.0,92.0,1324.0,769.0,99.0,595.0,7276.0
26/03/2004,00.00.00,17.0,1048.0,55.0,787.0,93.0,1098.0,97.0,1373.0,835.0,96.0,611.0,7323.0
26/03/2004,01.00.00,14.0,1024.0,48.0,753.0,79.0,1131.0,91.0,1357.0,793.0,97.0,616.0,7425.0
26/03/2004,02.00.00,12.0,974.0,36.0,690.0,67.0,1208.0,83.0,1313.0,733.0,94.0,626.0,7398.0
26/03/2004,03.00.00,6.0,862.0,17.0,561.0,56.0,1449.0,71.0,1219.0,502.0,82.0,685.0,7455.0
26/03/2004,04.00.00,7.0,925.0,22.0,602.0,45.0,1398.0,59.0,1263.0,562.0,80.0,694.0,7459.0
26/03/2004,05.00.00,8.0,952.0,30.0,654.0,72.0,1210.0,73.0,1312.0,832.0,77.0,724.0,7655.0
26/03/2004,06.00.00,9.0,1005.0,40.0,713.0,103.0,1130.0,78.0,1363.0,924.0,80.0,718.0,7711.0
26/03/2004,07.00.00,16.0,1122.0,67.0,842.0,132.0,1015.0,90.0,1438.0,974.0,85.0,663.0,7375.0
26/03/2004,08.00.00,34.0,1351.0,167.0,1201.0,239.0,783.0,110.0,1828.0,1307.0,98.0,596.0,7214.0
26/03/2004,09.00.00,38.0,1408.0,193.0,1278.0,275.0,682.0,114.0,1928.0,1481.0,112.0,570.0,7544.0
26/03/2004,10.00.00,31.0,1304.0,148.0,1142.0,232.0,772.0,119.0,1747.0,1405.0,148.0,441.0,7407.0
26/03/2004,11.00.00,27.0,1207.0,134.0,1098.0,180.0,826.0,121.0,1664.0,1195.0,168.0,353.0,6729.0
26/03/2004,12.00.00,2.0,1099.0,110.0,1014.0,112.0,948.0,97.0,1503.0,868.0,192.0,271.0,5976.0
26/03/2004,13.00.00,23.0,1106.0,125.0,1068.0,116.0,915.0,99.0,1535.0,874.0,191.0,262.0,5741.0
26/03/2004,14.00.00,19.0,1009.0,84.0,916.0,103.0,1015.0,85.0,1391.0,738.0,163.0,308.0,5683.0
26/03/2004,15.00.00,13.0,962.0,53.0,776.0,89.0,1152.0,75.0,1279.0,550.0,142.0,368.0,5922.0
26/03/2004,16.00.00,19.0,1093.0,88.0,933.0,112.0,976.0,87.0,1454.0,777.0,134.0,410.0,6292.0
26/03/2004,17.00.00,23.0,1180.0,112.0,1023.0,127.0,886.0,102.0,1588.0,966.0,142.0,433.0,6982.0
26/03/2004,18.00.00,24.0,1168.0,116.0,1037.0,125.0,868.0,105.0,1580.0,990.0,121.0,456.0,6403.0
26/03/2004,19.00.00,27.0,1168.0,124.0,1063.0,120.0,876.0,98.0,1540.0,944.0,104.0,480.0,6046.0
26/03/2004,20.00.00,26.0,1140.0,106.0,1000.0,120.0,916.0,93.0,1490.0,962.0,100.0,511.0,6280.0
26/03/2004,21.00.00,15.0,1001.0,60.0,811.0,99.0,1097.0,91.0,1308.0,778.0,98.0,508.0,6172.0
26/03/2004,22.00.00,12.0,953.0,46.0,743.0,79.0,1185.0,85.0,1252.0,690.0,97.0,504.0,6063.0
26/03/2004,23.00.00,11.0,972.0,41.0,715.0,66.0,1237.0,74.0,1258.0,644.0,99.0,502.0,6103.0
27/03/2004,00.00.00,15.0,1021.0,52.0,776.0,94.0,1144.0,87.0,1307.0,753.0,94.0,534.0,6300.0
27/03/2004,01.00.00,1.0,940.0,32.0,664.0,70.0,1290.0,79.0,1232.0,646.0,86.0,578.0,6488.0
27/03/2004,02.00.00,12.0,1046.0,45.0,736.0,75.0,1142.0,78.0,1312.0,838.0,81.0,621.0,6746.0
27/03/2004,03.00.00,11.0,1026.0,38.0,699.0,66.0,1191.0,70.5,1292.0,851.0,79.0,635.0,6777.0
27/03/2004,04.00.00,9.5,983.0,38.0,698.0,57.0,1209.0,63.0,1296.0,801.0,74.0,648.0,6683.0
27/03/2004,05.00.00,8.0,915.0,19.0,578.0,32.0,1417.0,48.0,1212.0,665.0,82.0,589.0,6444.0
27/03/2004,06.00.00,9.0,935.0,24.0,615.0,54.0,1373.0,59.0,1250.0,717.0,63.0,666.0,6410.0
27/03/2004,07.00.00,11.0,976.0,33.0,669.0,68.0,1270.0,65.0,1266.0,795.0,72.0,629.0,6396.0
27/03/2004,08.00.00,15.0,1124.0,67.0,842.0,98.0,1050.0,71.0,1418.0,936.0,72.0,639.0,6500.0
27/03/2004,09.00.00,18.0,1163.0,85.0,919.0,128.0,922.0,84.0,1530.0,1076.0,111.0,505.0,6654.0
27/03/2004,10.00.00,21.0,1167.0,97.0,966.0,129.0,942.0,93.0,1520.0,1016.0,155.0,361.0,6313.0
27/03/2004,11.00.00,21.0,1121.0,94.0,955.0,130.0,992.0,99.0,1451.0,834.0,178.0,292.0,5920.0
27/03/2004,12.00.00,19.0,1071.0,90.0,940.0,111.0,994.0,93.0,1449.0,756.0,176.0,301.0,6013.0
27/03/2004,13.00.00,21.0,1065.0,100.0,979.0,106.0,950.0,96.0,1467.0,766.0,191.0,268.0,5861.0
27/03/2004,14.00.00,25.0,1157.0,126.0,1072.0,137.0,888.0,114.0,1596.0,905.0,177.0,286.0,5735.0
27/03/2004,15.00.00,19.0,1046.0,76.0,883.0,113.0,1051.0,101.0,1357.0,765.0,178.0,284.0,5737.0
27/03/2004,16.00.00,22.0,1147.0,118.0,1042.0,122.0,934.0,108.0,1538.0,830.0,187.0,260.0,5555.0
27/03/2004,17.00.00,23.0,1119.0,112.0,1022.0,137.0,916.0,117.0,1508.0,853.0,171.0,313.0,6038.0
27/03/2004,18.00.00,27.0,1210.0,124.0,1062.0,165.0,886.0,125.0,1586.0,981.0,158.0,361.0,6440.0
27/03/2004,19.00.00,3.0,1306.0,129.0,1079.0,196.0,827.0,133.0,1621.0,1286.0,147.0,401.0,6657.0
27/03/2004,20.00.00,28.0,1258.0,122.0,1057.0,174.0,841.0,119.0,1633.0,1244.0,136.0,449.0,6991.0
27/03/2004,21.00.00,22.0,1148.0,88.0,930.0,140.0,948.0,107.0,1475.0,1056.0,125.0,481.0,6946.0
27/03/2004,22.00.00,16.0,1108.0,68.0,848.0,102.0,1023.0,96.0,1421.0,1003.0,118.0,508.0,7042.0
27/03/2004,23.00.00,21.0,1231.0,86.0,924.0,130.0,906.0,105.0,1483.0,1245.0,109.0,561.0,7326.0
28/03/2004,00.00.00,23.0,1293.0,89.0,937.0,121.0,930.0,102.0,1464.0,1200.0,109.0,559.0,7277.0
28/03/2004,01.00.00,23.0,1274.0,83.0,912.0,111.0,939.0,97.0,1451.0,1188.0,103.0,581.0,7278.0
28/03/2004,02.00.00,17.0,1135.0,63.0,827.0,87.0,1013.0,79.0,1395.0,1070.0,93.0,622.0,7294.0
28/03/2004,03.00.00,22.0,1151.0,83.0,911.0,82.0,935.0,74.0,1501.0,1075.0,82.0,667.0,7276.0
28/03/2004,04.00.00,13.0,1010.0,51.0,769.0,77.0,1110.0,69.0,1396.0,895.0,83.0,649.0,7124.0
28/03/2004,05.00.00,8.0,870.0,26.0,626.0,39.0,1325.0,52.0,1284.0,755.0,96.0,585.0,7000.0
28/03/2004,06.00.00,11.0,983.0,36.0,688.0,77.0,1251.0,62.0,1342.0,806.0,77.0,664.0,6990.0
28/03/2004,07.00.00,14.0,995.0,36.0,691.0,91.0,1219.0,69.0,1321.0,836.0,74.0,680.0,7043.0
28/03/2004,08.00.00,13.0,1024.0,47.0,747.0,105.0,1136.0,75.0,1382.0,897.0,97.0,586.0,7035.0
28/03/2004,09.00.00,19.0,1163.0,75.0,880.0,133.0,959.0,83.0,1486.0,1073.0,125.0,501.0,7242.0
28/03/2004,10.00.00,23.0,1218.0,90.0,938.0,128.0,918.0,94.0,1501.0,1088.0,168.0,369.0,7018.0
28/03/2004,11.00.00,23.0,1210.0,95.0,958.0,126.0,933.0,96.0,1514.0,1036.0,192.0,313.0,6887.0
28/03/2004,12.00.00,18.0,1114.0,77.0,887.0,92.0,1020.0,86.0,1438.0,768.0,213.0,264.0,6607.0
28/03/2004,13.00.00,14.0,995.0,57.0,796.0,66.0,1159.0,72.0,1287.0,587.0,212.0,231.0,5768.0
28/03/2004,14.00.00,1.0,927.0,38.0,700.0,50.0,1285.0,53.0,1189.0,452.0,186.0,250.0,5319.0
28/03/2004,15.00.00,14.0,1002.0,48.0,754.0,70.0,1189.0,65.0,1260.0,470.0,180.0,273.0,5594.0
28/03/2004,16.00.00,13.0,987.0,43.0,727.0,73.0,1213.0,70.0,1244.0,502.0,182.0,283.0,5848.0
28/03/2004,17.00.00,13.0,993.0,41.0,714.0,77.0,1217.0,75.0,1238.0,516.0,170.0,314.0,6048.0
28/03/2004,18.00.00,14.0,1012.0,47.0,746.0,86.0,1174.0,86.0,1301.0,555.0,156.0,350.0,6170.0
28/03/2004,19.00.00,19.0,1114.0,62.0,823.0,93.0,1068.0,94.0,1357.0,671.0,141.0,402.0,6438.0
28/03/2004,20.00.00,18.0,1093.0,55.0,789.0,105.0,1102.0,103.0,1329.0,788.0,134.0,432.0,6623.0
28/03/2004,21.00.00,11.0,968.0,33.0,669.0,67.0,1261.0,81.0,1246.0,538.0,123.0,468.0,6686.0
28/03/2004,22.00.00,11.0,960.0,32.0,666.0,63.0,1266.0,80.0,1224.0,544.0,119.0,465.0,6449.0
28/03/2004,23.00.00,11.0,942.0,29.0,648.0,63.0,1300.0,77.0,1204.0,500.0,115.0,466.0,6319.0
29/03/2004,00.00.00,9.0,888.0,22.0,598.0,46.0,1396.0,58.0,1156.0,417.0,106.0,480.0,6135.0
29/03/2004,01.00.00,6.0,818.0,13.0,524.0,21.0,1588.0,31.0,1071.0,341.0,107.0,458.0,5895.0
29/03/2004,02.00.00,5.0,840.0,11.0,509.0,22.0,1643.0,38.0,1076.0,352.0,104.0,466.0,5901.0
29/03/2004,03.00.00,7.0,894.0,13.0,524.0,30.5,1557.0,48.5,1095.0,397.0,101.0,478.0,5913.0
29/03/2004,04.00.00,6.0,864.0,12.0,516.0,39.0,1496.0,59.0,1153.0,502.0,113.0,469.0,6280.0
29/03/2004,05.00.00,7.0,898.0,17.0,559.0,55.0,1441.0,70.0,1180.0,648.0,101.0,512.0,6341.0
29/03/2004,06.00.00,9.0,946.0,29.0,643.0,76.0,1309.0,75.0,1232.0,760.0,99.0,507.0,6167.0
29/03/2004,07.00.00,29.0,1309.0,143.0,1125.0,181.0,844.0,103.0,1687.0,1183.0,81.0,568.0,6150.0
29/03/2004,08.00.00,41.0,1326.0,197.0,1289.0,259.0,714.0,134.0,1806.0,1431.0,109.0,441.0,5748.0
29/03/2004,09.00.00,15.0,966.0,55.0,786.0,118.0,1111.0,98.0,1258.0,705.0,118.0,376.0,5184.0
29/03/2004,10.00.00,15.0,975.0,56.0,793.0,119.0,1133.0,97.0,1254.0,637.0,139.0,332.0,5222.0
29/03/2004,11.00.00,15.0,988.0,58.0,803.0,123.0,1105.0,98.0,1293.0,658.0,156.0,301.0,5285.0
29/03/2004,12.00.00,14.0,971.0,55.0,786.0,92.0,1129.0,78.0,1272.0,546.0,165.0,290.0,5406.0
29/03/2004,13.00.00,16.0,1010.0,65.0,833.0,91.0,1070.0,83.0,1332.0,561.0,175.0,279.0,5517.0
29/03/2004,14.00.00,15.0,984.0,55.0,790.0,103.0,1131.0,92.0,1268.0,532.0,179.0,268.0,5446.0
29/03/2004,15.00.00,14.0,962.0,52.0,776.0,102.0,1131.0,81.0,1247.0,535.0,182.0,261.0,5387.0
29/03/2004,16.00.00,15.0,1012.0,58.0,801.0,94.0,1098.0,90.0,1289.0,525.0,180.0,271.0,5522.0
29/03/2004,17.00.00,19.0,1058.0,79.0,896.0,98.0,996.0,95.0,1358.0,603.0,170.0,289.0,5558.0
29/03/2004,18.00.00,25.0,1173.0,102.0,985.0,126.0,905.0,114.0,1477.0,802.0,161.0,313.0,5680.0
29/03/2004,19.00.00,21.0,1127.0,82.0,907.0,108.0,957.0,106.0,1404.0,796.0,145.0,354.0,5839.0
29/03/2004,20.00.00,16.0,1020.0,57.0,797.0,95.0,1066.0,99.0,1302.0,689.0,132.0,379.0,5733.0
29/03/2004,21.00.00,12.0,949.0,38.0,700.0,78.0,1221.0,90.0,1178.0,553.0,131.0,344.0,5170.0
29/03/2004,22.00.00,11.0,930.0,40.0,710.0,61.0,1278.0,82.0,1137.0,509.0,135.0,285.0,4405.0
29/03/2004,23.00.00,1.0,900.0,28.0,643.0,55.0,1339.0,74.0,1089.0,455.0,124.0,319.0,4583.0
30/03/2004,00.00.00,1.0,899.0,26.0,630.0,57.0,1418.0,76.0,1050.0,425.0,131.0,268.0,4023.0
30/03/2004,01.00.00,7.0,866.0,18.0,569.0,41.0,1468.0,66.0,1055.0,436.0,116.0,336.0,4595.0
30/03/2004,02.00.00,7.0,900.0,17.0,563.0,46.0,1402.0,73.0,1130.0,618.0,105.0,429.0,5442.0
30/03/2004,03.00.00,8.0,949.0,14.0,540.0,43.5,1457.0,71.0,1104.0,747.0,117.0,387.0,5298.0
30/03/2004,04.00.00,7.5,897.0,13.0,529.0,41.0,1462.0,69.0,1101.0,693.0,122.0,372.0,5277.0
30/03/2004,05.00.00,7.0,956.0,23.0,605.0,52.0,1341.0,71.0,1117.0,691.0,129.0,339.0,5037.0
30/03/2004,06.00.00,11.0,1054.0,53.0,779.0,111.0,1080.0,98.0,1266.0,1013.0,113.0,403.0,5376.0
30/03/2004,07.00.00,26.0,1343.0,134.0,1096.0,191.0,839.0,115.0,1587.0,1311.0,119.0,384.0,5341.0
30/03/2004,08.00.00,4.0,1584.0,238.0,1399.0,244.0,642.0,130.0,1947.0,1675.0,133.0,356.0,5416.0
30/03/2004,09.00.00,42.0,1556.0,215.0,1337.0,283.0,674.0,150.0,1852.0,1689.0,163.0,288.0,5305.0
30/03/2004,10.00.00,47.0,1565.0,210.0,1324.0,320.0,695.0,159.0,1872.0,1688.0,179.0,282.0,5741.0
30/03/2004,11.00.00,39.0,1429.0,184.0,1251.0,249.0,734.0,146.0,1754.0,1548.0,183.0,266.0,5529.0
30/03/2004,12.00.00,37.0,1419.0,189.0,1267.0,219.0,742.0,138.0,1763.0,1490.0,208.0,225.0,5463.0
30/03/2004,13.00.00,34.0,1373.0,171.0,1213.0,200.0,791.0,128.0,1711.0,1354.0,224.0,200.0,5352.0
30/03/2004,14.00.00,22.0,1185.0,104.0,992.0,138.0,942.0,97.0,1448.0,1014.0,209.0,217.0,5295.0
30/03/2004,15.00.00,19.0,1122.0,80.0,897.0,118.0,991.0,91.0,1372.0,831.0,191.0,265.0,5790.0
30/03/2004,16.00.00,16.0,1085.0,62.0,820.0,99.0,1060.0,81.0,1325.0,699.0,181.0,306.0,6295.0
30/03/2004,17.00.00,21.0,1249.0,97.0,968.0,112.0,874.0,99.0,1527.0,926.0,173.0,347.0,6788.0
30/03/2004,18.00.00,22.0,1236.0,96.0,962.0,117.0,853.0,101.0,1532.0,928.0,158.0,404.0,7228.0
30/03/2004,19.00.00,27.0,1334.0,119.0,1047.0,129.0,815.0,106.0,1638.0,1038.0,159.0,420.0,7541.0
30/03/2004,20.00.00,24.0,1264.0,87.0,928.0,132.0,884.0,102.0,1534.0,1035.0,159.0,435.0,7790.0
30/03/2004,21.00.00,13.0,1073.0,47.0,746.0,73.0,1072.0,84.0,1360.0,789.0,150.0,461.0,7833.0
30/03/2004,22.00.00,12.0,1053.0,38.0,701.0,68.0,1147.0,81.0,1323.0,692.0,151.0,446.0,7574.0
30/03/2004,23.00.00,15.0,1098.0,47.0,747.0,80.0,1094.0,91.0,1360.0,764.0,149.0,435.0,7302.0
31/03/2004,00.00.00,13.0,1029.0,38.0,702.0,68.0,1180.0,82.0,1287.0,639.0,148.0,410.0,6850.0
31/03/2004,01.00.00,1.0,973.0,27.0,631.0,44.0,1287.0,64.0,1240.0,541.0,148.0,408.0,6814.0
31/03/2004,02.00.00,9.0,972.0,28.0,639.0,47.0,1222.0,70.0,1256.0,678.0,148.0,408.0,6834.0
31/03/2004,03.00.00,5.0,832.0,10.0,496.0,31.0,1613.0,48.0,1066.0,381.0,142.0,361.0,5823.0
31/03/2004,04.00.00,5.0,851.0,8.0,477.0,15.0,1699.0,26.0,1064.0,343.0,145.0,361.0,5928.0
31/03/2004,05.00.00,6.0,909.0,15.0,545.0,44.0,1473.0,58.0,1131.0,436.0,146.0,360.0,5947.0
31/03/2004,06.00.00,1.0,1038.0,35.0,684.0,85.0,1220.0,93.0,1279.0,688.0,144.0,385.0,6291.0
31/03/2004,07.00.00,31.0,1636.0,156.0,1168.0,207.0,721.0,110.0,1926.0,1438.0,138.0,582.0,9129.0
31/03/2004,08.00.00,41.0,1580.0,199.0,1295.0,230.0,639.0,115.0,1957.0,1489.0,132.0,611.0,9256.0
31/03/2004,09.00.00,22.0,1262.0,86.0,924.0,181.0,872.0,125.0,1576.0,1093.0,104.0,744.0,9384.0
31/03/2004,10.00.00,17.0,1197.0,65.0,837.0,144.0,957.0,118.0,1498.0,965.0,115.0,710.0,9582.0
31/03/2004,11.00.00,19.0,1277.0,77.0,886.0,140.0,902.0,109.0,1579.0,1004.0,122.0,700.0,9924.0
31/03/2004,12.00.00,29.0,1430.0,113.0,1025.0,204.0,779.0,123.0,1772.0,1166.0,123.0,733.0,10442.0
31/03/2004,13.00.00,22.0,1242.0,91.0,944.0,149.0,846.0,114.0,1638.0,991.0,113.0,781.0,10411.0
31/03/2004,14.00.00,26.0,1349.0,112.0,1023.0,171.0,804.0,114.0,1748.0,1054.0,136.0,692.0,10746.0
31/03/2004,15.00.00,31.0,1390.0,135.0,1100.0,195.0,755.0,119.0,1799.0,1192.0,149.0,593.0,9974.0
31/03/2004,16.00.00,23.0,1224.0,101.0,980.0,152.0,850.0,111.0,1637.0,1055.0,157.0,509.0,8997.0
31/03/2004,17.00.00,24.0,1253.0,113.0,1026.0,128.0,810.0,103.0,1681.0,1048.0,152.0,529.0,9087.0
31/03/2004,18.00.00,28.0,1312.0,118.0,1041.0,121.0,821.0,103.0,1712.0,1073.0,155.0,508.0,8881.0
31/03/2004,19.00.00,27.0,1254.0,115.0,1033.0,142.0,819.0,107.0,1669.0,1068.0,143.0,529.0,8581.0
31/03/2004,20.00.00,23.0,1198.0,93.0,953.0,131.0,882.0,105.0,1588.0,1019.0,132.0,560.0,8446.0
31/03/2004,21.00.00,15.0,1060.0,55.0,787.0,81.0,1044.0,91.0,1418.0,833.0,126.0,570.0,8315.0
31/03/2004,22.00.00,14.0,1050.0,51.0,769.0,60.0,1078.0,79.0,1409.0,759.0,123.0,578.0,8224.0
31/03/2004,23.00.00,12.0,1029.0,48.0,754.0,57.0,1098.0,79.0,1395.0,749.0,120.0,584.0,8164.0
01/04/2004,00.00.00,16.0,1143.0,63.0,825.0,96.0,986.0,86.0,1477.0,978.0,120.0,616.0,8593.0
01/04/2004,01.00.00,12.0,1044.0,51.0,770.0,85.0,1031.0,70.0,1425.0,944.0,115.0,639.0,8652.0
01/04/2004,02.00.00,11.0,1034.0,41.0,716.0,50.0,1085.0,55.0,1405.0,891.0,107.0,672.0,8630.0
01/04/2004,03.00.00,9.0,956.0,40.0,713.0,53.5,1099.0,52.0,1422.0,849.0,90.0,731.0,8394.0
01/04/2004,04.00.00,7.0,909.0,24.0,615.0,57.0,1237.0,49.0,1322.0,790.0,102.0,666.0,8299.0
01/04/2004,05.00.00,9.0,996.0,29.0,648.0,64.0,1176.0,50.0,1340.0,852.0,110.0,637.0,8325.0
01/04/2004,06.00.00,17.0,1154.0,74.0,876.0,153.0,1002.0,67.0,1561.0,987.0,96.0,688.0,8243.0
01/04/2004,07.00.00,42.0,1510.0,198.0,1291.0,342.0,675.0,94.0,1949.0,1435.0,95.0,696.0,8273.0
01/04/2004,08.00.00,62.0,1722.0,319.0,1595.0,378.0,539.0,119.0,2439.0,1798.0,119.0,609.0,8455.0
01/04/2004,09.00.00,46.0,1512.0,210.0,1323.0,304.0,631.0,139.0,2001.0,1677.0,162.0,486.0,8892.0
01/04/2004,10.00.00,28.0,1258.0,117.0,1040.0,192.0,800.0,113.0,1701.0,1282.0,192.0,396.0,8693.0
01/04/2004,11.00.00,16.0,1094.0,68.0,850.0,130.0,970.0,88.0,1489.0,871.0,197.0,384.0,8743.0
01/04/2004,12.00.00,17.0,1129.0,74.0,875.0,106.0,974.0,73.0,1524.0,759.0,206.0,367.0,8797.0
01/04/2004,13.00.00,17.0,1125.0,86.0,924.0,102.0,937.0,73.0,1542.0,790.0,218.0,339.0,8771.0
01/04/2004,14.00.00,17.0,1170.75,105.5,991.25,99.0,901.0,72.0,1454.75,889.25,222.5,323.0,8556.5
01/04/2004,15.00.00,19.0,1216.5,125.0,1058.5,108.0,865.0,81.0,1367.5,988.5,227.0,307.0,8342.0
01/04/2004,16.00.00,23.0,1262.25,144.5,1125.75,131.0,829.0,93.0,1280.25,1087.75,231.5,291.0,8127.5
01/04/2004,17.00.00,33.0,1308.0,164.0,1193.0,163.0,793.0,106.0,1193.0,1187.0,236.0,275.0,7913.0
01/04/2004,18.00.00,42.0,1529.0,212.0,1331.0,211.0,700.0,132.0,2028.0,1399.0,228.0,321.0,8814.0
01/04/2004,19.00.00,55.0,1592.0,250.0,1429.0,267.0,624.0,164.0,2089.0,1644.0,208.0,367.0,8878.0
01/04/2004,20.00.00,49.0,1536.0,202.0,1302.0,269.0,666.0,161.0,1922.0,1599.0,183.0,409.0,8493.0
01/04/2004,21.00.00,25.0,1192.0,108.0,1007.0,154.0,827.0,124.0,1604.0,1223.0,168.0,440.0,8341.0
01/04/2004,22.00.00,2.0,1186.0,99.0,976.0,127.0,844.0,113.0,1570.0,1200.0,158.0,480.0,8569.0
01/04/2004,23.00.00,2.0,1203.0,85.0,920.0,122.0,898.0,103.0,1529.0,1118.0,149.0,520.0,8757.0
02/04/2004,00.00.00,2.0,1139.0,80.0,899.0,126.0,921.0,104.0,1514.0,1067.0,141.0,544.0,8701.0
02/04/2004,01.00.00,13.0,1072.0,56.0,795.0,84.0,986.0,93.0,1442.0,1048.0,133.0,588.0,8922.0
02/04/2004,02.00.00,1.0,954.0,32.0,667.0,58.0,1180.0,60.0,1350.0,718.0,133.0,609.0,9229.0
02/04/2004,03.00.00,9.0,951.0,33.0,673.0,47.5,1137.0,56.0,1381.0,797.0,118.0,643.0,8869.0
02/04/2004,04.00.00,8.0,926.0,28.0,638.0,37.0,1195.0,52.0,1342.0,749.0,112.0,659.0,8775.0
02/04/2004,05.00.00,7.0,968.0,26.0,628.0,56.0,1197.0,66.0,1372.0,737.0,113.0,729.0,9738.0
02/04/2004,06.00.00,11.0,1067.0,43.0,727.0,91.0,1055.0,82.0,1448.0,903.0,114.0,718.0,9671.0
02/04/2004,07.00.00,26.0,1386.0,130.0,1083.0,159.0,798.0,109.0,1833.0,1159.0,119.0,737.0,10254.0
02/04/2004,08.00.00,39.0,1474.0,203.0,1306.0,190.0,634.0,114.0,2060.0,1365.0,126.0,702.0,10221.0
02/04/2004,09.00.00,5.0,1569.0,207.0,1316.0,249.0,634.0,139.0,2054.0,1510.0,136.0,653.0,10136.0
02/04/2004,10.00.00,33.0,1375.0,159.0,1177.0,196.0,706.0,127.0,1898.0,1386.0,169.0,523.0,10013.0
02/04/2004,11.00.00,29.0,1328.0,142.0,1123.0,180.0,738.0,127.0,1821.0,1368.0,194.0,441.0,9855.0
02/04/2004,12.00.00,31.0,1341.0,159.0,1176.0,167.0,748.0,135.0,1825.0,1347.0,229.0,338.0,9322.0
02/04/2004,13.00.00,3.0,1297.0,161.0,1183.0,159.0,765.0,130.0,1773.0,1242.0,236.0,313.0,9001.0
02/04/2004,14.00.00,27.0,1303.0,147.0,1139.0,152.0,790.0,126.0,1761.0,1138.0,247.0,305.0,9371.0
02/04/2004,15.00.00,27.0,1281.0,140.0,1116.0,149.0,809.0,121.0,1703.0,1080.0,261.0,273.0,9101.0
02/04/2004,16.00.00,26.0,1248.0,136.0,1103.0,143.0,872.0,122.0,1632.0,1002.0,276.0,228.0,8288.0
02/04/2004,17.00.00,37.0,1382.0,197.0,1288.0,185.0,778.0,138.0,1799.0,1212.0,269.0,223.0,7792.0
02/04/2004,18.00.00,45.0,1491.0,233.0,1385.0,223.0,685.0,165.0,1915.0,1486.0,243.0,301.0,9012.0
02/04/2004,19.00.00,47.0,1620.0,241.0,1407.0,215.0,641.0,154.0,2052.0,1567.0,212.0,401.0,9978.0
02/04/2004,20.00.00,55.0,1693.0,254.0,1439.0,271.0,618.0,168.0,2083.0,1723.0,194.0,425.0,9483.0
02/04/2004,21.00.00,3.0,1374.0,141.0,1121.0,180.0,771.0,146.0,1685.0,1399.0,185.0,430.0,9074.0
02/04/2004,22.00.00,19.0,1287.0,101.0,982.0,115.0,841.0,124.0,1582.0,1291.0,178.0,470.0,9467.0
02/04/2004,23.00.00,23.0,1408.0,121.0,1052.0,149.0,761.0,124.0,1684.0,1443.0,168.0,532.0,10100.0
03/04/2004,00.00.00,16.0,1254.0,90.0,941.0,98.0,828.0,106.0,1566.0,1270.0,171.0,518.0,9990.0
03/04/2004,01.00.00,13.0,1141.0,63.0,827.0,73.0,936.0,88.0,1488.0,1110.0,162.0,542.0,9933.0
03/04/2004,02.00.00,12.0,1141.0,53.0,777.0,69.0,986.0,83.0,1455.0,1060.0,151.0,582.0,9886.0
03/04/2004,03.00.00,9.0,1042.0,38.0,697.0,64.5,1056.0,78.5,1410.0,965.0,151.0,576.0,9796.0
03/04/2004,04.00.00,8.0,986.0,30.0,651.0,60.0,1145.0,74.0,1380.0,891.0,145.0,580.0,9488.0
03/04/2004,05.00.00,8.0,1005.0,33.0,673.0,56.0,1103.0,64.0,1387.0,905.0,137.0,616.0,9631.0
03/04/2004,06.00.00,9.0,1041.0,35.0,683.0,73.0,1112.0,69.0,1398.0,899.0,139.0,596.0,9408.0
03/04/2004,07.00.00,2.0,1272.0,95.0,959.0,159.0,846.0,91.0,1660.0,1136.0,133.0,617.0,9399.0
03/04/2004,08.00.00,3.0,1436.0,152.0,1154.0,203.0,704.0,96.0,1872.0,1391.0,151.0,558.0,9486.0
03/04/2004,09.00.00,31.0,1472.0,143.0,1126.0,211.0,720.0,106.0,1816.0,1460.0,170.0,505.0,9684.0
03/04/2004,10.00.00,31.0,1418.0,112.0,1023.0,211.51020408163265,785.0,106.36734693877551,1720.0,1410.0,197.0,433.0,9837.0
03/04/2004,11.00.00,31.0,1410.0,114.0,1030.0,212.0204081632653,781.0,106.73469387755102,1743.0,1372.0,207.0,417.0,10092.0
03/04/2004,12.00.00,31.0,1438.0,134.0,1096.0,212.53061224489795,781.0,107.10204081632654,1779.0,1266.0,233.0,358.0,10098.0
03/04/2004,13.00.00,31.0,1278.0,106.0,1000.0,213.0408163265306,866.0,107.46938775510205,1621.0,1014.0,238.0,305.0,8897.0
03/04/2004,14.00.00,31.0,1257.0,108.0,1006.0,213.55102040816325,915.0,107.83673469387755,1573.0,870.0,248.0,270.0,8325.0
03/04/2004,15.00.00,31.0,1331.0,119.0,1046.0,214.0612244897959,882.0,108.20408163265306,1635.0,905.0,250.0,275.0,8575.0
03/04/2004,16.00.00,31.0,1361.0,135.0,1102.0,214.57142857142858,834.0,108.57142857142857,1704.0,991.0,258.0,265.0,8675.0
03/04/2004,17.00.00,31.0,1398.0,152.0,1156.0,215.08163265306123,812.0,108.93877551020408,1722.0,1076.0,251.0,271.0,8496.0
03/04/2004,18.00.00,31.0,1483.0,171.0,1213.0,215.59183673469389,764.0,109.3061224489796,1798.0,1249.0,237.0,286.0,8273.0
03/04/2004,19.00.00,31.0,1697.0,267.0,1471.0,216.10204081632654,625.0,109.6734693877551,2153.0,1548.0,221.0,368.0,9681.0
03/04/2004,20.00.00,31.0,1459.0,142.0,1124.0,216.6122448979592,736.0,110.04081632653062,1823.0,1300.0,199.0,475.0,10912.0
03/04/2004,21.00.00,31.0,1268.0,85.0,918.0,217.12244897959184,873.0,110.40816326530613,1602.0,1029.0,187.0,504.0,10772.0
03/04/2004,22.00.00,31.0,1469.0,143.0,1128.0,217.6326530612245,762.0,110.77551020408163,1870.0,1207.0,181.0,513.0,10587.0
03/04/2004,23.00.00,31.0,1316.0,93.0,952.0,218.14285714285714,847.0,111.14285714285714,1644.0,1047.0,175.0,538.0,10648.0
04/04/2004,00.00.00,31.0,1224.0,78.0,892.0,218.6530612244898,884.0,111.51020408163265,1580.0,923.0,167.0,565.0,10634.0
04/04/2004,01.00.00,31.0,1215.0,67.0,843.0,219.16326530612244,929.0,111.87755102040816,1551.0,862.0,159.0,592.0,10635.0
04/04/2004,02.00.00,31.0,1115.0,54.0,782.0,219.6734693877551,980.0,112.24489795918367,1500.0,752.0,152.0,624.0,10726.0
04/04/2004,03.00.00,31.0,1124.0,56.0,793.0,220.18367346938777,965.0,112.61224489795919,1521.0,791.0,147.0,650.0,10766.0
04/04/2004,04.00.00,31.0,1028.0,35.0,682.0,220.69387755102042,1090.0,112.9795918367347,1448.0,697.0,143.0,653.0,10594.0
04/04/2004,05.00.00,31.0,1010.0,30.0,650.0,221.20408163265307,1171.0,113.34693877551021,1434.0,664.0,137.0,665.0,10393.0
04/04/2004,06.00.00,31.0,1074.0,44.0,731.0,221.71428571428572,1020.0,113.71428571428571,1488.0,891.0,129.0,691.0,10264.0
04/04/2004,07.00.00,31.0,1034.0,35.0,684.0,222.22448979591837,1110.0,114.08163265306122,1423.0,813.0,137.0,648.0,10135.0
04/04/2004,08.00.00,31.0,1130.0,42.0,720.0,222.73469387755102,1063.0,114.44897959183673,1461.0,828.0,153.0,590.0,10181.0
04/04/2004,09.00.00,31.0,1275.0,80.0,900.0,223.24489795918367,868.0,114.81632653061224,1634.0,1057.0,181.0,498.0,10272.0
04/04/2004,10.00.00,31.0,1324.0,90.0,939.0,223.75510204081633,846.0,115.18367346938776,1658.0,1011.0,215.0,407.0,10301.0
04/04/2004,11.00.00,31.0,1268.0,81.0,902.0,224.26530612244898,906.0,115.55102040816327,1589.0,932.0,233.0,371.0,10457.0
04/04/2004,12.00.00,31.0,1272.0,86.0,924.0,224.77551020408163,895.0,115.91836734693878,1603.0,881.0,251.0,338.0,10594.0
04/04/2004,13.00.00,31.0,1160.0,71.0,860.0,225.28571428571428,969.0,116.28571428571429,1531.0,646.0,256.0,321.0,10393.0
04/04/2004,14.00.00,31.0,1136.0,56.0,792.0,225.79591836734693,1057.0,116.65306122448979,1476.0,536.0,258.0,311.0,10143.0
04/04/2004,15.00.00,31.0,1296.0,100.0,977.0,226.30612244897958,863.0,117.0204081632653,1642.0,746.0,261.0,308.0,10253.0
04/04/2004,16.00.00,31.0,1345.0,105.0,996.0,226.81632653061226,841.0,117.38775510204081,1678.0,833.0,244.0,360.0,10850.0
04/04/2004,17.00.00,31.0,1296.0,101.0,983.0,227.3265306122449,845.0,117.75510204081633,1626.0,802.0,230.0,362.0,10053.0
04/04/2004,18.00.00,31.0,1258.0,100.0,977.0,227.83673469387756,838.0,118.12244897959184,1636.0,838.0,221.0,393.0,10336.0
04/04/2004,19.00.00,31.0,1420.0,130.0,1085.0,228.3469387755102,755.0,118.48979591836735,1756.0,1051.0,198.0,446.0,10208.0
04/04/2004,20.00.00,31.0,1366.0,105.0,997.0,228.85714285714286,830.0,118.85714285714286,1673.0,1041.0,185.0,489.0,10323.0
04/04/2004,21.00.00,31.0,1113.0,52.0,772.0,229.3673469387755,989.0,119.22448979591837,1493.0,646.0,166.0,561.0,10481.0
04/04/2004,22.00.00,31.0,1196.0,69.0,853.0,229.87755102040816,909.0,119.59183673469389,1556.0,769.0,158.0,588.0,10464.0
04/04/2004,23.00.00,31.0,1188.0,64.0,829.0,230.3877551020408,930.0,119.95918367346938,1540.0,785.0,153.0,608.0,10501.0
05/04/2004,00.00.00,31.0,1102.0,47.0,750.0,230.89795918367346,1007.0,120.3265306122449,1470.0,613.0,147.0,644.0,10717.0
05/04/2004,01.00.00,31.0,969.0,24.0,611.0,231.40816326530611,1239.0,120.6938775510204,1330.0,430.0,148.0,633.0,10584.0
05/04/2004,02.00.00,31.0,983.0,22.0,600.0,231.91836734693877,1233.0,121.06122448979592,1375.0,485.0,150.0,615.0,10418.0
05/04/2004,03.00.00,31.0,876.0,11.0,505.0,232.42857142857144,1456.0,121.42857142857143,1294.0,467.0,155.0,569.0,9961.0
05/04/2004,04.00.00,31.0,884.0,9.0,489.0,232.9387755102041,1536.0,121.79591836734694,1278.0,436.0,160.0,540.0,9742.0
05/04/2004,05.00.00,31.0,1024.0,31.0,658.0,233.44897959183675,1175.0,122.16326530612245,1417.0,682.0,135.0,639.0,9809.0
05/04/2004,06.00.00,31.0,1126.0,62.0,822.0,233.9591836734694,945.0,122.53061224489795,1541.0,927.0,129.0,653.0,9688.0
05/04/2004,07.00.00,31.0,1415.0,132.0,1089.0,234.46938775510205,767.0,122.89795918367346,1795.0,1192.0,134.0,625.0,9582.0
05/04/2004,08.00.00,31.0,1631.0,258.0,1449.0,234.9795918367347,570.0,123.26530612244898,2299.0,1615.0,145.0,588.0,9630.0
05/04/2004,09.00.00,31.0,1499.0,182.0,1247.0,235.48979591836735,647.0,123.63265306122449,1972.0,1505.0,153.0,567.0,9773.0
05/04/2004,10.00.00,31.0,1461.0,143.0,1127.0,236.0,703.0,124.0,1836.0,1451.0,156.0,574.0,10075.0
05/04/2004,11.00.00,3.0,1430.0,137.0,1107.0,228.0,713.0,121.0,1853.0,1409.0,166.0,552.0,10382.0
05/04/2004,12.00.00,32.0,1498.0,157.0,1171.0,206.0,684.0,114.0,1942.0,1434.0,170.0,543.0,10434.0
05/04/2004,13.00.00,31.0,1454.0,154.0,1162.0,188.0,682.0,114.0,1915.0,1457.0,180.0,515.0,10552.0
05/04/2004,14.00.00,25.0,1402.0,126.0,1069.0,158.0,733.0,106.0,1793.0,1325.0,195.0,475.0,10653.0
05/04/2004,15.00.00,21.0,1327.0,98.0,971.0,124.0,803.0,89.0,1705.0,1120.0,216.0,417.0,10606.0
05/04/2004,16.00.00,2.0,1273.0,96.0,963.0,98.0,832.0,82.0,1662.0,931.0,222.0,383.0,10106.0
05/04/2004,17.00.00,32.0,1457.0,163.0,1190.0,160.0,678.0,111.0,1877.0,1212.0,203.0,428.0,10053.0
05/04/2004,18.00.00,41.0,1543.0,198.0,1290.0,194.0,631.0,132.0,2011.0,1353.0,197.0,454.0,10312.0
05/04/2004,19.00.00,39.0,1499.0,180.0,1239.0,174.0,651.0,121.0,1957.0,1359.0,188.0,475.0,10199.0
05/04/2004,20.00.00,31.0,1378.0,136.0,1102.0,157.0,742.0,116.0,1796.0,1273.0,179.0,494.0,10064.0
05/04/2004,21.00.00,2.0,1243.0,87.0,928.0,109.0,852.0,100.0,1622.0,1079.0,175.0,509.0,10090.0
05/04/2004,22.00.00,17.0,1196.0,77.0,885.0,85.0,884.0,89.0,1589.0,973.0,174.0,518.0,10230.0
05/04/2004,23.00.00,16.0,1137.0,73.0,869.0,90.0,890.0,92.0,1554.0,951.0,170.0,539.0,10363.0
06/04/2004,00.00.00,1.0,1015.0,41.0,718.0,61.0,1065.0,71.0,1428.0,714.0,166.0,554.0,10408.0
06/04/2004,01.00.00,8.0,978.0,27.0,635.0,36.0,1188.0,51.0,1382.0,579.0,159.0,570.0,10224.0
06/04/2004,02.00.00,5.0,933.0,15.0,547.0,25.0,1357.0,39.0,1336.0,542.0,150.0,592.0,10059.0
06/04/2004,03.00.00,5.0,927.0,19.0,579.0,24.5,1267.0,37.0,1370.0,562.0,145.0,614.0,10041.0
06/04/2004,04.00.00,5.0,908.0,18.0,569.0,24.0,1303.0,35.0,1360.0,526.0,141.0,616.0,9883.0
06/04/2004,05.00.00,8.0,980.0,34.0,677.0,73.0,1141.0,64.0,1435.0,659.0,146.0,588.0,9711.0
06/04/2004,06.00.00,17.0,1236.0,85.0,920.0,164.0,880.0,94.0,1641.0,1012.0,144.0,589.0,9594.0
06/04/2004,07.00.00,45.0,1664.0,241.0,1407.0,329.0,594.0,134.0,2198.0,1564.0,153.0,552.0,9538.0
06/04/2004,08.00.00,62.0,1757.0,337.0,1636.0,302.0,494.0,129.0,2560.0,1806.0,162.0,525.0,9576.0
06/04/2004,09.00.00,44.0,1524.0,220.0,1350.0,256.0,588.0,125.0,2096.0,1604.0,184.0,463.0,9734.0
06/04/2004,10.00.00,29.0,1329.0,141.0,1119.0,182.0,707.0,107.0,1823.0,1288.0,196.0,418.0,9407.0
06/04/2004,11.00.00,16.0,1167.0,76.0,884.0,105.0,881.0,78.0,1580.0,931.0,202.0,401.0,9370.0
06/04/2004,12.00.00,26.0,1369.0,145.0,1132.0,136.0,715.0,91.0,1818.0,1162.0,209.0,366.0,8939.0
06/04/2004,13.00.00,29.0,1284.0,136.0,1103.0,167.0,755.0,116.0,1704.0,1064.0,204.0,347.0,8229.0
06/04/2004,14.00.00,25.0,1221.0,115.0,1032.0,166.0,811.0,131.0,1630.0,913.0,193.0,354.0,7813.0
06/04/2004,15.00.00,19.0,1096.0,92.0,947.0,115.0,872.0,113.0,1519.0,684.0,186.0,369.0,7829.0
06/04/2004,16.00.00,19.0,1143.0,103.0,988.0,109.0,849.0,98.0,1590.0,710.0,188.0,368.0,7883.0
06/04/2004,17.00.00,27.0,1251.0,140.0,1116.0,143.0,760.0,116.0,1716.0,923.0,175.0,406.0,8068.0
06/04/2004,18.00.00,3.0,1268.0,150.0,1148.0,159.0,728.0,120.0,1776.0,1006.0,168.0,443.0,8428.0
06/04/2004,19.00.00,33.0,1314.0,151.0,1150.0,181.0,726.0,126.0,1784.0,1083.0,163.0,477.0,8746.0
06/04/2004,20.00.00,32.0,1315.0,148.0,1142.0,178.0,724.0,126.0,1807.0,1161.0,156.0,507.0,8947.0
06/04/2004,21.00.00,18.0,1095.0,85.0,918.0,91.0,896.0,90.0,1527.0,800.0,157.0,494.0,8768.0
06/04/2004,22.00.00,13.0,1027.0,59.0,808.0,76.0,996.0,81.0,1458.0,647.0,158.0,486.0,8653.0
06/04/2004,23.00.00,11.0,1012.0,48.0,752.0,66.0,1053.0,74.0,1393.0,649.0,157.0,470.0,8325.0
07/04/2004,00.00.00,9.0,948.0,40.0,710.0,56.0,1127.0,67.0,1352.0,575.0,157.0,459.0,8121.0
07/04/2004,01.00.00,7.0,889.0,23.0,603.0,35.0,1308.0,46.0,1271.0,455.0,156.0,449.0,7920.0
07/04/2004,02.00.00,4.0,830.0,14.0,538.0,21.0,1475.0,30.0,1214.0,392.0,156.0,444.0,7827.0
07/04/2004,03.00.00,3.0,801.0,7.0,464.0,16.5,1749.0,24.5,1154.0,340.0,161.0,424.0,7718.0
07/04/2004,04.00.00,3.0,804.0,7.0,468.0,12.0,1826.0,19.0,1166.0,320.0,157.0,454.0,8063.0
07/04/2004,05.00.00,3.0,824.0,8.0,478.0,22.0,1705.0,32.0,1200.0,331.0,153.0,501.0,8617.0
07/04/2004,06.00.00,8.0,1000.0,36.0,688.0,55.0,1257.0,61.0,1398.0,426.0,142.0,586.0,9443.0
07/04/2004,07.00.00,28.0,1307.0,129.0,1082.0,152.0,777.0,111.0,1769.0,830.0,143.0,582.0,9431.0
07/04/2004,08.00.00,31.0,1286.0,157.0,1171.0,153.0,716.0,102.0,1821.0,1006.0,150.0,520.0,8817.0
07/04/2004,09.00.00,23.0,1150.0,86.0,925.0,152.0,865.0,116.0,1576.0,820.0,136.0,614.0,9519.0
07/04/2004,10.00.00,16.0,1087.0,74.0,876.0,112.0,911.0,96.0,1554.0,737.0,161.0,531.0,9675.0
07/04/2004,11.00.00,15.0,1016.0,66.0,839.0,119.0,991.0,97.0,1448.0,790.0,166.0,443.0,8294.0
07/04/2004,12.00.00,16.0,1029.0,78.0,892.0,122.0,937.0,110.0,1474.0,760.0,174.0,403.0,7922.0
07/04/2004,13.00.00,18.0,1109.0,91.0,943.0,115.0,883.0,103.0,1604.0,767.0,181.0,422.0,8679.0
07/04/2004,14.00.00,14.0,997.0,61.0,817.0,84.0,1030.0,79.0,1426.0,626.0,144.0,518.0,8433.0
07/04/2004,15.00.00,19.0,1177.0,75.0,880.0,146.0,927.0,104.0,1552.0,776.0,109.0,764.0,9953.0
07/04/2004,16.00.00,12.0,1045.0,59.0,808.0,65.0,1038.0,69.0,1421.0,589.0,164.0,477.0,8819.0
07/04/2004,17.00.00,23.0,1171.0,127.0,1073.0,120.0,847.0,96.0,1623.0,872.0,180.0,371.0,7598.0
07/04/2004,18.00.00,33.0,1221.0,135.0,1101.0,185.0,799.0,121.0,1700.0,996.0,147.0,487.0,8089.0
07/04/2004,19.00.00,31.0,1262.0,145.0,1133.0,157.0,774.0,129.0,1748.0,1033.0,113.0,713.0,9514.0
07/04/2004,20.00.00,33.0,1207.0,110.0,1013.0,174.0,876.0,116.0,1632.0,982.0,100.0,740.0,9087.0
07/04/2004,21.00.00,12.0,956.0,32.0,666.0,62.0,1235.0,71.0,1282.0,518.0,98.0,718.0,8702.0
07/04/2004,22.00.00,13.0,1020.0,43.0,727.0,81.0,1153.0,85.0,1391.0,631.0,93.0,752.0,8796.0
07/04/2004,23.00.00,19.0,1107.0,71.0,861.0,118.0,957.0,101.0,1510.0,879.0,96.0,760.0,9088.0
08/04/2004,00.00.00,14.0,1020.0,48.0,752.0,95.0,1074.0,97.0,1398.0,839.0,93.0,750.0,8799.0
08/04/2004,01.00.00,15.0,1051.0,57.0,798.0,84.0,1016.0,89.0,1455.0,876.0,90.0,767.0,8825.0
08/04/2004,02.00.00,11.0,965.0,41.0,716.0,56.0,1087.0,72.0,1383.0,827.0,82.0,796.0,8672.0
08/04/2004,03.00.00,8.0,890.0,33.0,672.0,49.5,1183.0,64.5,1338.0,781.0,76.0,806.0,8437.0
08/04/2004,04.00.00,8.0,823.0,18.0,568.0,43.0,1366.0,57.0,1263.0,699.0,83.0,756.0,8302.0
08/04/2004,05.00.00,8.0,869.0,28.0,642.0,69.0,1291.0,62.0,1288.0,723.0,81.0,721.0,7798.0
08/04/2004,06.00.00,11.0,939.0,48.0,754.0,74.0,1169.0,64.0,1384.0,797.0,81.0,704.0,7609.0
08/04/2004,07.00.00,26.0,1274.0,138.0,1109.0,161.0,820.0,80.0,1723.0,1138.0,81.0,705.0,7627.0
08/04/2004,08.00.00,51.0,1512.0,271.0,1482.0,308.0,596.0,118.0,2189.0,1605.0,99.0,643.0,7859.0
08/04/2004,09.00.00,42.0,1435.0,191.0,1271.0,300.0,676.0,130.0,1885.0,1569.0,130.0,542.0,8090.0
08/04/2004,10.00.00,26.0,1207.0,117.0,1041.0,189.0,813.0,113.0,1620.0,1319.0,165.0,426.0,7912.0
08/04/2004,11.00.00,24.0,1223.0,127.0,1075.0,164.0,818.0,112.0,1678.0,1198.0,193.0,342.0,7566.0
08/04/2004,12.00.00,21.0,1121.0,113.0,1026.0,122.0,865.0,96.0,1541.0,958.0,215.0,274.0,6941.0
08/04/2004,13.00.00,26.0,1176.0,142.0,1123.0,166.0,816.0,125.0,1609.0,1068.0,204.0,267.0,6323.0
08/04/2004,14.00.00,28.0,1144.0,139.0,1114.0,181.0,845.0,128.0,1551.0,1010.0,206.0,226.0,5432.0
08/04/2004,15.00.00,25.0,1136.0,132.0,1089.0,127.0,856.0,101.0,1552.0,928.0,206.0,248.0,5931.0
08/04/2004,16.00.00,19.0,1085.0,107.0,1004.0,106.0,888.0,95.0,1454.0,816.0,210.0,254.0,6264.0
08/04/2004,17.00.00,36.0,1297.0,197.0,1287.0,192.0,723.0,138.0,1798.0,1216.0,215.0,245.0,6203.0
08/04/2004,18.00.00,46.0,1408.0,240.0,1404.0,241.0,646.0,154.0,1972.0,1463.0,193.0,286.0,6357.0
08/04/2004,19.00.00,63.0,1618.0,291.0,1530.0,326.0,579.0,171.0,2167.0,1791.0,180.0,329.0,6737.0
08/04/2004,20.00.00,43.0,1319.0,158.0,1172.0,232.0,746.0,136.0,1699.0,1425.0,158.0,398.0,7096.0
08/04/2004,21.00.00,16.0,1045.0,70.0,857.0,92.0,968.0,93.0,1410.0,922.0,153.0,415.0,7194.0
08/04/2004,22.00.00,14.0,1058.0,63.0,824.0,95.0,993.0,99.0,1411.0,971.0,141.0,460.0,7363.0
08/04/2004,23.00.00,2.0,1062.72,63.84,827.72,129.0,987.92,106.0,1416.96,978.2,140.16,468.76,7449.4
09/04/2004,00.00.00,24.0,1067.44,64.68,831.44,154.0,982.84,109.0,1422.92,985.4,139.32,477.52,7535.8
09/04/2004,01.00.00,18.0,1072.16,65.52,835.16,118.0,977.76,97.0,1428.88,992.6,138.48,486.28,7622.2
09/04/2004,02.00.00,1.0,1076.88,66.36,838.88,69.0,972.68,83.0,1434.84,999.8,137.64,495.04,7708.6
09/04/2004,03.00.00,1.0,1081.6,67.2,842.6,83.0,967.6,81.0,1440.8,1007.0,136.8,503.8,7795.0
09/04/2004,04.00.00,1.0,1086.32,68.04,846.32,97.0,962.52,79.0,1446.76,1014.2,135.96,512.56,7881.4
09/04/2004,05.00.00,9.0,1091.04,68.88,850.04,145.0,957.44,84.0,1452.72,1021.4,135.12,521.32,7967.8
09/04/2004,06.00.00,15.0,1095.76,69.72,853.76,169.0,952.36,86.0,1458.68,1028.6,134.28,530.08,8054.2
09/04/2004,07.00.00,26.0,1100.48,70.56,857.48,250.0,947.28,111.0,1464.64,1035.8,133.44,538.84,8140.6
09/04/2004,08.00.00,29.0,1105.2,71.4,861.2,215.0,942.2,117.0,1470.6,1043.0,132.6,547.6,8227.0
09/04/2004,09.00.00,27.0,1109.92,72.24,864.92,237.0,937.12,122.0,1476.56,1050.2,131.76,556.36,8313.4
09/04/2004,10.00.00,24.0,1114.64,73.08,868.64,190.0,932.04,119.0,1482.52,1057.4,130.92,565.12,8399.8
09/04/2004,11.00.00,26.0,1119.36,73.92,872.36,219.0,926.96,121.0,1488.48,1064.6,130.08,573.88,8486.2
09/04/2004,12.00.00,41.0,1124.08,74.76,876.08,294.0,921.88,127.0,1494.44,1071.8,129.24,582.64,8572.6
09/04/2004,13.00.00,43.0,1128.8,75.6,879.8,253.0,916.8,135.0,1500.4,1079.0,128.4,591.4,8659.0
09/04/2004,14.00.00,22.0,1133.52,76.44,883.52,176.0,911.72,119.0,1506.36,1086.2,127.56,600.16,8745.4
09/04/2004,15.00.00,34.0,1138.24,77.28,887.24,243.0,906.64,137.0,1512.32,1093.4,126.72,608.92,8831.8
09/04/2004,16.00.00,36.0,1142.96,78.12,890.96,214.0,901.56,139.0,1518.28,1100.6,125.88,617.6800000000001,8918.2
09/04/2004,17.00.00,25.0,1147.68,78.96,894.6800000000001,141.0,896.48,117.0,1524.24,1107.8,125.04,626.44,9004.6
09/04/2004,18.00.00,28.0,1152.4,79.8,898.4,166.0,891.4,127.0,1530.2,1115.0,124.2,635.2,9091.0
09/04/2004,19.00.00,34.0,1157.12,80.64,902.12,197.0,886.3199999999999,137.0,1536.16,1122.2,123.36,643.96,9177.4
09/04/2004,20.00.00,3.0,1161.84,81.48,905.84,191.0,881.24,127.0,1542.12,1129.4,122.52,652.72,9263.8
09/04/2004,21.00.00,21.0,1166.56,82.32,909.56,159.0,876.16,107.0,1548.08,1136.6,121.68,661.48,9350.2
09/04/2004,22.00.00,24.0,1171.28,83.16,913.28,175.0,871.08,102.0,1554.04,1143.8,120.84,670.24,9436.6
09/04/2004,23.00.00,23.0,1176.0,84.0,917.0,157.0,866.0,95.0,1560.0,1151.0,120.0,679.0,9523.0
10/04/2004,00.00.00,13.0,1047.0,54.0,783.0,83.0,1014.0,79.0,1449.0,975.0,120.0,669.0,9336.0
10/04/2004,01.00.00,17.0,1116.0,69.0,854.0,118.0,929.0,78.0,1533.0,1034.0,115.0,701.0,9503.0
10/04/2004,02.00.00,17.0,1074.0,64.0,832.0,101.0,951.0,75.0,1507.0,980.0,114.0,698.0,9390.0
10/04/2004,03.00.00,1.0,922.0,36.0,687.0,73.5,1142.0,63.5,1390.0,825.0,111.0,693.0,9128.0
10/04/2004,04.00.00,8.0,898.0,33.0,669.0,46.0,1163.0,52.0,1386.0,807.0,108.0,703.0,9092.0
10/04/2004,05.00.00,1.0,970.0,40.0,708.0,81.0,1121.0,55.0,1435.0,842.0,102.0,734.0,9129.0
10/04/2004,06.00.00,14.0,1073.0,60.0,812.0,112.0,988.0,65.0,1500.0,950.0,108.0,705.0,9142.0
10/04/2004,07.00.00,17.0,1081.0,82.0,906.0,150.0,895.0,72.0,1591.0,1024.0,110.0,710.0,9279.0
10/04/2004,08.00.00,2.0,1159.0,99.0,976.0,138.0,837.0,76.0,1663.0,1098.0,124.0,640.0,9206.0
10/04/2004,09.00.00,2.0,1112.0,88.0,931.0,124.0,869.0,84.0,1588.0,1011.0,150.0,531.0,8993.0
10/04/2004,10.00.00,19.0,1112.0,84.0,917.0,124.0,897.0,90.0,1542.0,931.0,166.0,444.0,8313.0
10/04/2004,11.00.00,21.0,1063.0,75.0,877.0,115.0,971.0,89.0,1481.0,811.0,180.0,384.0,7862.0
10/04/2004,12.00.00,18.0,1032.0,78.0,892.0,101.0,973.0,87.0,1457.0,756.0,206.0,300.0,7213.0
10/04/2004,13.00.00,15.0,936.0,64.0,829.0,90.0,1054.0,88.0,1336.0,607.0,199.0,267.0,6137.0
10/04/2004,14.00.00,13.0,883.0,51.0,766.0,90.0,1152.0,81.0,1238.0,498.0,198.0,231.0,5283.0
10/04/2004,15.00.00,14.0,942.0,69.0,852.0,89.0,1055.0,89.0,1318.0,540.0,214.0,227.0,5722.0
10/04/2004,16.00.00,15.0,943.0,68.0,850.0,92.0,1084.0,91.0,1296.0,544.0,221.0,213.0,5605.0
10/04/2004,17.00.00,17.0,1007.0,74.0,875.0,103.0,1027.0,104.0,1357.0,620.0,211.0,245.0,6040.0
10/04/2004,18.00.00,2.0,1037.0,87.0,927.0,122.0,949.0,111.0,1426.0,740.0,183.0,316.0,6562.0
10/04/2004,19.00.00,25.0,1127.0,112.0,1022.0,159.0,871.0,129.0,1534.0,921.0,161.0,350.0,6372.0
10/04/2004,20.00.00,24.0,1123.0,105.0,996.0,172.0,861.0,133.0,1551.0,1033.0,148.0,415.0,6929.0
10/04/2004,21.00.00,2.0,1110.0,82.0,909.0,125.0,916.0,115.0,1487.0,984.0,132.0,503.0,7577.0
10/04/2004,22.00.00,29.0,1247.0,116.0,1037.0,187.0,812.0,125.0,1618.0,1193.0,123.0,555.0,7916.0
10/04/2004,23.00.00,25.0,1220.0,97.0,967.0,174.0,844.0,117.0,1545.0,1219.0,118.0,566.0,7833.0
11/04/2004,00.00.00,14.0,1028.0,51.0,770.0,75.0,1047.0,84.0,1326.0,913.0,112.0,562.0,7469.0
11/04/2004,01.00.00,12.0,978.0,40.0,711.0,48.0,1144.0,63.0,1304.0,750.0,110.0,566.0,7418.0
11/04/2004,02.00.00,1.0,949.0,37.0,694.0,61.0,1160.0,68.0,1310.0,772.0,93.0,643.0,7531.0
11/04/2004,03.00.00,1.0,910.0,40.0,709.0,49.5,1162.0,60.0,1329.0,712.0,88.0,660.0,7501.0
11/04/2004,04.00.00,4.0,863.0,30.0,651.0,38.0,1224.0,52.0,1286.0,712.0,78.0,704.0,7463.0
11/04/2004,05.00.00,7.0,836.0,29.0,643.0,38.0,1244.0,49.0,1306.0,727.0,77.0,707.0,7463.0
11/04/2004,06.00.00,8.0,856.0,29.0,644.0,41.0,1259.0,49.0,1301.0,746.0,74.0,710.0,7346.0
11/04/2004,07.00.00,9.0,888.0,30.0,651.0,51.0,1240.0,52.0,1298.0,733.0,82.0,666.0,7283.0
11/04/2004,08.00.00,11.0,912.0,37.0,694.0,61.0,1196.0,58.0,1343.0,727.0,87.0,643.0,7267.0
11/04/2004,09.00.00,1.0,938.0,39.0,706.0,47.0,1177.0,51.0,1320.0,642.0,130.0,479.0,7116.0
11/04/2004,10.00.00,16.0,1053.0,62.0,823.0,87.0,1040.0,77.0,1386.0,810.0,174.0,354.0,6990.0
11/04/2004,11.00.00,18.0,1087.0,73.0,870.0,107.0,1014.0,90.0,1412.0,851.0,202.0,292.0,6830.0
11/04/2004,12.00.00,26.0,1153.0,92.0,945.0,161.0,969.0,118.0,1425.0,911.0,227.0,229.0,6224.0
11/04/2004,13.00.00,11.0,894.0,40.0,710.0,61.0,1209.0,70.0,1200.0,611.0,223.0,224.0,5955.0
11/04/2004,14.00.00,6.0,797.0,23.0,606.0,26.0,1452.0,35.0,1076.0,368.0,222.0,189.0,4993.0
11/04/2004,15.00.00,9.0,854.0,31.0,658.0,42.0,1409.0,46.0,1108.0,369.0,220.0,190.0,4969.0
11/04/2004,16.00.00,1.0,892.0,32.0,665.0,55.0,1348.0,58.0,1150.0,394.0,210.0,236.0,5788.0
11/04/2004,17.00.00,12.0,935.0,33.0,672.0,65.0,1299.0,61.0,1183.0,415.0,196.0,274.0,6162.0
11/04/2004,18.00.00,14.0,989.0,40.0,709.0,75.0,1225.0,80.0,1233.0,469.0,179.0,308.0,6258.0
11/04/2004,19.00.00,2.0,1063.0,57.0,797.0,93.0,1079.0,93.0,1285.0,607.0,164.0,353.0,6532.0
11/04/2004,20.00.00,11.0,922.0,34.0,674.0,63.0,1220.0,78.0,1205.0,498.0,156.0,375.0,6575.0
11/04/2004,21.00.00,11.0,925.0,35.0,680.0,60.0,1223.0,76.0,1217.0,481.0,155.0,367.0,6438.0
11/04/2004,22.00.00,11.0,924.0,29.0,648.0,63.0,1272.0,74.0,1186.0,465.0,145.0,390.0,6428.0
11/04/2004,23.00.00,11.0,914.0,31.0,661.0,66.0,1256.0,81.0,1187.0,478.0,142.0,382.0,6163.0
12/04/2004,00.00.00,7.0,840.0,16.0,556.0,41.0,1474.0,58.0,1094.0,366.0,137.0,383.0,5957.0
12/04/2004,01.00.00,6.0,799.0,11.0,514.0,42.0,1615.0,59.0,1036.0,332.0,141.0,340.0,5442.0
12/04/2004,02.00.00,7.0,856.0,20.0,581.0,36.0,1448.0,54.0,1111.0,346.0,146.0,340.0,5605.0
12/04/2004,03.00.00,6.0,830.0,17.0,560.0,26.0,1452.0,39.5,1066.0,350.0,144.0,328.0,5364.0
12/04/2004,04.00.00,3.0,753.0,7.0,462.0,16.0,1822.0,25.0,955.0,274.0,139.0,309.0,4868.0
12/04/2004,05.00.00,3.0,785.0,5.0,448.0,16.0,1923.0,26.0,1003.0,263.0,135.0,379.0,5852.0
12/04/2004,06.00.00,4.0,835.0,7.0,472.0,33.0,1756.0,49.0,1117.0,314.0,139.0,436.0,6871.0
12/04/2004,07.00.00,5.0,865.0,9.0,494.0,39.0,1613.0,53.0,1185.0,367.0,135.0,501.0,7706.0
12/04/2004,08.00.00,6.0,922.0,15.0,541.0,45.0,1453.0,57.0,1246.0,432.0,133.0,536.0,8169.0
12/04/2004,09.00.00,8.0,975.0,22.0,598.0,63.0,1268.0,73.0,1293.0,536.0,134.0,560.0,8576.0
12/04/2004,10.00.00,1.0,1040.0,29.0,646.0,71.0,1210.0,78.0,1325.0,555.0,130.0,596.0,8860.0
12/04/2004,11.00.00,13.0,1115.0,39.0,707.0,104.0,1105.0,93.0,1384.0,677.0,127.0,627.0,9173.0
12/04/2004,12.00.00,11.0,1004.0,28.0,641.0,85.0,1201.0,71.0,1305.0,557.0,121.0,605.0,8505.0
12/04/2004,13.00.00,6.0,895.0,14.0,536.0,53.0,1415.0,56.0,1229.0,421.0,112.0,644.0,8537.0
12/04/2004,14.00.00,7.0,917.0,17.0,563.0,58.0,1415.0,60.0,1257.0,423.0,107.0,676.0,8703.0
12/04/2004,15.00.00,12.0,1025.0,36.0,689.0,89.0,1189.0,77.0,1325.0,519.0,114.0,612.0,8236.0
12/04/2004,16.00.00,14.0,1035.0,31.0,660.0,96.0,1222.0,82.0,1301.0,533.0,99.0,705.0,8581.0
12/04/2004,17.00.00,12.0,1025.0,35.0,682.0,88.0,1197.0,77.0,1313.0,537.0,103.0,652.0,8151.0
12/04/2004,18.00.00,13.0,1040.0,39.0,705.0,100.0,1149.0,91.0,1324.0,612.0,110.0,589.0,7714.0
12/04/2004,19.00.00,18.0,1070.0,52.0,776.0,127.0,1065.0,93.0,1369.0,697.0,106.0,595.0,7595.0
12/04/2004,20.00.00,12.0,964.0,37.0,692.0,88.0,1176.0,82.0,1292.0,573.0,106.0,577.0,7362.0
12/04/2004,21.00.00,8.0,904.0,27.0,635.0,66.0,1269.0,74.0,1233.0,489.0,106.0,561.0,7149.0
12/04/2004,22.00.00,8.0,913.0,26.0,626.0,61.0,1271.0,68.0,1234.0,474.0,103.0,580.0,7239.0
12/04/2004,23.00.00,8.0,914.0,24.0,610.0,54.0,1322.0,65.0,1230.0,455.0,104.0,584.0,7352.0
13/04/2004,00.00.00,7.0,893.0,20.0,587.0,46.0,1368.0,58.0,1219.0,433.0,107.0,582.0,7459.0
13/04/2004,01.00.00,5.0,844.0,13.0,532.0,25.0,1499.0,36.0,1176.0,376.0,105.0,599.0,7624.0
13/04/2004,02.00.00,3.0,837.0,12.0,518.0,18.0,1581.0,29.0,1182.0,360.0,105.0,608.0,7704.0
13/04/2004,03.00.00,4.0,868.0,13.0,530.0,19.5,1482.0,28.5,1215.0,384.0,106.0,631.0,8068.0
13/04/2004,04.00.00,3.0,825.0,9.0,489.0,21.0,1565.0,28.0,1171.0,363.0,111.0,601.0,7925.0
13/04/2004,05.00.00,7.0,956.0,31.0,656.0,76.0,1251.0,68.0,1356.0,525.0,101.0,684.0,8443.0
13/04/2004,06.00.00,16.0,1124.0,69.0,853.0,149.0,960.0,99.0,1531.0,873.0,100.0,687.0,8456.0
13/04/2004,07.00.00,39.0,1496.0,191.0,1272.0,328.0,667.0,130.0,2011.0,1399.0,110.0,642.0,8398.0
13/04/2004,08.00.00,45.0,1452.0,221.0,1354.0,282.0,620.0,128.0,2057.0,1501.0,120.0,581.0,8138.0
13/04/2004,09.00.00,27.0,1172.0,118.0,1042.0,206.0,797.0,120.0,1641.0,1186.0,128.0,520.0,7643.0
13/04/2004,10.00.00,16.0,1020.0,73.0,871.0,133.0,956.0,93.0,1426.0,911.0,126.0,508.0,7387.0
13/04/2004,11.00.00,16.0,1044.0,80.0,900.0,137.0,934.0,96.0,1471.0,919.0,138.0,474.0,7435.0
13/04/2004,12.00.00,16.0,1020.0,72.0,866.0,116.0,972.0,84.0,1429.0,791.0,151.0,427.0,7294.0
13/04/2004,13.00.00,15.0,1009.0,77.0,885.0,112.0,994.0,87.0,1439.0,751.0,163.0,381.0,7006.0
13/04/2004,14.00.00,18.0,1073.0,97.0,966.0,128.0,935.0,87.0,1537.0,805.0,166.0,367.0,6867.0
13/04/2004,15.00.00,21.0,1098.0,98.0,971.0,145.0,877.0,103.0,1527.0,966.0,158.0,405.0,7241.0
13/04/2004,16.00.00,17.0,1061.0,77.0,887.0,110.0,920.0,88.0,1462.0,869.0,163.0,418.0,7712.0
13/04/2004,17.00.00,3.0,1289.0,153.0,1158.0,184.0,755.0,118.0,1791.0,1196.0,161.0,428.0,7783.0
13/04/2004,18.00.00,46.0,1442.0,215.0,1337.0,243.0,630.0,134.0,2004.0,1523.0,153.0,468.0,8074.0
13/04/2004,19.00.00,5.0,1479.0,217.0,1343.0,259.0,631.0,144.0,1995.0,1579.0,147.0,470.0,7815.0
13/04/2004,20.00.00,35.0,1266.0,146.0,1138.0,205.0,726.0,129.0,1747.0,1370.0,141.0,496.0,7931.0
13/04/2004,21.00.00,21.0,1149.0,93.0,952.0,144.0,845.0,108.0,1577.0,1204.0,135.0,541.0,8351.0
13/04/2004,22.00.00,21.0,1168.0,94.0,954.0,152.0,843.0,104.0,1586.0,1201.0,123.0,592.0,8461.0
13/04/2004,23.00.00,15.0,1079.0,68.0,847.0,108.0,925.0,90.0,1463.0,1122.0,116.0,622.0,8510.0
14/04/2004,00.00.00,11.0,1047.0,49.0,760.0,64.0,1032.0,74.0,1379.0,1003.0,115.0,614.0,8303.0
14/04/2004,01.00.00,9.0,936.0,39.0,705.0,73.0,1086.0,73.0,1364.0,918.0,109.0,646.0,8395.0
14/04/2004,02.00.00,7.0,900.0,27.0,635.0,47.0,1207.0,60.0,1307.0,836.0,111.0,632.0,8331.0
14/04/2004,03.00.00,4.0,839.0,19.0,576.0,46.0,1325.0,58.5,1285.0,759.0,107.0,644.0,8284.0
14/04/2004,04.00.00,6.5,840.0,17.0,563.0,45.0,1349.0,57.0,1275.0,755.0,107.0,638.0,8174.0
14/04/2004,05.00.00,9.0,905.0,33.0,670.0,79.0,1191.0,62.0,1346.0,820.0,102.0,658.0,8196.0
14/04/2004,06.00.00,16.0,1079.0,74.0,875.0,113.0,947.0,71.0,1535.0,998.0,103.0,656.0,8225.0
14/04/2004,07.00.00,39.0,1417.0,182.0,1246.0,263.0,669.0,94.0,1921.0,1403.0,108.0,640.0,8307.0
14/04/2004,08.00.00,5.0,1529.0,277.0,1497.0,275.0,569.0,99.0,2278.0,1641.0,133.0,556.0,8453.0
14/04/2004,09.00.00,43.0,1397.0,183.0,1248.0,263.0,659.0,119.0,1906.0,1534.0,158.0,468.0,8328.0
14/04/2004,10.00.00,27.0,1214.0,123.0,1061.0,183.0,780.0,103.0,1662.0,1257.0,195.0,344.0,7738.0
14/04/2004,11.00.00,21.0,1109.0,89.0,935.0,147.0,882.0,95.0,1518.0,1026.0,211.0,302.0,7450.0
14/04/2004,12.00.00,21.0,1122.0,104.0,993.0,132.0,859.0,95.0,1571.0,993.0,184.0,342.0,7185.0
14/04/2004,13.00.00,21.857142857142858,1094.0,97.0,966.0,140.42857142857142,877.0,95.9047619047619,1519.0,919.0,210.0,306.0,7538.0
14/04/2004,14.00.00,22.714285714285715,1164.0,128.0,1076.0,148.85714285714286,788.0,96.80952380952381,1653.0,1032.0,214.0,287.0,7231.0
14/04/2004,15.00.00,23.57142857142857,1188.0,129.0,1082.0,157.28571428571428,790.0,97.71428571428571,1653.0,1077.0,213.0,273.0,6856.0
14/04/2004,16.00.00,24.428571428571427,1098.0,89.0,934.0,165.71428571428572,895.0,98.61904761904762,1497.0,883.0,204.0,304.0,7193.0
14/04/2004,17.00.00,25.285714285714285,1180.0,110.0,1014.0,174.14285714285714,826.0,99.52380952380952,1595.0,1036.0,187.0,348.0,7436.0
14/04/2004,18.00.00,26.142857142857142,1195.0,126.0,1072.0,182.57142857142856,799.0,100.42857142857143,1609.0,1144.0,186.0,347.0,7369.0
14/04/2004,19.00.00,27.0,1234.0,133.0,1095.0,191.0,789.0,101.33333333333333,1638.0,1212.0,179.0,358.0,7276.0
14/04/2004,20.00.00,27.857142857142858,1425.0,181.0,1242.0,199.42857142857144,675.0,102.23809523809524,1858.0,1486.0,165.0,421.0,7856.0
14/04/2004,21.00.00,28.714285714285715,1320.0,130.0,1085.0,207.85714285714286,730.0,103.14285714285714,1689.0,1440.0,148.0,497.0,8321.0
14/04/2004,22.00.00,29.57142857142857,1158.0,78.0,892.0,216.28571428571428,870.0,104.04761904761905,1494.0,1242.0,134.0,543.0,8291.0
14/04/2004,23.00.00,30.42857142857143,1060.0,58.0,805.0,224.71428571428572,964.0,104.95238095238095,1418.0,1089.0,134.0,542.0,8319.0
15/04/2004,00.00.00,31.285714285714285,1036.0,47.0,746.0,233.14285714285714,1034.0,105.85714285714286,1364.0,993.0,123.0,576.0,8223.0
15/04/2004,01.00.00,32.14285714285714,943.0,31.0,660.0,241.57142857142856,1163.0,106.76190476190476,1297.0,862.0,116.0,588.0,7996.0
15/04/2004,02.00.00,33.0,899.0,21.0,591.0,250.0,1243.0,107.66666666666667,1259.0,815.0,107.0,623.0,7988.0
15/04/2004,03.00.00,33.857142857142854,889.0,17.0,559.0,258.42857142857144,1331.0,108.57142857142857,1241.0,714.0,102.0,632.0,7865.0
15/04/2004,04.00.00,34.714285714285715,847.0,13.0,527.0,266.8571428571429,1416.0,109.47619047619048,1216.0,682.0,105.0,613.0,7761.0
15/04/2004,05.00.00,35.57142857142857,918.0,26.0,625.0,275.2857142857143,1255.0,110.38095238095238,1298.0,744.0,93.0,658.0,7722.0
15/04/2004,06.00.00,36.42857142857143,1105.0,79.0,897.0,283.7142857142857,906.0,111.28571428571428,1510.0,1050.0,91.0,674.0,7814.0
15/04/2004,07.00.00,37.285714285714285,1491.0,214.0,1335.0,292.1428571428571,625.0,112.19047619047619,2001.0,1522.0,102.0,629.0,7831.0
15/04/2004,08.00.00,38.14285714285714,1508.0,221.0,1355.0,300.57142857142856,609.0,113.0952380952381,2034.0,1623.0,116.0,587.0,7999.0
15/04/2004,09.00.00,39.0,1489.0,191.0,1270.0,309.0,633.0,114.0,1889.0,1638.0,135.0,534.0,8196.0
15/04/2004,10.00.00,38.0,1451.0,173.0,1219.0,327.0,661.0,127.0,1804.0,1633.0,150.0,493.0,8364.0
15/04/2004,11.00.00,38.0,1454.0,175.0,1225.0,299.0,661.0,135.0,1809.0,1654.0,171.0,421.0,8120.0
15/04/2004,12.00.00,39.0,1392.0,170.0,1210.0,257.0,689.0,135.0,1792.0,1559.0,184.0,369.0,7758.0
15/04/2004,13.00.00,35.0,1351.0,170.0,1210.0,195.0,709.0,120.0,1783.0,1374.0,193.0,354.0,7824.0
15/04/2004,14.00.00,4.0,1418.0,195.0,1282.0,231.0,681.0,129.0,1890.0,1418.0,192.0,357.0,7826.0
15/04/2004,15.00.00,3.0,1303.0,148.0,1143.0,170.0,748.0,114.0,1734.0,1228.0,215.0,304.0,7677.0
15/04/2004,16.00.00,31.0,1292.0,140.0,1116.0,192.0,746.0,129.0,1676.0,1293.0,196.0,346.0,7807.0
15/04/2004,17.00.00,52.0,1560.0,244.0,1413.0,251.0,594.0,149.0,2046.0,1642.0,196.0,355.0,8017.0
15/04/2004,18.00.00,59.0,1765.0,281.0,1507.0,289.0,533.0,149.0,2271.0,1895.0,183.0,441.0,9183.0
15/04/2004,19.00.00,73.0,1875.0,337.0,1637.0,351.0,482.0,158.0,2446.0,2086.0,174.0,478.0,9392.0
15/04/2004,20.00.00,61.0,1746.0,242.0,1409.0,319.0,553.0,148.0,2119.0,1898.0,168.0,498.0,9446.0
15/04/2004,21.00.00,46.0,1607.0,198.0,1290.0,264.0,587.0,134.0,1960.0,1758.0,162.0,532.0,9723.0
15/04/2004,22.00.00,25.0,1277.0,93.0,952.0,144.0,802.0,111.0,1607.0,1284.0,149.0,591.0,9928.0
15/04/2004,23.00.00,22.0,1207.0,73.0,868.0,119.0,877.0,106.0,1532.0,1075.0,139.0,640.0,10130.0
16/04/2004,00.00.00,2.0,1209.0,71.0,863.0,120.0,882.0,108.0,1547.0,1084.0,137.0,668.0,10410.0
16/04/2004,01.00.00,19.0,1189.0,67.0,844.0,96.0,887.0,93.0,1566.0,1049.0,134.0,696.0,10688.0
16/04/2004,02.00.00,16.0,1132.0,60.0,810.0,77.0,899.0,83.0,1532.0,1021.0,128.0,719.0,10632.0
16/04/2004,03.00.00,1.0,974.0,27.0,635.0,70.0,1159.0,76.0,1387.0,778.0,129.0,685.0,10155.0
16/04/2004,04.00.00,1.0,1033.0,36.0,686.0,63.0,1030.0,69.0,1420.0,948.0,119.0,748.0,10380.0
16/04/2004,05.00.00,12.0,1075.0,54.0,782.0,97.0,941.0,77.0,1505.0,988.0,116.0,764.0,10415.0
16/04/2004,06.00.00,2.0,1242.0,100.0,978.0,180.0,778.0,87.0,1686.0,1184.0,117.0,753.0,10325.0
16/04/2004,07.00.00,45.0,1657.0,232.0,1384.0,352.0,579.0,109.0,2176.0,1600.0,128.0,710.0,10428.0
16/04/2004,08.00.00,41.0,1406.0,187.0,1258.0,279.0,636.0,116.0,1890.0,1495.0,138.0,611.0,9595.0
16/04/2004,09.00.00,26.0,1150.0,99.0,973.0,186.0,827.0,105.0,1590.0,1188.0,153.0,514.0,8886.0
16/04/2004,10.00.00,23.0,1184.0,102.0,983.0,169.0,823.0,106.0,1604.0,1166.0,166.0,487.0,9146.0
16/04/2004,11.00.00,26.0,1223.0,110.0,1014.0,172.0,781.0,108.0,1666.0,1219.0,176.0,467.0,9324.0
16/04/2004,12.00.00,24.0,1196.0,105.0,997.0,127.0,802.0,100.0,1644.0,1128.0,192.0,427.0,9425.0
16/04/2004,13.00.00,43.0,1559.0,189.0,1267.0,230.0,653.0,149.0,2047.0,1373.0,157.0,625.0,11092.0
16/04/2004,14.00.00,46.0,1544.0,189.0,1266.0,280.0,613.0,148.0,2066.0,1415.0,145.0,757.0,12425.0
16/04/2004,15.00.00,4.0,1485.0,175.0,1223.0,242.0,650.0,126.0,1980.0,1302.0,144.0,774.0,12654.0
16/04/2004,16.00.00,47.0,1498.0,177.0,1230.0,250.0,649.0,140.0,1963.0,1308.0,146.0,749.0,12391.0
16/04/2004,17.00.00,57.0,1593.0,230.0,1378.0,309.0,582.0,142.0,2159.0,1449.0,146.0,760.0,12573.0
16/04/2004,18.00.00,52.0,1529.0,204.0,1309.0,270.0,627.0,141.0,2083.0,1385.0,140.0,763.0,12166.0
16/04/2004,19.00.00,64.0,1689.0,268.0,1474.0,323.0,560.0,149.0,2298.0,1492.0,139.0,780.0,12303.0
16/04/2004,20.00.00,6.0,1535.0,199.0,1295.0,307.0,627.0,140.0,2039.0,1380.0,138.0,780.0,12229.0
16/04/2004,21.00.00,34.0,1304.0,125.0,1067.0,224.0,737.0,117.0,1811.0,1167.0,135.0,794.0,12224.0
16/04/2004,22.00.00,27.0,1235.0,96.0,963.0,166.0,803.0,103.0,1680.0,1095.0,131.0,801.0,12016.0
16/04/2004,23.00.00,31.0,1281.0,100.0,977.0,171.0,794.0,99.0,1695.0,1105.0,128.0,810.0,11915.0
17/04/2004,00.00.00,26.0,1167.0,81.0,904.0,169.0,846.0,100.0,1627.0,1051.0,127.0,806.0,11819.0
17/04/2004,01.00.00,22.0,1134.0,71.0,863.0,120.0,869.0,88.0,1599.0,1009.0,125.0,818.0,11838.0
17/04/2004,02.00.00,19.0,1100.0,64.0,829.0,103.0,887.0,83.0,1565.0,972.0,127.0,812.0,11849.0
17/04/2004,03.00.00,18.91156462585034,1057.0,51.0,768.0,102.70068027210884,958.0,82.83673469387755,1527.0,884.0,124.0,824.0,11848.0
17/04/2004,04.00.00,18.82312925170068,902.0,30.0,652.0,102.40136054421768,1158.0,82.6734693877551,1437.0,661.0,126.0,799.0,11619.0
17/04/2004,05.00.00,18.73469387755102,982.0,42.0,724.0,102.10204081632654,1055.0,82.51020408163265,1508.0,774.0,128.0,800.0,11761.0
17/04/2004,06.00.00,18.64625850340136,997.0,51.0,769.0,101.80272108843538,1002.0,82.34693877551021,1524.0,868.0,126.0,799.0,11596.0
17/04/2004,07.00.00,18.5578231292517,1141.0,81.0,902.0,101.50340136054422,905.0,82.18367346938776,1672.0,965.0,125.0,796.0,11538.0
17/04/2004,08.00.00,18.46938775510204,1163.0,88.0,930.0,101.20408163265306,849.0,82.0204081632653,1691.0,985.0,128.0,808.0,11863.0
17/04/2004,09.00.00,18.38095238095238,1107.0,72.0,864.0,100.9047619047619,911.0,81.85714285714286,1604.0,963.0,135.0,781.0,11997.0
17/04/2004,10.00.00,18.292517006802722,1228.0,92.0,949.0,100.60544217687075,838.0,81.6938775510204,1706.0,1069.0,146.0,749.0,12348.0
17/04/2004,11.00.00,18.20408163265306,1033.0,60.0,810.0,100.3061224489796,969.0,81.53061224489795,1526.0,864.0,168.0,610.0,11599.0
17/04/2004,12.00.00,18.1156462585034,984.0,50.0,763.0,100.00680272108843,1054.0,81.36734693877551,1472.0,641.0,188.0,501.0,10769.0
17/04/2004,13.00.00,18.027210884353742,1066.0,75.0,879.0,99.70748299319727,939.0,81.20408163265306,1536.0,740.0,193.0,471.0,10445.0
17/04/2004,14.00.00,17.93877551020408,926.0,39.0,707.0,99.40816326530613,1130.0,81.04081632653062,1429.0,532.0,193.0,466.0,10298.0
17/04/2004,15.00.00,17.85034013605442,979.0,50.0,764.0,99.10884353741497,1054.0,80.87755102040816,1462.0,572.0,197.0,444.0,10081.0
17/04/2004,16.00.00,17.761904761904763,993.0,54.0,783.0,98.80952380952381,1033.0,80.71428571428571,1482.0,630.0,193.0,457.0,10161.0
17/04/2004,17.00.00,17.6734693877551,970.0,50.0,763.0,98.51020408163265,1043.0,80.55102040816327,1462.0,608.0,179.0,499.0,10135.0
17/04/2004,18.00.00,17.58503401360544,997.0,55.0,788.0,98.21088435374149,1014.0,80.38775510204081,1482.0,644.0,169.0,532.0,10179.0
17/04/2004,19.00.00,17.496598639455783,1097.0,78.0,892.0,97.91156462585035,909.0,80.22448979591837,1594.0,833.0,161.0,560.0,10151.0
17/04/2004,20.00.00,17.408163265306122,1105.0,82.0,908.0,97.61224489795919,900.0,80.06122448979592,1566.0,923.0,165.0,528.0,9860.0
17/04/2004,21.00.00,17.31972789115646,993.0,53.0,777.0,97.31292517006803,1022.0,79.89795918367346,1482.0,790.0,169.0,511.0,9743.0
17/04/2004,22.00.00,17.231292517006803,1136.0,79.0,896.0,97.01360544217687,919.0,79.73469387755102,1623.0,961.0,170.0,508.0,9751.0
17/04/2004,23.00.00,17.142857142857142,1297.0,107.0,1003.0,96.71428571428571,798.0,79.57142857142857,1700.0,1177.0,169.0,548.0,10455.0
18/04/2004,00.00.00,17.054421768707485,1110.0,69.0,855.0,96.41496598639456,897.0,79.40816326530613,1568.0,943.0,163.0,572.0,10492.0
18/04/2004,01.00.00,16.965986394557824,1027.0,63.0,827.0,96.1156462585034,942.0,79.24489795918367,1529.0,742.0,160.0,562.0,10164.0
18/04/2004,02.00.00,16.877551020408163,1024.0,56.0,795.0,95.81632653061224,982.0,79.08163265306122,1501.0,705.0,156.0,602.0,10617.0
18/04/2004,03.00.00,16.7891156462585,992.0,54.0,783.0,95.51700680272108,988.0,78.91836734693878,1527.0,663.0,146.0,682.0,11282.0
18/04/2004,04.00.00,16.700680272108844,929.0,32.0,664.0,95.21768707482994,1144.0,78.75510204081633,1449.0,536.0,143.0,696.0,11257.0
18/04/2004,05.00.00,16.612244897959183,892.0,19.0,579.0,94.91836734693878,1309.0,78.59183673469389,1396.0,441.0,138.0,719.0,11312.0
18/04/2004,06.00.00,16.523809523809526,895.0,23.0,609.0,94.61904761904762,1268.0,78.42857142857143,1410.0,477.0,138.0,727.0,11402.0
18/04/2004,07.00.00,16.435374149659864,915.0,24.0,612.0,94.31972789115646,1266.0,78.26530612244898,1411.0,506.0,142.0,723.0,11632.0
18/04/2004,08.00.00,16.346938775510203,947.0,29.0,649.0,94.0204081632653,1154.0,78.10204081632654,1459.0,608.0,145.0,729.0,11950.0
18/04/2004,09.00.00,16.258503401360542,1032.0,42.0,721.0,93.72108843537416,1052.0,77.93877551020408,1546.0,663.0,142.0,756.0,12201.0
18/04/2004,10.00.00,16.170068027210885,1219.0,68.0,849.0,93.421768707483,901.0,77.77551020408163,1664.0,912.0,145.0,772.0,12695.0
18/04/2004,11.00.00,16.081632653061224,1217.0,73.0,869.0,93.12244897959184,873.0,77.61224489795919,1660.0,963.0,149.0,745.0,12530.0
18/04/2004,12.00.00,15.993197278911564,1097.0,53.0,779.0,92.82312925170068,980.0,77.44897959183673,1565.0,803.0,155.0,674.0,11780.0
18/04/2004,13.00.00,15.904761904761905,938.0,34.0,674.0,92.52380952380952,1136.0,77.28571428571429,1433.0,564.0,167.0,560.0,10544.0
18/04/2004,14.00.00,15.816326530612244,944.0,34.0,677.0,92.22448979591837,1140.0,77.12244897959184,1436.0,501.0,171.0,555.0,10724.0
18/04/2004,15.00.00,15.727891156462585,1139.0,68.0,847.0,91.92517006802721,929.0,76.95918367346938,1604.0,701.0,162.0,624.0,11423.0
18/04/2004,16.00.00,15.639455782312925,1163.0,70.0,859.0,91.62585034013605,921.0,76.79591836734694,1603.0,783.0,174.0,589.0,11567.0
18/04/2004,17.00.00,15.551020408163264,1157.0,77.0,885.0,91.3265306122449,916.0,76.63265306122449,1590.0,784.0,175.0,546.0,10800.0
18/04/2004,18.00.00,15.462585034013605,1154.0,85.0,919.0,91.02721088435374,876.0,76.46938775510205,1623.0,861.0,175.0,542.0,10722.0
18/04/2004,19.00.00,15.374149659863946,1342.0,135.0,1102.0,90.72789115646259,744.0,76.3061224489796,1824.0,1156.0,170.0,551.0,10621.0
18/04/2004,20.00.00,15.285714285714285,1178.0,92.0,949.0,90.42857142857143,847.0,76.14285714285714,1653.0,1047.0,164.0,578.0,10669.0
18/04/2004,21.00.00,15.197278911564625,1152.0,87.0,926.0,90.12925170068027,854.0,75.9795918367347,1669.0,1034.0,158.0,604.0,10744.0
18/04/2004,22.00.00,15.108843537414966,1078.0,66.0,841.0,89.82993197278911,920.0,75.81632653061224,1595.0,962.0,155.0,633.0,11071.0
18/04/2004,23.00.00,15.020408163265305,1167.0,91.0,945.0,89.53061224489795,826.0,75.65306122448979,1702.0,1100.0,150.0,652.0,11045.0
19/04/2004,00.00.00,14.931972789115648,1111.0,78.0,890.0,89.2312925170068,871.0,75.48979591836735,1658.0,1047.0,145.0,673.0,11054.0
19/04/2004,01.00.00,14.843537414965986,988.0,42.0,722.0,88.93197278911565,1029.0,75.3265306122449,1500.0,874.0,141.0,701.0,11224.0
19/04/2004,02.00.00,14.755102040816325,917.0,34.0,677.0,88.63265306122449,1103.0,75.16326530612245,1494.0,747.0,138.0,733.0,11518.0
19/04/2004,03.00.00,14.666666666666668,850.0,17.0,562.0,88.33333333333333,1275.0,75.0,1407.0,589.0,131.0,783.0,11716.0
19/04/2004,04.00.00,14.578231292517007,885.0,21.0,589.0,88.03401360544217,1238.0,74.83673469387755,1443.0,635.0,130.0,782.0,11664.0
19/04/2004,05.00.00,14.489795918367346,888.0,22.0,597.0,87.73469387755102,1242.0,74.6734693877551,1428.0,671.0,143.0,701.0,11328.0
19/04/2004,06.00.00,14.401360544217688,1101.0,69.0,852.0,87.43537414965986,913.0,74.51020408163265,1655.0,992.0,140.0,709.0,11306.0
19/04/2004,07.00.00,14.312925170068027,1399.0,165.0,1195.0,87.1360544217687,680.0,74.34693877551021,1976.0,1308.0,154.0,642.0,11123.0
19/04/2004,08.00.00,14.224489795918366,1325.0,187.0,1260.0,86.83673469387756,652.0,74.18367346938776,1969.0,1303.0,165.0,579.0,10826.0
19/04/2004,09.00.00,14.136054421768709,1058.0,85.0,921.0,86.53741496598639,876.0,74.0204081632653,1594.0,893.0,188.0,480.0,10323.0
19/04/2004,10.00.00,14.047619047619047,990.0,68.0,846.0,86.23809523809524,947.0,73.85714285714286,1503.0,715.0,195.0,433.0,9706.0
19/04/2004,11.00.00,13.959183673469386,1018.0,75.0,879.0,85.93877551020408,950.0,73.6938775510204,1574.0,685.0,185.0,455.0,9606.0
19/04/2004,12.00.00,13.870748299319729,1105.0,109.0,1010.0,85.63945578231292,811.0,73.53061224489795,1709.0,947.0,180.0,467.0,9569.0
19/04/2004,13.00.00,13.782312925170068,1194.0,134.0,1097.0,85.34013605442178,743.0,73.36734693877551,1847.0,1049.0,165.0,582.0,10813.0
19/04/2004,14.00.00,13.693877551020408,1088.0,79.0,893.0,85.04081632653062,892.0,73.20408163265306,1565.0,741.0,121.0,756.0,10662.0
19/04/2004,15.00.00,13.60544217687075,1084.0,88.0,933.0,84.74149659863946,872.0,73.04081632653062,1602.0,801.0,111.0,756.0,9974.0
19/04/2004,16.00.00,13.517006802721088,1207.0,115.0,1032.0,84.4421768707483,797.0,72.87755102040816,1701.0,969.0,105.0,790.0,10016.0
19/04/2004,17.00.00,13.428571428571429,1186.0,118.0,1042.0,84.14285714285714,808.0,72.71428571428572,1684.0,1038.0,100.0,805.0,9853.0
19/04/2004,18.00.00,13.34013605442177,1053.0,83.0,911.0,83.843537414966,916.0,72.55102040816327,1528.0,889.0,113.0,705.0,9389.0
19/04/2004,19.00.00,13.251700680272108,1032.0,79.0,895.0,83.54421768707483,921.0,72.38775510204081,1508.0,879.0,107.0,715.0,9197.0
19/04/2004,20.00.00,13.16326530612245,989.0,67.0,846.0,83.24489795918367,960.0,72.22448979591837,1476.0,846.0,99.0,740.0,9009.0
19/04/2004,21.00.00,13.07482993197279,930.0,46.0,745.0,82.94557823129252,1085.0,72.06122448979592,1391.0,712.0,108.0,682.0,8806.0
19/04/2004,22.00.00,12.986394557823129,951.0,50.0,766.0,82.64625850340136,1056.0,71.89795918367346,1431.0,747.0,102.0,740.0,9176.0
19/04/2004,23.00.00,12.89795918367347,985.0,53.0,780.0,82.34693877551021,1017.0,71.73469387755102,1444.0,791.0,101.0,775.0,9579.0
20/04/2004,00.00.00,12.80952380952381,937.0,39.0,703.0,82.04761904761905,1136.0,71.57142857142857,1377.0,637.0,99.0,777.0,9497.0
20/04/2004,01.00.00,12.72108843537415,887.0,29.0,648.0,81.74829931972789,1222.0,71.40816326530613,1357.0,553.0,95.0,802.0,9533.0
20/04/2004,02.00.00,12.63265306122449,806.0,15.0,544.0,81.44897959183673,1429.0,71.24489795918367,1290.0,449.0,95.0,797.0,9489.0
20/04/2004,03.00.00,12.54421768707483,771.0,8.0,483.0,81.14965986394557,1587.0,71.08163265306122,1277.0,485.0,97.0,789.0,9487.0
20/04/2004,04.00.00,12.45578231292517,802.0,12.0,519.0,80.85034013605443,1523.0,70.91836734693878,1315.0,540.0,98.0,800.0,9670.0
20/04/2004,05.00.00,12.36734693877551,878.0,29.0,644.0,80.55102040816327,1260.0,70.75510204081633,1410.0,685.0,100.0,796.0,9800.0
20/04/2004,06.00.00,12.27891156462585,1070.0,76.0,883.0,80.25170068027211,942.0,70.59183673469389,1625.0,925.0,103.0,794.0,9927.0
20/04/2004,07.00.00,12.19047619047619,1430.0,207.0,1316.0,79.95238095238095,638.0,70.42857142857143,2069.0,1382.0,110.0,774.0,10135.0
20/04/2004,08.00.00,12.10204081632653,1565.0,299.0,1549.0,79.65306122448979,540.0,70.26530612244898,2396.0,1645.0,123.0,692.0,9906.0
20/04/2004,09.00.00,12.013605442176871,1365.0,201.0,1299.0,79.35374149659864,637.0,70.10204081632654,1999.0,1514.0,145.0,604.0,9936.0
20/04/2004,10.00.00,11.92517006802721,1348.0,171.0,1214.0,79.05442176870748,678.0,69.93877551020408,1874.0,1509.0,160.0,563.0,10185.0
20/04/2004,11.00.00,11.83673469387755,1311.0,194.0,1279.0,78.75510204081633,648.0,69.77551020408163,1991.0,1520.0,181.0,511.0,10551.0
20/04/2004,12.00.00,11.748299319727892,1302.0,187.0,1260.0,78.45578231292517,658.0,69.61224489795919,1970.0,1471.0,230.0,375.0,10389.0
20/04/2004,13.00.00,11.65986394557823,1250.0,158.0,1173.0,78.156462585034,720.0,69.44897959183673,1870.0,1282.0,218.0,396.0,10209.0
20/04/2004,14.00.00,11.571428571428571,1083.0,103.0,988.0,77.85714285714286,859.0,69.28571428571429,1643.0,1004.0,219.0,372.0,9683.0
20/04/2004,15.00.00,11.482993197278912,1005.0,79.0,894.0,77.5578231292517,956.0,69.12244897959184,1530.0,714.0,238.0,314.0,9132.0
20/04/2004,16.00.00,11.39455782312925,1129.0,137.0,1107.0,77.25850340136054,844.0,68.95918367346938,1742.0,940.0,259.0,269.0,8845.0
20/04/2004,17.00.00,11.306122448979592,1327.0,197.0,1289.0,76.95918367346938,712.0,68.79591836734694,1938.0,1272.0,258.0,299.0,9808.0
20/04/2004,18.00.00,11.217687074829932,1428.0,253.0,1437.0,76.65986394557822,599.0,68.63265306122449,2156.0,1526.0,226.0,395.0,10679.0
20/04/2004,19.00.00,11.129251700680271,1426.0,239.0,1400.0,76.36054421768708,612.0,68.46938775510205,2102.0,1488.0,199.0,450.0,10364.0
20/04/2004,20.00.00,11.040816326530612,1310.0,206.0,1313.0,76.06122448979592,663.0,68.3061224489796,1958.0,1475.0,179.0,474.0,9657.0
20/04/2004,21.00.00,10.952380952380953,1114.0,123.0,1059.0,75.76190476190476,792.0,68.14285714285714,1704.0,1182.0,168.0,504.0,9545.0
20/04/2004,22.00.00,10.863945578231293,991.0,77.0,889.0,75.46258503401361,932.0,67.9795918367347,1550.0,933.0,160.0,520.0,9375.0
20/04/2004,23.00.00,10.775510204081632,1089.0,90.0,940.0,75.16326530612244,866.0,67.81632653061224,1589.0,1001.0,142.0,591.0,9520.0
21/04/2004,00.00.00,10.687074829931973,911.0,45.0,740.0,74.8639455782313,1071.0,67.65306122448979,1412.0,756.0,142.0,567.0,9111.0
21/04/2004,01.00.00,10.598639455782314,1005.0,58.0,802.0,74.56462585034014,976.0,67.48979591836735,1474.0,952.0,122.0,677.0,9625.0
21/04/2004,02.00.00,10.510204081632653,863.0,32.0,664.0,74.26530612244898,1172.0,67.3265306122449,1381.0,808.0,132.0,617.0,9328.0
21/04/2004,03.00.00,10.421768707482993,857.0,30.0,653.0,73.96598639455783,1197.0,67.16326530612245,1375.0,779.0,109.0,710.0,9249.0
21/04/2004,04.00.00,10.333333333333334,804.0,20.0,585.0,73.66666666666667,1301.0,67.0,1319.0,717.0,113.0,676.0,9038.0
21/04/2004,05.00.00,10.244897959183673,871.0,37.0,694.0,73.36734693877551,1160.0,66.83673469387756,1421.0,779.0,101.0,718.0,8880.0
21/04/2004,06.00.00,10.156462585034014,1035.0,87.0,929.0,73.06802721088435,887.0,66.6734693877551,1599.0,1009.0,102.0,709.0,8841.0
21/04/2004,07.00.00,10.068027210884354,1513.0,270.0,1480.0,72.7687074829932,572.0,66.51020408163265,2249.0,1595.0,118.0,660.0,9085.0
21/04/2004,08.00.00,9.979591836734693,1726.0,403.0,1776.0,72.46938775510205,478.0,66.34693877551021,2684.0,1940.0,140.0,582.0,9271.0
21/04/2004,09.00.00,9.891156462585034,1396.0,200.0,1296.0,72.17006802721089,619.0,66.18367346938776,1991.0,1628.0,170.0,502.0,9646.0
21/04/2004,10.00.00,9.802721088435375,1333.0,171.0,1212.0,71.87074829931973,668.0,66.0204081632653,1854.0,1573.0,223.0,369.0,9838.0
21/04/2004,11.00.00,9.714285714285714,1161.0,110.0,1016.0,71.57142857142857,849.0,65.85714285714286,1642.0,1187.0,244.0,309.0,9340.0
21/04/2004,12.00.00,9.625850340136054,1081.0,106.0,1000.0,71.27210884353741,900.0,65.6938775510204,1561.0,900.0,259.0,267.0,8771.0
21/04/2004,13.00.00,9.537414965986395,1075.0,105.0,998.0,70.97278911564626,914.0,65.53061224489795,1574.0,800.0,258.0,261.0,8540.0
21/04/2004,14.00.00,9.448979591836734,1055.0,96.0,964.0,70.6734693877551,953.0,65.36734693877551,1513.0,770.0,263.0,248.0,8393.0
21/04/2004,15.00.00,9.360544217687075,1053.0,93.0,953.0,70.37414965986395,988.0,65.20408163265306,1483.0,758.0,270.0,222.0,7805.0
21/04/2004,16.00.00,9.272108843537415,1087.0,127.0,1075.0,70.07482993197279,944.0,65.04081632653062,1558.0,886.0,273.0,205.0,7308.0
21/04/2004,17.00.00,9.183673469387754,1304.0,198.0,1291.0,69.77551020408163,765.0,64.87755102040816,1838.0,1219.0,258.0,241.0,7912.0
21/04/2004,18.00.00,9.095238095238095,1625.0,325.0,1608.0,69.47619047619048,601.0,64.71428571428572,2271.0,1725.0,253.0,289.0,9151.0
21/04/2004,19.00.00,9.006802721088436,1649.0,336.0,1633.0,69.17687074829932,584.0,64.55102040816327,2328.0,1745.0,238.0,337.0,9786.0
21/04/2004,20.00.00,8.918367346938775,1443.0,260.0,1455.0,68.87755102040816,635.0,64.38775510204081,2073.0,1600.0,214.0,360.0,9059.0
21/04/2004,21.00.00,8.829931972789115,1209.0,164.0,1193.0,68.57823129251702,753.0,64.22448979591837,1737.0,1310.0,198.0,395.0,9016.0
21/04/2004,22.00.00,8.741496598639456,1105.0,106.0,1000.0,68.27891156462584,847.0,64.06122448979592,1573.0,1208.0,192.0,421.0,9273.0
21/04/2004,23.00.00,8.653061224489797,1020.0,71.0,863.0,67.9795918367347,933.0,63.89795918367347,1492.0,1074.0,188.0,458.0,9855.0
22/04/2004,00.00.00,8.564625850340136,991.0,64.0,828.0,67.68027210884354,973.0,63.734693877551024,1469.0,993.0,171.0,508.0,9828.0
22/04/2004,01.00.00,8.476190476190476,937.0,46.0,741.0,67.38095238095238,1058.0,63.57142857142857,1420.0,923.0,162.0,534.0,9775.0
22/04/2004,02.00.00,8.387755102040817,882.0,30.0,654.0,67.08163265306123,1141.0,63.40816326530613,1377.0,819.0,160.0,535.0,9691.0
22/04/2004,03.00.00,8.299319727891156,843.0,22.0,597.0,66.78231292517006,1242.0,63.244897959183675,1341.0,727.0,143.0,592.0,9601.0
22/04/2004,04.00.00,8.210884353741497,819.0,17.0,565.0,66.48299319727892,1295.0,63.08163265306123,1316.0,694.0,133.0,626.0,9498.0
22/04/2004,05.00.00,8.122448979591837,834.0,22.0,596.0,66.18367346938776,1276.0,62.91836734693878,1335.0,727.0,134.0,595.0,9097.0
22/04/2004,06.00.00,8.034013605442176,977.0,57.0,800.0,65.8843537414966,990.0,62.755102040816325,1474.0,926.0,122.0,641.0,9062.0
22/04/2004,07.00.00,7.945578231292517,1234.0,138.0,1109.0,65.58503401360545,767.0,62.59183673469388,1729.0,1194.0,139.0,572.0,9029.0
22/04/2004,08.00.00,7.857142857142858,1403.0,216.0,1340.0,65.28571428571428,623.0,62.42857142857143,2003.0,1502.0,152.0,532.0,9107.0
22/04/2004,09.00.00,7.768707482993197,1538.0,261.0,1458.0,64.98639455782313,593.0,62.265306122448976,2186.0,1743.0,192.0,416.0,9154.0
22/04/2004,10.00.00,7.680272108843537,1343.0,201.0,1299.0,64.68707482993197,694.0,62.102040816326536,1945.0,1542.0,237.0,306.0,8854.0
22/04/2004,11.00.00,7.591836734693878,1243.0,154.0,1162.0,64.38775510204081,766.0,61.93877551020408,1731.0,1354.0,261.0,268.0,8921.0
22/04/2004,12.00.00,7.503401360544217,1201.0,136.0,1102.0,64.08843537414967,814.0,61.775510204081634,1682.0,1175.0,281.0,244.0,9138.0
22/04/2004,13.00.00,7.414965986394558,1121.0,111.0,1020.0,63.7891156462585,893.0,61.61224489795919,1585.0,916.0,283.0,239.0,9060.0
22/04/2004,14.00.00,7.326530612244898,1087.0,122.0,1055.0,63.48979591836735,908.0,61.44897959183673,1562.0,818.0,280.0,210.0,7814.0
22/04/2004,15.00.00,7.238095238095237,1165.0,175.0,1225.0,63.19047619047619,824.0,61.28571428571429,1676.0,1028.0,308.0,164.0,7167.0
22/04/2004,16.00.00,7.149659863945578,1224.0,191.0,1270.0,62.89115646258504,806.0,61.12244897959184,1739.0,1113.0,313.0,162.0,7262.0
22/04/2004,17.00.00,7.061224489795919,1431.0,271.0,1482.0,62.59183673469388,679.0,60.95918367346939,2025.0,1431.0,294.0,205.0,8262.0
22/04/2004,18.00.00,6.972789115646258,1433.0,283.0,1510.0,62.29251700680272,661.0,60.79591836734694,2038.0,1503.0,258.0,243.0,7940.0
22/04/2004,19.00.00,6.884353741496598,1527.0,350.0,1664.0,61.993197278911566,587.0,60.63265306122449,2238.0,1775.0,238.0,295.0,8559.0
22/04/2004,20.00.00,6.795918367346939,1387.0,224.0,1361.0,61.69387755102041,701.0,60.46938775510205,1932.0,1505.0,220.0,348.0,9080.0
22/04/2004,21.00.00,6.707482993197278,1158.0,135.0,1100.0,61.394557823129254,835.0,60.30612244897959,1659.0,1211.0,202.0,374.0,8748.0
22/04/2004,22.00.00,6.619047619047619,1009.0,82.0,907.0,61.095238095238095,982.0,60.142857142857146,1466.0,872.0,193.0,388.0,8559.0
22/04/2004,23.00.00,6.530612244897959,1026.0,78.0,890.0,60.795918367346935,976.0,59.9795918367347,1467.0,855.0,179.0,437.0,8856.0
23/04/2004,00.00.00,6.4421768707483,1119.0,100.0,979.0,60.49659863945578,873.0,59.816326530612244,1593.0,1170.0,172.0,479.0,9334.0
23/04/2004,01.00.00,6.353741496598639,1000.0,66.0,839.0,60.197278911564624,958.0,59.6530612244898,1467.0,1024.0,163.0,497.0,9160.0
23/04/2004,02.00.00,6.26530612244898,866.0,34.0,675.0,59.89795918367347,1155.0,59.48979591836735,1337.0,841.0,167.0,465.0,8755.0
23/04/2004,03.00.00,6.17687074829932,848.0,28.0,642.0,59.59863945578231,1202.0,59.326530612244895,1325.0,760.0,146.0,530.0,8775.0
23/04/2004,04.00.00,6.088435374149659,844.0,23.0,608.0,59.29931972789116,1213.0,59.163265306122454,1314.0,803.0,141.0,539.0,8633.0
23/04/2004,05.00.00,6.0,852.0,29.0,646.0,59.0,1186.0,59.0,1321.0,793.0,142.0,522.0,8413.0
23/04/2004,06.00.00,8.0,923.0,49.0,757.0,72.0,1041.0,67.0,1418.0,906.0,143.0,554.0,9003.0
23/04/2004,07.00.00,4.0,1490.0,226.0,1368.0,244.0,627.0,95.0,2119.0,1541.0,140.0,580.0,9202.0
23/04/2004,08.00.00,56.0,1662.0,311.0,1576.0,351.0,523.0,123.0,2417.0,1861.0,154.0,533.0,9289.0
23/04/2004,09.00.00,5.0,1553.0,221.0,1354.0,358.0,621.0,142.0,2030.0,1895.0,191.0,421.0,9233.0
23/04/2004,10.00.00,32.0,1423.0,183.0,1247.0,245.0,706.0,142.0,1887.0,1684.0,237.0,310.0,8968.0
23/04/2004,11.00.00,38.0,1458.0,220.0,1350.0,240.0,677.0,169.0,1947.0,1731.0,269.0,257.0,8942.0
23/04/2004,12.00.00,33.0,1349.0,201.0,1299.0,179.0,728.0,142.0,1838.0,1402.0,297.0,206.0,8478.0
23/04/2004,13.00.00,3.0,1326.0,189.0,1265.0,160.0,757.0,136.0,1835.0,1246.0,292.0,215.0,8573.0
23/04/2004,14.00.00,32.0,1356.0,206.0,1312.0,174.0,729.0,147.0,1865.0,1342.0,296.0,201.0,8181.0
23/04/2004,15.00.00,44.0,1460.0,253.0,1438.0,260.0,680.0,196.0,1953.0,1489.0,300.0,194.0,8100.0
23/04/2004,16.00.00,46.0,1497.0,258.0,1449.0,281.0,679.0,186.0,1985.0,1532.0,295.0,201.0,8136.0
23/04/2004,17.00.00,52.0,1645.0,306.0,1566.0,284.0,599.0,177.0,2228.0,1909.0,270.0,268.0,9403.0
23/04/2004,18.00.00,48.0,1557.0,271.0,1483.0,250.0,615.0,164.0,2087.0,1757.0,249.0,308.0,9540.0
23/04/2004,19.00.00,56.0,1747.0,325.0,1608.0,281.0,557.0,161.0,2335.0,1983.0,231.0,367.0,10244.0
23/04/2004,20.00.00,46.0,1482.0,208.0,1319.0,230.0,660.0,146.0,1975.0,1703.0,215.0,408.0,10333.0
23/04/2004,21.00.00,18.0,1211.0,109.0,1010.0,98.0,816.0,98.0,1619.0,1246.0,205.0,415.0,9864.0
23/04/2004,22.00.00,22.0,1294.0,130.0,1083.0,121.0,770.0,108.0,1687.0,1321.0,192.0,449.0,9875.0
23/04/2004,23.00.00,2.0,1300.0,118.0,1043.0,110.0,777.0,107.0,1659.0,1375.0,188.0,477.0,10221.0
24/04/2004,00.00.00,28.0,1402.0,134.0,1098.0,161.0,736.0,113.0,1729.0,1456.0,182.0,497.0,10284.0
24/04/2004,01.00.00,26.0,1349.0,134.0,1097.0,148.0,707.0,100.0,1763.0,1442.0,161.0,574.0,10451.0
24/04/2004,02.00.00,18.0,1161.0,90.0,938.0,109.0,827.0,87.0,1597.0,1243.0,163.0,553.0,10178.0
24/04/2004,03.00.00,11.0,1022.0,58.0,802.0,77.0,916.0,73.5,1481.0,1078.0,157.0,536.0,9483.0
24/04/2004,04.00.00,9.0,948.0,38.0,700.0,45.0,1045.0,60.0,1430.0,939.0,169.0,498.0,9514.0
24/04/2004,05.00.00,7.0,933.0,37.0,697.0,71.0,1045.0,65.0,1403.0,937.0,148.0,577.0,9644.0
24/04/2004,06.00.00,9.0,1021.0,57.0,800.0,75.0,931.0,64.0,1483.0,1019.0,140.0,597.0,9499.0
24/04/2004,07.00.00,15.0,1134.0,100.0,979.0,106.0,794.0,73.0,1639.0,1140.0,146.0,568.0,9385.0
24/04/2004,08.00.00,25.0,1311.0,150.0,1147.0,166.0,681.0,86.0,1838.0,1351.0,167.0,519.0,9788.0
24/04/2004,09.00.00,3.0,1409.0,156.0,1169.0,188.0,685.0,105.0,1874.0,1459.0,200.0,450.0,10390.0
24/04/2004,10.00.00,26.0,1301.0,123.0,1059.0,161.0,787.0,107.0,1727.0,1297.0,239.0,337.0,9837.0
24/04/2004,11.00.00,26.0,1354.0,144.0,1130.0,139.0,765.0,114.0,1808.0,1291.0,268.0,295.0,10209.0
24/04/2004,12.00.00,26.0,1391.0,146.0,1136.0,134.0,738.0,105.0,1840.0,1296.0,272.0,324.0,11493.0
24/04/2004,13.00.00,19.0,1200.0,87.0,929.0,84.0,879.0,74.0,1623.0,972.0,269.0,321.0,11217.0
24/04/2004,14.00.00,2.0,1338.0,110.0,1016.0,98.0,798.0,95.0,1766.0,1194.0,243.0,418.0,12561.0
24/04/2004,15.00.00,17.0,1223.0,90.0,938.0,91.0,884.0,89.0,1610.0,880.0,256.0,360.0,11629.0
24/04/2004,16.00.00,19.0,1278.0,107.0,1003.0,99.0,845.0,95.0,1691.0,909.0,270.0,318.0,11176.0
24/04/2004,17.00.00,18.0,1257.0,99.0,973.0,90.0,860.0,93.0,1634.0,839.0,275.0,316.0,11417.0
24/04/2004,18.00.00,28.0,1497.0,157.0,1171.0,147.0,725.0,123.0,1899.0,1248.0,249.0,381.0,11838.0
24/04/2004,19.00.00,35.0,1567.0,194.0,1280.0,177.0,661.0,134.0,1970.0,1476.0,234.0,397.0,11276.0
24/04/2004,20.00.00,34.0,1503.0,168.0,1203.0,162.0,651.0,126.0,1863.0,1502.0,212.0,508.0,12631.0
24/04/2004,21.00.00,2.0,1169.0,68.0,850.0,88.0,906.0,79.0,1584.0,873.0,156.0,735.0,12953.0
24/04/2004,22.00.00,11.0,1007.0,30.0,650.0,53.0,1157.0,54.0,1404.0,528.0,129.0,797.0,11774.0
24/04/2004,23.00.00,13.0,1004.0,32.0,667.0,68.0,1157.0,69.0,1365.0,492.0,115.0,769.0,10436.0
25/04/2004,00.00.00,12.0,967.0,31.0,661.0,61.0,1181.0,67.0,1321.0,463.0,122.0,668.0,9455.0
25/04/2004,01.00.00,13.0,984.0,39.0,707.0,71.0,1131.0,73.0,1359.0,494.0,124.0,641.0,9209.0
25/04/2004,02.00.00,1.0,931.0,36.0,689.0,63.0,1161.0,73.0,1317.0,503.0,127.0,587.0,8605.0
25/04/2004,03.00.00,13.0,966.0,45.0,737.0,43.0,1083.0,53.0,1363.0,581.0,126.0,586.0,8529.0
25/04/2004,04.00.00,8.0,777.0,12.0,521.0,23.0,1535.0,33.0,1121.0,350.0,125.0,512.0,7374.0
25/04/2004,05.00.00,3.0,763.0,7.0,471.0,14.0,1783.0,20.0,1098.0,305.0,125.0,509.0,7346.0
25/04/2004,06.00.00,5.0,804.0,11.0,505.0,34.0,1718.0,37.0,1148.0,329.0,128.0,493.0,7285.0
25/04/2004,07.00.00,6.0,830.0,14.0,535.0,42.0,1496.0,50.0,1184.0,375.0,135.0,486.0,7487.0
25/04/2004,08.00.00,6.0,833.0,16.0,553.0,40.0,1476.0,45.0,1180.0,373.0,144.0,459.0,7476.0
25/04/2004,09.00.00,8.0,875.0,23.0,603.0,48.0,1370.0,48.0,1206.0,385.0,151.0,439.0,7487.0
25/04/2004,10.00.00,1.0,882.0,25.0,621.0,61.0,1346.0,56.0,1216.0,403.0,166.0,386.0,7236.0
25/04/2004,11.00.00,9.0,862.0,27.0,635.0,58.0,1320.0,58.0,1193.0,393.0,172.0,350.0,6789.0
25/04/2004,12.00.00,1.0,863.0,27.0,636.0,57.0,1290.0,52.0,1185.0,388.0,174.0,339.0,6683.0
25/04/2004,13.00.00,8.0,830.0,22.0,596.0,54.0,1389.0,52.0,1145.0,371.0,179.0,307.0,6234.0
25/04/2004,14.00.00,7.0,807.0,20.0,584.0,41.0,1488.0,44.0,1104.0,347.0,183.0,272.0,5675.0
25/04/2004,15.00.00,9.0,873.0,34.0,675.0,57.0,1343.0,59.0,1181.0,396.0,194.0,257.0,5738.0
25/04/2004,16.00.00,13.0,931.0,45.0,739.0,83.0,1274.0,74.0,1219.0,474.0,202.0,241.0,5630.0
25/04/2004,17.00.00,14.0,918.0,47.0,748.0,81.0,1228.0,76.0,1219.0,505.0,196.0,249.0,5625.0
25/04/2004,18.00.00,15.0,1001.0,60.0,811.0,98.0,1122.0,83.0,1344.0,625.0,185.0,278.0,5843.0
25/04/2004,19.00.00,27.0,1169.0,117.0,1039.0,124.0,883.0,100.0,1550.0,941.0,178.0,303.0,6129.0
25/04/2004,20.00.00,25.0,1085.0,82.0,907.0,133.0,976.0,101.0,1419.0,893.0,166.0,340.0,6353.0
25/04/2004,21.00.00,14.0,940.0,51.0,769.0,100.0,1103.0,90.0,1310.0,731.0,155.0,370.0,6447.0
25/04/2004,22.00.00,28.0,1126.0,130.0,1083.0,116.0,875.0,93.0,1654.0,955.0,148.0,395.0,6595.0
25/04/2004,23.00.00,21.0,978.0,70.0,858.0,102.0,1013.0,79.0,1379.0,761.0,145.0,420.0,6896.0
26/04/2004,00.00.00,11.0,893.0,39.0,703.0,55.0,1192.0,57.0,1283.0,515.0,141.0,449.0,7206.0
26/04/2004,01.00.00,7.0,838.0,22.0,601.0,33.0,1361.0,43.0,1220.0,434.0,142.0,455.0,7333.0
26/04/2004,02.00.00,4.0,803.0,13.0,527.0,17.0,1513.0,25.0,1152.0,369.0,141.0,453.0,7247.0
26/04/2004,03.00.00,3.0,775.0,8.0,477.0,13.5,1722.0,21.0,1115.0,335.0,140.0,443.0,7038.0
26/04/2004,04.00.00,3.5,767.0,6.0,454.0,10.0,1826.0,17.0,1091.0,319.0,141.0,430.0,6890.0
26/04/2004,05.00.00,4.0,809.0,12.0,521.0,35.0,1575.0,44.0,1158.0,378.0,139.0,439.0,6923.0
26/04/2004,06.00.00,8.0,898.0,34.0,676.0,70.0,1271.0,72.0,1307.0,517.0,140.0,438.0,6959.0
26/04/2004,07.00.00,19.0,1053.0,75.0,880.0,116.0,982.0,91.0,1464.0,786.0,144.0,436.0,7113.0
26/04/2004,08.00.00,21.0,1033.0,89.0,934.0,134.0,917.0,89.0,1490.0,844.0,150.0,417.0,7093.0
26/04/2004,09.00.00,14.0,941.0,53.0,780.0,113.0,1080.0,84.0,1343.0,720.0,163.0,384.0,7052.0
26/04/2004,10.00.00,14.0,941.0,54.0,782.0,110.0,1102.0,83.0,1328.0,668.0,183.0,323.0,6760.0
26/04/2004,11.00.00,13.0,917.0,52.0,772.0,98.0,1098.0,78.0,1311.0,605.0,188.0,317.0,6821.0
26/04/2004,12.00.00,15.0,977.0,66.0,837.0,96.0,1038.0,80.0,1413.0,646.0,196.0,309.0,6968.0
26/04/2004,13.00.00,16.0,994.0,69.0,851.0,95.0,1018.0,75.0,1436.0,640.0,202.0,307.0,7176.0
26/04/2004,14.00.00,13.0,942.0,54.0,785.0,86.0,1065.0,77.0,1365.0,571.0,197.0,325.0,7396.0
26/04/2004,15.00.00,14.0,981.0,60.0,810.0,86.0,1060.0,77.0,1395.0,605.0,207.0,316.0,7602.0
26/04/2004,16.00.00,15.0,984.0,64.0,832.0,91.0,1034.0,81.0,1410.0,636.0,200.0,327.0,7545.0
26/04/2004,17.00.00,22.0,1116.0,107.0,1003.0,119.0,864.0,101.0,1625.0,886.0,186.0,354.0,7535.0
26/04/2004,18.00.00,32.0,1181.0,139.0,1114.0,147.0,787.0,119.0,1685.0,1032.0,183.0,359.0,7501.0
26/04/2004,19.00.00,3.0,1163.0,125.0,1068.0,135.0,811.0,111.0,1616.0,977.0,178.0,375.0,7568.0
26/04/2004,20.00.00,26.0,1081.0,93.0,950.0,124.0,907.0,109.0,1496.0,924.0,173.0,388.0,7584.0
26/04/2004,21.00.00,16.0,1017.0,67.0,842.0,89.0,1000.0,101.0,1441.0,846.0,173.0,388.0,7596.0
26/04/2004,22.00.00,15.0,966.0,53.0,778.0,79.0,1057.0,89.0,1359.0,755.0,164.0,408.0,7542.0
26/04/2004,23.00.00,12.0,924.0,40.0,709.0,63.0,1158.0,75.0,1318.0,610.0,160.0,414.0,7487.0
27/04/2004,00.00.00,8.0,861.0,22.0,601.0,39.0,1351.0,51.0,1225.0,439.0,154.0,430.0,7482.0
27/04/2004,01.00.00,7.0,826.0,17.0,560.0,25.0,1424.0,39.0,1197.0,402.0,157.0,425.0,7539.0
27/04/2004,02.00.00,5.0,846.0,16.0,557.0,19.0,1385.0,32.0,1212.0,406.0,156.0,434.0,7651.0
27/04/2004,03.00.00,5.0,842.0,15.0,545.0,26.5,1423.0,40.5,1224.0,424.0,152.0,458.0,7864.0
27/04/2004,04.00.00,6.0,909.0,25.0,617.0,34.0,1236.0,49.0,1302.0,558.0,147.0,499.0,8280.0
27/04/2004,05.00.00,7.0,930.0,33.0,670.0,58.0,1143.0,68.0,1339.0,746.0,155.0,473.0,8282.0
27/04/2004,06.00.00,14.0,1120.0,89.0,935.0,112.0,843.0,76.0,1593.0,1126.0,144.0,531.0,8677.0
27/04/2004,07.00.00,41.0,1518.0,234.0,1389.0,314.0,589.0,122.0,2101.0,1703.0,159.0,485.0,8704.0
27/04/2004,08.00.00,46.0,1461.0,238.0,1398.0,240.0,630.0,129.0,2050.0,1628.0,181.0,403.0,8294.0
27/04/2004,09.00.00,19.0,1075.0,79.0,896.0,128.0,938.0,94.0,1487.0,936.0,196.0,359.0,8100.0
27/04/2004,10.00.00,19.0,1061.0,82.0,908.0,141.0,968.0,99.0,1455.0,890.0,228.0,291.0,7960.0
27/04/2004,11.00.00,17.0,1066.0,88.0,931.0,118.0,979.0,81.0,1474.0,757.0,248.0,253.0,7793.0
27/04/2004,12.00.00,24.0,1179.0,146.0,1137.0,132.0,829.0,87.0,1651.0,949.0,272.0,220.0,7785.0
27/04/2004,13.00.00,3.0,1251.0,180.0,1238.0,150.0,773.0,107.0,1779.0,1109.0,282.0,204.0,7677.0
27/04/2004,14.00.00,2.0,1120.0,120.0,1048.0,121.0,898.0,95.0,1560.0,870.0,254.0,242.0,7733.0
27/04/2004,15.00.00,27.0,1187.0,148.0,1142.0,149.0,840.0,110.0,1651.0,1011.0,257.0,238.0,7737.0
27/04/2004,16.00.00,22.0,1145.0,125.0,1066.0,120.0,903.0,99.0,1592.0,885.0,272.0,221.0,7811.0
27/04/2004,17.00.00,29.0,1215.0,155.0,1164.0,155.0,817.0,113.0,1689.0,1015.0,270.0,223.0,7860.0
27/04/2004,18.00.00,34.0,1317.0,177.0,1231.0,172.0,766.0,127.0,1798.0,1155.0,245.0,278.0,8433.0
27/04/2004,19.00.00,39.0,1388.0,216.0,1341.0,177.0,702.0,131.0,1955.0,1315.0,237.0,302.0,8718.0
27/04/2004,20.00.00,36.0,1295.0,189.0,1266.0,181.0,716.0,137.0,1849.0,1359.0,215.0,345.0,8746.0
27/04/2004,21.00.00,25.0,1153.0,125.0,1066.0,135.0,811.0,122.0,1651.0,1194.0,199.0,378.0,8675.0
27/04/2004,22.00.00,18.0,1078.0,88.0,932.0,99.0,905.0,100.0,1511.0,951.0,189.0,406.0,8771.0
27/04/2004,23.00.00,2.0,1133.0,109.0,1012.0,111.0,806.0,108.0,1608.0,1054.0,179.0,435.0,8840.0
28/04/2004,00.00.00,13.0,1055.0,80.0,899.0,72.0,880.0,83.0,1504.0,980.0,174.0,463.0,9112.0
28/04/2004,01.00.00,1.0,953.0,44.0,735.0,54.0,999.0,74.0,1396.0,898.0,181.0,447.0,9186.0
28/04/2004,02.00.00,6.0,892.0,28.0,639.0,41.0,1139.0,64.0,1359.0,803.0,165.0,501.0,9331.0
28/04/2004,03.00.00,6.0,895.0,27.0,632.0,32.5,1167.0,52.0,1347.0,684.0,142.0,569.0,9141.0
28/04/2004,04.00.00,5.5,859.0,22.0,602.0,24.0,1209.0,40.0,1321.0,644.0,147.0,562.0,9341.0
28/04/2004,05.00.00,5.0,856.0,25.0,619.0,29.0,1191.0,39.0,1345.0,677.0,163.0,528.0,9722.0
28/04/2004,06.00.00,11.0,1030.0,75.0,880.0,76.0,892.0,69.0,1539.0,996.0,139.0,607.0,9597.0
28/04/2004,07.00.00,55.0,1689.0,304.0,1560.0,321.0,529.0,104.0,2396.0,1736.0,150.0,583.0,9876.0
28/04/2004,08.00.00,42.0,1486.0,220.0,1351.0,274.0,571.0,100.0,2112.0,1692.0,161.0,548.0,9960.0
28/04/2004,09.00.00,46.0,1592.0,247.0,1423.0,322.0,577.0,146.0,2155.0,2108.0,193.0,464.0,10248.0
28/04/2004,10.00.00,34.0,1469.0,184.0,1252.0,255.0,692.0,155.0,1903.0,1807.0,242.0,338.0,10097.0
28/04/2004,11.00.00,28.0,1364.0,168.0,1205.0,196.0,723.0,139.0,1850.0,1566.0,267.0,287.0,9895.0
28/04/2004,12.00.00,25.0,1285.0,142.0,1123.0,136.0,755.0,121.0,1741.0,1293.0,274.0,282.0,10098.0
28/04/2004,13.00.00,24.0,1311.0,157.0,1170.0,119.0,748.0,108.0,1787.0,1219.0,281.0,269.0,10094.0
28/04/2004,14.00.00,32.0,1416.0,219.0,1348.0,169.0,684.0,126.0,1969.0,1330.0,277.0,265.0,9693.0
28/04/2004,15.00.00,35.0,1387.0,208.0,1318.0,197.0,701.0,145.0,1890.0,1299.0,284.0,234.0,8935.0
28/04/2004,16.00.00,29.0,1329.0,162.0,1185.0,140.0,768.0,121.0,1750.0,1111.0,284.0,260.0,9922.0
28/04/2004,17.00.00,36.0,1496.0,198.0,1292.0,178.0,680.0,145.0,1878.0,1300.0,273.0,300.0,10752.0
28/04/2004,18.00.00,48.0,1676.0,289.0,1525.0,223.0,567.0,160.0,2226.0,1653.0,243.0,373.0,11199.0
28/04/2004,19.00.00,54.0,1724.0,283.0,1510.0,222.0,562.0,155.0,2252.0,1716.0,231.0,422.0,11746.0
28/04/2004,20.00.00,53.0,1642.0,249.0,1426.0,265.0,597.0,162.0,2117.0,1720.0,218.0,436.0,11226.0
28/04/2004,21.00.00,27.0,1267.0,131.0,1088.0,151.0,764.0,129.0,1740.0,1339.0,198.0,468.0,10702.0
28/04/2004,22.00.00,14.0,1146.0,86.0,923.0,79.0,845.0,96.0,1575.0,1166.0,196.0,498.0,11221.0
28/04/2004,23.00.00,16.0,1216.0,95.0,960.0,87.0,788.0,92.0,1662.0,1256.0,179.0,562.0,11420.0
29/04/2004,00.00.00,15.0,1128.0,78.0,891.0,88.0,838.0,89.0,1574.0,1125.0,174.0,556.0,10963.0
29/04/2004,01.00.00,1.0,1042.0,52.0,772.0,51.0,923.0,61.0,1495.0,968.0,168.0,595.0,11269.0
29/04/2004,02.00.00,6.0,926.0,28.0,639.0,34.0,1115.0,54.0,1409.0,814.0,159.0,601.0,10806.0
29/04/2004,03.00.00,4.0,898.0,23.0,608.0,32.5,1154.0,49.0,1386.0,743.0,156.0,612.0,10784.0
29/04/2004,04.00.00,6.0,889.0,25.0,617.0,31.0,1168.0,44.0,1382.0,758.0,146.0,634.0,10446.0
29/04/2004,05.00.00,8.0,959.0,44.0,734.0,76.0,1038.0,57.0,1470.0,861.0,133.0,670.0,10203.0
29/04/2004,06.00.00,15.0,1097.0,94.0,956.0,139.0,827.0,68.0,1620.0,1047.0,129.0,665.0,9846.0
29/04/2004,07.00.00,49.0,1674.0,298.0,1547.0,293.0,539.0,95.0,2405.0,1665.0,148.0,613.0,10237.0
29/04/2004,08.00.00,72.0,1771.0,362.0,1690.0,368.0,461.0,125.0,2572.0,1982.0,161.0,565.0,10274.0
29/04/2004,09.00.00,35.0,1408.0,180.0,1241.0,250.0,648.0,135.0,1886.0,1711.0,186.0,478.0,10143.0
29/04/2004,10.00.00,21.0,1156.0,109.0,1009.0,145.0,875.0,118.0,1583.0,1204.0,238.0,302.0,8771.0
29/04/2004,11.00.00,15.0,1042.0,90.0,941.0,110.0,971.0,91.0,1491.0,871.0,254.0,250.0,7966.0
29/04/2004,12.00.00,2.0,1167.0,144.0,1128.0,104.0,829.0,89.0,1716.0,1040.0,256.0,255.0,8234.0
29/04/2004,13.00.00,38.0,1398.0,223.0,1360.0,205.0,656.0,129.0,2037.0,1439.0,249.0,299.0,9325.0
29/04/2004,14.00.00,34.0,1458.0,209.0,1321.0,201.0,654.0,122.0,2023.0,1516.0,224.0,379.0,10160.0
29/04/2004,15.00.00,44.0,1554.0,231.0,1379.0,266.0,614.0,138.0,2151.0,1693.0,217.0,440.0,11242.0
29/04/2004,16.00.00,39.0,1495.0,212.0,1331.0,246.0,615.0,136.0,2069.0,1635.0,214.0,444.0,11176.0
29/04/2004,17.00.00,49.0,1560.0,248.0,1424.0,247.0,579.0,143.0,2176.0,1688.0,208.0,453.0,11016.0
29/04/2004,18.00.00,54.0,1664.0,286.0,1519.0,271.0,553.0,145.0,2312.0,1820.0,202.0,486.0,11354.0
29/04/2004,19.00.00,65.0,1761.0,326.0,1610.0,332.0,502.0,146.0,2488.0,2006.0,202.0,508.0,11924.0
29/04/2004,20.00.00,43.0,1524.0,192.0,1275.0,245.0,608.0,122.0,2046.0,1740.0,186.0,576.0,12233.0
29/04/2004,21.00.00,29.0,1398.0,163.0,1189.0,180.0,646.0,112.0,1931.0,1577.0,182.0,588.0,12173.0
29/04/2004,22.00.00,27.0,1342.0,137.0,1106.0,156.0,694.0,102.0,1856.0,1443.0,178.0,610.0,12352.0
29/04/2004,23.00.00,28.0,1433.0,136.0,1104.0,172.0,681.0,97.0,1876.0,1411.0,170.0,707.0,13554.0
30/04/2004,00.00.00,23.0,1297.0,111.0,1019.0,137.0,733.0,85.0,1823.0,1217.0,162.0,769.0,14051.0
30/04/2004,01.00.00,17.0,1179.0,76.0,884.0,91.0,830.0,76.0,1696.0,1086.0,157.0,786.0,13943.0
30/04/2004,02.00.00,12.0,1097.0,59.0,809.0,80.0,897.0,74.0,1628.0,1050.0,157.0,784.0,13917.0
30/04/2004,03.00.00,1.0,1054.0,50.0,761.0,63.0,963.0,65.0,1598.0,965.0,157.0,774.0,13683.0
30/04/2004,04.00.00,4.5,1017.0,40.0,711.0,46.0,1009.0,56.0,1554.0,906.0,154.0,785.0,13635.0
30/04/2004,05.00.00,8.0,1005.0,45.0,738.0,68.0,1005.0,66.0,1563.0,917.0,157.0,747.0,13194.0
30/04/2004,06.00.00,17.0,1206.0,93.0,949.0,162.0,818.0,90.0,1771.0,1116.0,159.0,731.0,13136.0
30/04/2004,07.00.00,3.0,1458.0,183.0,1249.0,213.0,662.0,111.0,2033.0,1380.0,166.0,682.0,12737.0
30/04/2004,08.00.00,34.0,1405.0,199.0,1295.0,161.0,638.0,103.0,2065.0,1378.0,187.0,576.0,12323.0
30/04/2004,09.00.00,33.0,1381.0,166.0,1199.0,209.0,685.0,117.0,1970.0,1365.0,176.0,650.0,12945.0
30/04/2004,10.00.00,27.0,1315.0,126.0,1072.0,191.0,736.0,116.0,1833.0,1273.0,163.0,732.0,13458.0
30/04/2004,11.00.00,26.0,1332.0,129.0,1082.0,215.0,707.0,109.0,1889.0,1242.0,160.0,785.0,14209.0
30/04/2004,12.00.00,32.0,1362.0,149.0,1145.0,212.0,673.0,116.0,1973.0,1294.0,173.0,724.0,14125.0
30/04/2004,13.00.00,34.0,1399.0,174.0,1222.0,202.0,643.0,115.0,2061.0,1413.0,194.0,609.0,13545.0
30/04/2004,14.00.00,26.0,1310.0,154.0,1160.0,153.0,695.0,94.0,1939.0,1224.0,214.0,509.0,12823.0
30/04/2004,15.00.00,34.0,1399.0,167.0,1201.0,185.0,699.0,121.0,1971.0,1318.0,227.0,458.0,12465.0
30/04/2004,16.00.00,4.0,1524.0,180.0,1239.0,210.0,644.0,114.0,2139.0,1404.0,209.0,608.0,14852.0
30/04/2004,17.00.00,45.0,1487.0,192.0,1274.0,215.0,641.0,110.0,2133.0,1471.0,210.0,543.0,13353.0
30/04/2004,18.00.00,42.0,1480.0,210.0,1324.0,215.0,622.0,122.0,2162.0,1623.0,208.0,544.0,13194.0
30/04/2004,19.00.00,57.0,1626.0,269.0,1476.0,281.0,555.0,135.0,2356.0,1786.0,198.0,586.0,13392.0
30/04/2004,20.00.00,44.0,1449.0,195.0,1282.0,254.0,625.0,133.0,2100.0,1569.0,191.0,611.0,13345.0
30/04/2004,21.00.00,31.0,1363.0,151.0,1152.0,189.0,684.0,110.0,1951.0,1495.0,182.0,654.0,13529.0
30/04/2004,22.00.00,3.0,1371.0,146.0,1136.0,174.0,689.0,102.0,1927.0,1471.0,181.0,661.0,13579.0
30/04/2004,23.00.00,31.0,1406.0,137.0,1107.0,167.0,718.0,108.0,1872.0,1384.0,177.0,669.0,13422.0
01/05/2004,00.00.00,35.0,1425.0,152.0,1155.0,185.0,709.0,110.0,1936.0,1789.0,178.0,668.0,13460.0
01/05/2004,01.00.00,24.0,1179.0,93.0,951.0,129.0,826.0,84.0,1724.0,1323.0,173.0,683.0,13346.0
01/05/2004,02.00.00,16.0,1047.0,65.0,833.0,85.0,939.0,71.0,1647.0,1081.0,165.0,702.0,13099.0
01/05/2004,03.00.00,13.0,1009.0,63.0,825.0,60.0,950.0,56.5,1629.0,938.0,157.0,731.0,12902.0
01/05/2004,04.00.00,9.5,882.0,35.0,685.0,35.0,1134.0,42.0,1492.0,673.0,162.0,699.0,12756.0
01/05/2004,05.00.00,6.0,858.0,26.0,624.0,24.0,1205.0,32.0,1434.0,543.0,167.0,671.0,12619.0
01/05/2004,06.00.00,7.0,875.0,31.0,659.0,30.0,1180.0,35.0,1452.0,561.0,167.0,669.0,12631.0
01/05/2004,07.00.00,12.0,1012.0,65.0,833.0,75.0,916.0,67.0,1632.0,862.0,169.0,665.0,12688.0
01/05/2004,08.00.00,15.0,1049.0,65.0,836.0,79.0,926.0,73.0,1615.0,901.0,177.0,620.0,12458.0
01/05/2004,09.00.00,18.0,1131.0,88.0,932.0,104.0,854.0,86.0,1693.0,1048.0,194.0,546.0,12184.0
01/05/2004,10.00.00,21.0,1120.0,88.0,931.0,118.0,886.0,89.0,1652.0,971.0,216.0,461.0,11725.0
01/05/2004,11.00.00,19.0,1117.0,92.0,946.0,105.0,909.0,86.0,1657.0,915.0,246.0,367.0,11202.0
01/05/2004,12.00.00,2.0,1110.0,92.0,948.0,101.0,901.0,86.0,1632.0,891.0,260.0,319.0,10566.0
01/05/2004,13.00.00,13.0,962.0,61.0,816.0,65.0,1044.0,66.0,1489.0,628.0,256.0,315.0,10184.0
01/05/2004,14.00.00,13.0,963.0,65.0,835.0,59.0,1029.0,68.0,1495.0,556.0,248.0,348.0,10716.0
01/05/2004,15.00.00,18.0,1050.0,92.0,948.0,80.0,928.0,82.0,1584.0,652.0,261.0,303.0,10101.0
01/05/2004,16.00.00,2.0,1053.0,83.0,911.0,98.0,949.0,91.0,1603.0,683.0,255.0,335.0,10767.0
01/05/2004,17.00.00,18.0,1045.0,83.0,910.0,89.0,948.0,95.0,1598.0,624.0,237.0,372.0,10746.0
01/05/2004,18.00.00,24.0,1124.0,110.0,1013.0,114.0,849.0,104.0,1676.0,733.0,223.0,389.0,10324.0
01/05/2004,19.00.00,4.0,1330.0,147.0,1140.0,195.0,759.0,131.0,1780.0,1062.0,207.0,428.0,10298.0
01/05/2004,20.00.00,28.0,1171.0,108.0,1006.0,156.0,835.0,112.0,1674.0,988.0,190.0,517.0,11222.0
01/05/2004,21.00.00,2.0,1085.0,94.0,954.0,109.0,866.0,100.0,1656.0,871.0,178.0,555.0,11174.0
01/05/2004,22.00.00,36.0,1358.0,148.0,1144.0,184.0,727.0,115.0,1851.0,1243.0,174.0,576.0,11342.0
01/05/2004,23.00.00,37.0,1385.0,133.0,1094.0,190.0,765.0,129.0,1769.0,1175.0,176.0,585.0,11645.0
02/05/2004,00.00.00,23.0,1167.0,84.0,914.0,105.0,876.0,99.0,1599.0,1126.0,172.0,593.0,11551.0
02/05/2004,01.00.00,18.0,1072.0,79.0,894.0,76.0,893.0,74.0,1646.0,1118.0,171.0,604.0,11633.0
02/05/2004,02.00.00,9.0,938.0,55.0,789.0,38.0,989.0,55.0,1536.0,864.0,164.0,622.0,11507.0
02/05/2004,03.00.00,16.0,1000.0,66.0,838.0,32.0,910.0,45.0,1580.0,942.0,148.0,676.0,11352.0
02/05/2004,04.00.00,11.0,854.0,33.0,670.0,26.0,1141.0,35.0,1460.0,684.0,148.0,658.0,11028.0
02/05/2004,05.00.00,6.0,815.0,26.0,628.0,33.0,1212.0,37.0,1426.0,689.0,147.0,652.0,10811.0
02/05/2004,06.00.00,7.0,866.0,36.0,689.0,57.0,1138.0,45.0,1456.0,767.0,131.0,702.0,10554.0
02/05/2004,07.00.00,8.0,911.0,48.0,751.0,48.0,1036.0,46.0,1518.0,817.0,143.0,662.0,10728.0
02/05/2004,08.00.00,12.0,988.0,59.0,806.0,87.0,951.0,68.0,1568.0,940.0,160.0,616.0,11083.0
02/05/2004,09.00.00,14.0,1046.0,69.0,851.0,94.0,920.0,77.0,1595.0,908.0,177.0,564.0,11342.0
02/05/2004,10.00.00,16.0,1085.0,85.0,918.0,89.0,890.0,79.0,1639.0,871.0,213.0,447.0,11157.0
02/05/2004,11.00.00,13.0,1008.0,61.0,816.0,78.0,1015.0,72.0,1531.0,689.0,236.0,364.0,10431.0
02/05/2004,12.00.00,13.0,1004.0,62.0,821.0,72.0,1031.0,68.0,1510.0,629.0,243.0,340.0,10149.0
02/05/2004,13.00.00,11.0,948.0,48.0,754.0,64.0,1086.0,64.0,1436.0,602.0,244.0,327.0,9863.0
02/05/2004,14.00.00,12.0,1026.0,68.0,847.0,70.0,1010.0,73.0,1519.0,617.0,246.0,317.0,9647.0
02/05/2004,15.00.00,15.0,1047.0,70.0,859.0,92.0,948.0,84.0,1538.0,677.0,239.0,343.0,10020.0
02/05/2004,16.00.00,11.0,1018.0,55.0,790.0,69.0,1047.0,67.0,1443.0,580.0,259.0,281.0,9258.0
02/05/2004,17.00.00,19.0,1160.0,95.0,957.0,131.0,884.0,106.0,1637.0,861.0,245.0,323.0,9815.0
02/05/2004,18.00.00,23.0,1269.0,119.0,1047.0,144.0,809.0,114.0,1721.0,1080.0,226.0,393.0,10600.0
02/05/2004,19.00.00,33.0,1394.0,138.0,1111.0,209.0,736.0,123.0,1853.0,1288.0,212.0,475.0,11828.0
02/05/2004,20.00.00,26.0,1292.0,107.0,1003.0,170.0,789.0,108.0,1753.0,1163.0,199.0,549.0,12632.0
02/05/2004,21.00.00,22.0,1212.0,97.0,966.0,152.0,840.0,100.0,1691.0,1043.0,194.0,521.0,11642.0
02/05/2004,22.00.00,23.0,1137.0,102.0,985.0,171.0,858.0,118.0,1607.0,1045.0,194.0,426.0,9485.0
02/05/2004,23.00.00,2.0,1080.0,83.0,910.0,153.0,923.0,121.0,1548.0,929.0,191.0,441.0,9660.0
03/05/2004,00.00.00,16.0,1031.0,71.0,861.0,97.0,903.0,94.0,1534.0,825.0,180.0,493.0,10086.0
03/05/2004,01.00.00,8.0,917.0,30.0,654.0,37.0,1169.0,52.0,1414.0,545.0,176.0,546.0,10918.0
03/05/2004,02.00.00,6.0,888.0,22.0,598.0,26.0,1228.0,39.0,1397.0,500.0,164.0,621.0,11493.0
03/05/2004,03.00.00,4.0,872.0,17.0,564.0,25.5,1284.0,36.0,1385.0,494.0,156.0,653.0,11484.0
03/05/2004,04.00.00,5.5,876.0,15.0,547.0,25.0,1256.0,33.0,1351.0,505.0,160.0,614.0,11043.0
03/05/2004,05.00.00,7.0,964.0,37.0,697.0,61.0,1067.0,57.0,1516.0,717.0,158.0,643.0,11416.0
03/05/2004,06.00.00,13.0,1147.0,82.0,906.0,152.0,815.0,80.0,1687.0,1126.0,160.0,658.0,11844.0
03/05/2004,07.00.00,34.0,1493.0,211.0,1328.0,283.0,577.0,101.0,2193.0,1597.0,168.0,625.0,11869.0
03/05/2004,08.00.00,47.0,1597.0,265.0,1466.0,320.0,518.0,109.0,2400.0,1687.0,169.0,661.0,12613.0
03/05/2004,09.00.00,34.0,1483.0,174.0,1222.0,318.0,597.0,109.0,2054.0,1529.0,174.0,689.0,13557.0
03/05/2004,10.00.00,25.0,1222.0,129.0,1080.0,201.0,742.0,111.0,1755.0,1366.0,214.0,450.0,11291.0
03/05/2004,11.00.00,2.0,1060.0,109.0,1010.0,135.0,858.0,102.0,1623.0,1074.0,239.0,307.0,9002.0
03/05/2004,12.00.00,19.0,1048.0,110.0,1013.0,127.0,886.0,96.0,1584.0,940.0,268.0,252.0,8721.0
03/05/2004,13.00.00,17.0,1051.0,108.0,1008.0,102.0,911.0,90.0,1561.0,921.0,284.0,236.0,8983.0
03/05/2004,14.00.00,14.0,998.0,100.0,977.0,74.0,947.0,69.0,1496.0,695.0,303.0,201.0,8539.0
03/05/2004,15.00.00,15.0,1058.0,112.0,1023.0,81.0,896.0,74.0,1580.0,795.0,309.0,197.0,8649.0
03/05/2004,16.00.00,24.0,1203.0,168.0,1204.0,129.0,790.0,102.0,1744.0,1079.0,302.0,205.0,8672.0
03/05/2004,17.00.00,39.0,1491.0,236.0,1392.0,190.0,630.0,128.0,2149.0,1473.0,264.0,346.0,11724.0
03/05/2004,18.00.00,42.0,1467.0,233.0,1385.0,192.0,623.0,130.0,2084.0,1493.0,249.0,394.0,12268.0
03/05/2004,19.00.00,37.0,1407.0,194.0,1279.0,163.0,660.0,120.0,2009.0,1308.0,235.0,437.0,12484.0
03/05/2004,20.00.00,32.0,1324.0,131.0,1086.0,149.0,692.0,113.0,1903.0,1189.0,193.0,631.0,14028.0
03/05/2004,21.00.00,2.0,1214.0,98.0,970.0,119.0,777.0,100.0,1771.0,1076.0,187.0,646.0,13836.0
03/05/2004,22.00.00,11.0,1016.0,53.0,780.0,61.0,967.0,70.0,1566.0,806.0,195.0,571.0,12806.0
03/05/2004,23.00.00,15.0,1135.0,67.0,842.0,84.0,872.0,83.0,1653.0,973.0,189.0,625.0,13521.0
04/05/2004,00.00.00,13.0,1065.0,55.0,789.0,79.0,936.0,81.0,1620.0,929.0,184.0,658.0,13802.0
04/05/2004,01.00.00,1.0,999.0,37.0,692.0,58.0,1038.0,69.0,1588.0,778.0,164.0,792.0,14681.0
04/05/2004,02.00.00,6.0,911.0,22.0,599.0,32.0,1189.0,48.0,1517.0,633.0,161.0,800.0,14562.0
04/05/2004,03.00.00,4.0,873.0,15.0,545.0,26.5,1308.0,38.0,1471.0,497.0,156.0,810.0,14302.0
04/05/2004,04.00.00,5.0,881.0,15.0,546.0,21.0,1335.0,28.0,1465.0,458.0,156.0,810.0,14216.0
04/05/2004,05.00.00,6.0,967.0,29.0,646.0,49.0,1117.0,47.0,1552.0,579.0,157.0,805.0,14236.0
04/05/2004,06.00.00,19.0,1280.0,99.0,976.0,180.0,780.0,88.0,1912.0,1003.0,160.0,808.0,14602.0
04/05/2004,07.00.00,45.0,1564.0,230.0,1379.0,302.0,552.0,109.0,2306.0,1393.0,166.0,780.0,14572.0
04/05/2004,08.00.00,43.0,1505.0,223.0,1358.0,258.0,556.0,113.0,2248.0,1406.0,161.0,792.0,14398.0
04/05/2004,09.00.00,32.0,1309.0,162.0,1186.0,192.0,649.0,104.0,1973.0,1308.0,177.0,708.0,14171.0
04/05/2004,10.00.00,13.0,1035.0,79.0,895.0,84.0,898.0,65.0,1657.0,863.0,203.0,548.0,12867.0
04/05/2004,11.00.00,22.0,1148.0,124.0,1062.0,128.0,753.0,87.0,1825.0,1004.0,212.0,493.0,12271.0
04/05/2004,12.00.00,26.0,1152.0,136.0,1104.0,145.0,725.0,99.0,1860.0,1023.0,215.0,479.0,12178.0
04/05/2004,13.00.00,23.0,1131.0,123.0,1059.0,132.0,772.0,100.0,1784.0,978.0,214.0,477.0,12047.0
04/05/2004,14.00.00,24.0,1142.0,121.0,1053.0,136.0,753.0,105.0,1814.0,979.0,204.0,540.0,12757.0
04/05/2004,15.00.00,26.0,1197.0,129.0,1082.0,140.0,753.0,97.0,1851.0,971.0,199.0,571.0,13158.0
04/05/2004,16.00.00,12.0,960.0,63.0,828.0,55.0,971.0,54.0,1565.0,617.0,199.0,552.0,12701.0
04/05/2004,17.00.00,16.0,1077.0,106.0,1001.0,67.0,836.0,59.0,1764.0,717.0,195.0,557.0,12512.0
04/05/2004,18.00.00,39.0,1377.0,206.0,1313.0,191.0,612.0,109.0,2120.0,1220.0,183.0,628.0,13127.0
04/05/2004,19.00.00,47.0,1405.0,221.0,1353.0,227.0,602.0,125.0,2185.0,1296.0,172.0,683.0,13289.0
04/05/2004,20.00.00,54.0,1484.0,208.0,1319.0,264.0,591.0,132.0,2166.0,1413.0,161.0,752.0,13654.0
04/05/2004,21.00.00,3.0,1187.0,118.0,1042.0,196.0,766.0,110.0,1840.0,1093.0,166.0,708.0,13253.0
04/05/2004,22.00.00,9.0,870.0,43.0,729.0,43.0,1096.0,53.0,1475.0,586.0,185.0,560.0,11810.0
04/05/2004,23.00.00,11.0,932.0,50.0,765.0,58.0,1054.0,61.0,1543.0,575.0,173.0,595.0,11667.0
05/05/2004,00.00.00,7.0,830.0,23.0,608.0,33.0,1282.0,41.0,1370.0,441.0,186.0,523.0,11121.0
05/05/2004,01.00.00,5.0,778.0,14.0,534.0,14.0,1480.0,22.0,1294.0,358.0,190.0,498.0,10831.0
05/05/2004,02.00.00,5.0,820.0,15.0,541.0,18.0,1450.0,28.0,1360.0,377.0,157.0,645.0,11400.0
05/05/2004,03.00.00,5.0,842.0,18.0,565.0,23.0,1327.0,34.5,1399.0,437.0,155.0,669.0,11691.0
05/05/2004,04.00.00,6.5,867.0,21.0,589.0,28.0,1267.0,41.0,1439.0,468.0,147.0,741.0,12302.0
05/05/2004,05.00.00,8.0,927.0,35.0,682.0,56.0,1109.0,54.0,1526.0,580.0,146.0,771.0,12727.0
05/05/2004,06.00.00,13.0,1060.0,69.0,851.0,108.0,912.0,81.0,1673.0,805.0,145.0,783.0,12851.0
05/05/2004,07.00.00,35.0,1440.0,191.0,1271.0,251.0,630.0,107.0,2163.0,1273.0,151.0,768.0,13061.0
05/05/2004,08.00.00,37.0,1449.0,220.0,1350.0,253.0,571.0,115.5,2264.0,1452.0,164.0,708.0,13088.0
05/05/2004,09.00.00,39.0,1384.0,189.0,1265.0,255.0,620.0,124.0,2143.0,1307.0,164.0,724.0,13379.0
05/05/2004,10.00.00,29.0,1172.0,130.0,1085.0,214.0,737.0,123.0,1876.0,1102.0,163.0,686.0,12657.0
05/05/2004,11.00.00,26.0,1143.0,130.0,1083.0,190.0,735.0,120.0,1887.0,1083.0,172.0,629.0,12228.0
05/05/2004,12.00.00,3.0,1167.0,145.0,1134.0,182.0,709.0,113.0,1920.0,1083.0,174.0,611.0,12060.0
05/05/2004,13.00.00,37.0,1303.0,197.0,1288.0,202.0,618.0,114.0,2116.0,1236.0,168.0,668.0,12691.0
05/05/2004,14.00.00,39.0,1264.0,194.0,1279.0,224.0,631.0,120.0,2049.0,1223.0,173.0,626.0,12260.0
05/05/2004,15.00.00,35.0,1242.0,164.0,1193.0,221.0,684.0,125.0,1945.0,1175.0,175.0,608.0,12029.0
05/05/2004,16.00.00,24.0,1070.0,112.0,1022.0,126.0,824.0,88.0,1740.0,933.0,175.0,592.0,11725.0
05/05/2004,17.00.00,16.0,981.0,100.0,978.0,79.0,857.0,72.0,1682.0,835.0,177.0,569.0,11392.0
05/05/2004,18.00.00,3.0,1198.0,146.0,1136.0,137.0,717.0,103.0,1870.0,1291.0,171.0,615.0,11873.0
05/05/2004,19.00.00,16.0,1000.0,85.0,918.0,68.0,881.0,67.0,1661.0,802.0,175.0,639.0,12667.0
05/05/2004,20.00.00,21.0,1110.0,92.0,949.0,96.0,850.0,79.0,1733.0,842.0,159.0,707.0,12672.0
05/05/2004,21.00.00,18.0,1023.0,69.0,854.0,111.0,918.0,89.0,1637.0,744.0,151.0,751.0,12799.0
05/05/2004,22.00.00,11.0,861.0,37.0,695.0,56.0,1130.0,67.0,1438.0,500.0,139.0,725.0,11502.0
05/05/2004,23.00.00,15.0,969.0,49.0,760.0,81.0,1059.0,83.0,1518.0,560.0,120.0,798.0,11175.0
06/05/2004,00.00.00,14.0,898.0,46.0,741.0,79.0,1085.0,76.0,1468.0,589.0,125.0,758.0,10938.0
06/05/2004,01.00.00,9.0,835.0,34.0,674.0,46.0,1201.0,58.0,1416.0,488.0,120.0,750.0,10499.0
06/05/2004,02.00.00,5.0,766.0,12.0,523.0,19.0,1534.0,30.0,1310.0,387.0,126.0,722.0,10503.0
06/05/2004,03.00.00,4.0,743.0,10.0,502.0,17.0,1635.0,26.0,1292.0,355.0,127.0,716.0,10486.0
06/05/2004,04.00.00,5.0,758.0,12.0,517.0,15.0,1625.0,22.0,1294.0,351.0,131.0,671.0,10079.0
06/05/2004,05.00.00,6.0,804.0,23.0,604.0,48.0,1366.0,50.0,1357.0,420.0,132.0,646.0,9774.0
06/05/2004,06.00.00,13.0,948.0,61.0,817.0,128.0,1048.0,92.0,1546.0,695.0,131.0,656.0,9815.0
06/05/2004,07.00.00,29.0,1204.0,168.0,1205.0,193.0,729.0,101.0,1984.0,1139.0,147.0,585.0,9688.0
06/05/2004,08.00.00,36.0,1231.0,203.0,1304.0,203.0,652.0,121.0,2029.0,1315.0,159.0,531.0,9529.0
06/05/2004,09.00.00,34.0,1176.0,164.0,1191.0,220.0,705.0,130.0,1836.0,1217.0,179.0,461.0,9388.0
06/05/2004,10.00.00,25.0,1043.0,125.0,1066.0,161.0,789.0,114.0,1692.0,1014.0,202.0,377.0,8833.0
06/05/2004,11.00.00,21.0,992.0,98.0,970.0,135.0,869.0,100.0,1624.0,884.0,185.0,428.0,9026.0
06/05/2004,12.00.00,11.0,885.0,52.0,772.0,57.0,1035.0,56.0,1450.0,524.0,130.0,643.0,9586.0
06/05/2004,13.00.00,18.0,991.0,89.0,937.0,91.0,874.0,75.0,1581.0,644.0,151.0,545.0,9309.0
06/05/2004,14.00.00,3.0,1182.0,141.0,1119.0,219.0,733.0,121.0,1831.0,1032.0,136.0,655.0,10184.0
06/05/2004,15.00.00,31.0,1191.0,127.0,1074.0,239.0,741.0,128.0,1816.0,1038.0,123.0,783.0,11154.0
06/05/2004,16.00.00,36.0,1272.0,146.0,1136.0,209.0,730.0,139.0,1869.0,1077.0,127.0,742.0,10863.0
06/05/2004,17.00.00,33.0,1138.0,124.0,1063.0,169.0,804.0,122.0,1728.0,983.0,144.0,642.0,10490.0
06/05/2004,18.00.00,18.0,1008.0,94.0,954.0,92.0,892.0,92.0,1626.0,834.0,156.0,583.0,10266.0
06/05/2004,19.00.00,21.0,1075.0,110.0,1015.0,107.0,824.0,97.0,1722.0,949.0,150.0,614.0,10385.0
06/05/2004,20.00.00,22.0,1034.0,89.0,935.0,122.0,870.0,98.0,1605.0,941.0,137.0,658.0,10254.0
06/05/2004,21.00.00,16.0,934.0,66.0,841.0,100.0,973.0,93.0,1497.0,756.0,123.0,664.0,9440.0
06/05/2004,22.00.00,9.0,883.0,39.0,705.0,51.0,1133.0,65.0,1422.0,655.0,154.0,588.0,10215.0
06/05/2004,23.00.00,18.0,1021.0,73.0,871.0,93.0,938.0,81.0,1586.0,805.0,141.0,649.0,10405.0
07/05/2004,00.00.00,23.0,1059.0,82.0,907.0,145.0,879.0,102.0,1579.0,970.0,138.0,647.0,10168.0
07/05/2004,01.00.00,2.0,1023.0,75.0,878.0,106.0,896.0,91.0,1568.0,969.0,135.0,678.0,10420.0
07/05/2004,02.00.00,9.0,855.0,33.0,669.0,46.0,1160.0,56.0,1427.0,671.0,137.0,694.0,10794.0
07/05/2004,03.00.00,6.0,826.0,24.0,616.0,39.0,1227.0,48.5,1384.0,575.0,139.0,677.0,10712.0
07/05/2004,04.00.00,6.5,831.0,22.0,602.0,32.0,1269.0,41.0,1386.0,535.0,140.0,678.0,10787.0
07/05/2004,05.00.00,7.0,817.0,28.0,639.0,51.0,1260.0,48.0,1364.0,489.0,146.0,611.0,10075.0
07/05/2004,06.00.00,15.0,972.0,75.0,880.0,89.0,964.0,72.0,1590.0,689.0,143.0,605.0,9847.0
07/05/2004,07.00.00,37.0,1200.0,198.0,1290.0,214.0,657.0,106.0,2014.0,1196.0,149.0,569.0,9582.0
07/05/2004,08.00.00,42.0,1234.0,221.0,1355.0,196.0,621.0,107.0,2095.0,1266.0,164.0,502.0,9286.0
07/05/2004,09.00.00,34.0,1164.0,150.0,1148.0,224.0,741.0,127.0,1824.0,1130.0,160.0,509.0,9211.0
07/05/2004,10.00.00,24.0,976.0,93.0,952.0,174.0,878.0,114.0,1582.0,834.0,186.0,428.0,9091.0
07/05/2004,11.00.00,13.0,844.0,63.0,825.0,90.0,1027.0,101.0,1405.0,536.0,197.0,337.0,7646.0
07/05/2004,12.00.00,15.0,851.0,82.0,906.0,89.0,989.0,95.0,1418.0,545.0,212.0,277.0,6864.0
07/05/2004,13.00.00,22.0,926.0,109.0,1010.0,132.0,904.0,110.0,1526.0,720.0,197.0,285.0,6445.0
07/05/2004,14.00.00,18.0,890.0,93.0,950.0,114.0,940.0,101.0,1460.0,655.0,198.0,297.0,6780.0
07/05/2004,15.00.00,19.0,921.0,84.0,914.0,107.0,937.0,106.0,1481.0,614.0,192.0,356.0,7856.0
07/05/2004,16.00.00,23.0,1052.0,94.0,956.0,140.0,869.0,116.0,1600.0,725.0,142.0,605.0,9765.0
07/05/2004,17.00.00,36.0,1247.0,179.0,1238.0,187.0,691.0,124.0,1948.0,1036.0,129.0,691.0,10249.0
07/05/2004,18.00.00,43.0,1205.0,174.0,1222.0,222.0,684.0,133.0,1911.0,1127.0,127.0,704.0,10294.0
07/05/2004,19.00.00,22.0,1016.0,105.0,995.0,117.0,857.0,96.0,1642.0,854.0,139.0,627.0,9905.0
07/05/2004,20.00.00,15.0,984.0,75.0,879.0,89.0,940.0,85.0,1527.0,792.0,139.0,629.0,9948.0
07/05/2004,21.00.00,2.0,1041.0,80.0,898.0,130.0,922.0,97.0,1595.0,891.0,134.0,652.0,9996.0
07/05/2004,22.00.00,2.0,1027.0,77.0,887.0,133.0,927.0,97.0,1568.0,876.0,134.0,646.0,9864.0
07/05/2004,23.00.00,21.0,1025.0,73.0,869.0,144.0,954.0,101.0,1531.0,851.0,133.0,636.0,9677.0
08/05/2004,00.00.00,15.0,984.0,64.0,829.0,99.0,1003.0,85.0,1516.0,787.0,133.0,618.0,9433.0
08/05/2004,01.00.00,22.0,969.0,56.0,791.0,102.0,1084.0,80.0,1446.0,711.0,136.0,597.0,9271.0
08/05/2004,02.00.00,5.0,758.0,15.0,546.0,27.0,1483.0,33.0,1252.0,396.0,146.0,533.0,8807.0
08/05/2004,03.00.00,5.709090909090909,767.0,15.0,547.0,31.18181818181818,1482.0,34.52727272727273,1239.0,375.0,143.0,517.0,8412.0
08/05/2004,04.00.00,6.418181818181818,772.0,12.0,518.0,35.36363636363636,1544.0,36.054545454545455,1202.0,343.0,109.0,675.0,8785.0
08/05/2004,05.00.00,7.127272727272727,831.0,16.0,557.0,39.54545454545455,1480.0,37.58181818181818,1257.0,401.0,74.0,852.0,8808.0
08/05/2004,06.00.00,7.836363636363636,871.0,26.0,628.0,43.72727272727273,1243.0,39.10909090909091,1329.0,518.0,87.0,815.0,9190.0
08/05/2004,07.00.00,8.545454545454545,995.0,59.0,808.0,47.90909090909091,1028.0,40.63636363636364,1479.0,685.0,103.0,756.0,9458.0
08/05/2004,08.00.00,9.254545454545454,1093.0,85.0,918.0,52.09090909090909,857.0,42.163636363636364,1589.0,939.0,110.0,750.0,9821.0
08/05/2004,09.00.00,9.963636363636365,1079.0,77.0,885.0,56.27272727272727,884.0,43.69090909090909,1588.0,974.0,136.0,661.0,10236.0
08/05/2004,10.00.00,10.672727272727272,1084.0,69.0,852.0,60.45454545454545,910.0,45.21818181818182,1575.0,959.0,147.0,631.0,10488.0
08/05/2004,11.00.00,11.381818181818183,1204.0,101.0,982.0,64.63636363636363,791.0,46.74545454545455,1739.0,1067.0,138.0,723.0,11361.0
08/05/2004,12.00.00,12.09090909090909,1213.0,111.0,1018.0,68.81818181818181,760.0,48.27272727272727,1778.0,1061.0,133.0,768.0,11703.0
08/05/2004,13.00.00,12.8,1124.0,92.0,949.0,73.0,827.0,49.8,1671.0,1008.0,162.0,600.0,10937.0
08/05/2004,14.00.00,13.50909090909091,945.0,43.0,726.0,77.18181818181819,1053.0,51.32727272727273,1432.0,637.0,163.0,553.0,10146.0
08/05/2004,15.00.00,14.218181818181819,964.0,65.0,833.0,81.36363636363636,1003.0,52.85454545454546,1489.0,647.0,200.0,404.0,9354.0
08/05/2004,16.00.00,14.927272727272728,903.0,54.0,786.0,85.54545454545455,1073.0,54.38181818181818,1375.0,523.0,198.0,354.0,8099.0
08/05/2004,17.00.00,15.636363636363637,918.0,71.0,863.0,89.72727272727272,992.0,55.90909090909091,1408.0,539.0,198.0,336.0,7670.0
08/05/2004,18.00.00,16.345454545454544,1028.0,95.0,961.0,93.9090909090909,913.0,57.43636363636364,1502.0,649.0,178.0,385.0,7763.0
08/05/2004,19.00.00,17.054545454545455,1175.0,170.0,1209.0,98.0909090909091,720.0,58.96363636363637,1829.0,1071.0,167.0,446.0,8393.0
08/05/2004,20.00.00,17.763636363636365,1215.0,154.0,1161.0,102.27272727272727,714.0,60.49090909090909,1802.0,1237.0,151.0,518.0,8816.0
08/05/2004,21.00.00,18.472727272727273,1072.0,99.0,976.0,106.45454545454545,835.0,62.018181818181816,1603.0,1018.0,141.0,562.0,9028.0
08/05/2004,22.00.00,19.18181818181818,1070.0,93.0,952.0,110.63636363636363,858.0,63.54545454545455,1573.0,966.0,138.0,583.0,9147.0
08/05/2004,23.00.00,19.89090909090909,1021.0,69.0,853.0,114.81818181818181,979.0,65.07272727272728,1457.0,901.0,137.0,597.0,9285.0
09/05/2004,00.00.00,20.6,1063.0,71.0,859.0,119.0,952.0,66.6,1519.0,949.0,137.0,603.0,9405.0
09/05/2004,01.00.00,21.30909090909091,1068.0,90.0,938.0,123.18181818181817,862.0,68.12727272727273,1575.0,1057.0,127.0,649.0,9506.0
09/05/2004,02.00.00,22.01818181818182,993.0,83.0,913.0,127.36363636363636,879.0,69.65454545454546,1601.0,989.0,126.0,654.0,9529.0
09/05/2004,03.00.00,22.727272727272727,1034.0,87.0,928.0,131.54545454545456,848.0,71.18181818181819,1619.0,1005.0,121.0,686.0,9640.0
09/05/2004,04.00.00,23.436363636363637,1025.0,84.0,914.0,135.72727272727272,856.0,72.70909090909092,1605.0,1003.0,123.0,680.0,9722.0
09/05/2004,05.00.00,24.145454545454545,1036.0,81.0,902.0,139.9090909090909,825.0,74.23636363636363,1558.0,1087.0,119.0,711.0,9899.0
09/05/2004,06.00.00,24.854545454545455,924.0,52.0,774.0,144.0909090909091,987.0,75.76363636363637,1460.0,909.0,113.0,738.0,9848.0
09/05/2004,07.00.00,25.563636363636363,922.0,45.0,737.0,148.27272727272725,1050.0,77.2909090909091,1414.0,882.0,131.0,626.0,9419.0
09/05/2004,08.00.00,26.272727272727273,830.0,26.0,625.0,152.45454545454544,1266.0,78.81818181818181,1303.0,568.0,168.0,468.0,8881.0
09/05/2004,09.00.00,26.98181818181818,947.0,48.0,752.0,156.63636363636363,1068.0,80.34545454545454,1434.0,620.0,179.0,448.0,9104.0
09/05/2004,10.00.00,27.69090909090909,977.0,45.0,737.0,160.8181818181818,1025.0,81.87272727272727,1450.0,686.0,178.0,495.0,9986.0
09/05/2004,11.00.00,28.400000000000002,1025.0,49.0,761.0,165.0,1008.0,83.4,1476.0,700.0,188.0,464.0,9968.0
09/05/2004,12.00.00,29.10909090909091,1040.0,58.0,804.0,169.1818181818182,940.0,84.92727272727274,1502.0,780.0,193.0,440.0,9783.0
09/05/2004,13.00.00,29.81818181818182,1013.0,41.0,718.0,173.36363636363635,1041.0,86.45454545454545,1492.0,558.0,147.0,684.0,11405.0
09/05/2004,14.00.00,30.527272727272727,1035.0,48.0,755.0,177.54545454545453,997.0,87.98181818181818,1521.0,608.0,156.0,658.0,11577.0
09/05/2004,15.00.00,31.236363636363638,1086.0,70.0,859.0,181.72727272727272,892.0,89.50909090909092,1595.0,754.0,177.0,540.0,10826.0
09/05/2004,16.00.00,31.945454545454545,967.0,48.0,753.0,185.9090909090909,1048.0,91.03636363636363,1420.0,544.0,178.0,467.0,9466.0
09/05/2004,17.00.00,32.654545454545456,968.0,54.0,785.0,190.0909090909091,1011.0,92.56363636363636,1446.0,550.0,178.0,444.0,8967.0
09/05/2004,18.00.00,33.36363636363636,1004.0,63.0,827.0,194.27272727272725,972.0,94.0909090909091,1465.0,627.0,178.0,443.0,8929.0
09/05/2004,19.00.00,34.07272727272728,1132.0,101.0,981.0,198.45454545454544,850.0,95.61818181818182,1614.0,877.0,164.0,478.0,8851.0
09/05/2004,20.00.00,34.78181818181818,1121.0,102.0,985.0,202.63636363636363,833.0,97.14545454545456,1625.0,981.0,156.0,516.0,9063.0
09/05/2004,21.00.00,35.49090909090909,1068.0,84.0,917.0,206.8181818181818,889.0,98.67272727272727,1570.0,832.0,149.0,550.0,9228.0
09/05/2004,22.00.00,36.2,1123.0,89.0,937.0,211.0,866.0,100.2,1606.0,941.0,138.0,598.0,9398.0
09/05/2004,23.00.00,36.90909090909091,1101.0,88.0,933.0,215.1818181818182,845.0,101.72727272727273,1600.0,1022.0,138.0,621.0,9721.0
10/05/2004,00.00.00,37.61818181818182,997.0,65.0,835.0,219.36363636363635,951.0,103.25454545454545,1501.0,888.0,139.0,611.0,9656.0
10/05/2004,01.00.00,38.32727272727273,875.0,30.0,654.0,223.54545454545453,1172.0,104.78181818181818,1375.0,683.0,149.0,576.0,9684.0
10/05/2004,02.00.00,39.03636363636364,815.0,18.0,569.0,227.72727272727272,1361.0,106.30909090909091,1344.0,534.0,144.0,601.0,9797.0
10/05/2004,03.00.00,39.74545454545455,803.0,13.0,531.0,231.9090909090909,1462.0,107.83636363636364,1318.0,489.0,138.0,632.0,9952.0
10/05/2004,04.00.00,40.45454545454545,829.0,18.0,570.0,236.0909090909091,1304.0,109.36363636363637,1357.0,562.0,142.0,629.0,10136.0
10/05/2004,05.00.00,41.163636363636364,867.0,26.0,625.0,240.27272727272725,1213.0,110.89090909090909,1385.0,652.0,140.0,638.0,10167.0
10/05/2004,06.00.00,41.872727272727275,1118.0,98.0,970.0,244.45454545454544,837.0,112.41818181818182,1705.0,1019.0,134.0,674.0,10292.0
10/05/2004,07.00.00,42.581818181818186,1632.0,315.0,1587.0,248.63636363636363,523.0,113.94545454545455,2459.0,1678.0,147.0,623.0,10351.0
10/05/2004,08.00.00,43.29090909090909,1598.0,352.0,1668.0,252.8181818181818,490.0,115.47272727272727,2617.0,1749.0,160.0,573.0,10342.0
10/05/2004,09.00.00,44.0,1378.0,202.0,1303.0,257.0,633.0,117.0,2051.0,1494.0,178.0,511.0,10362.0
10/05/2004,10.00.00,25.0,1132.0,134.0,1096.0,178.0,731.0,107.0,1808.0,1186.0,200.0,450.0,10379.0
10/05/2004,11.00.00,21.0,1108.0,117.0,1040.0,145.0,767.0,95.0,1748.0,1051.0,203.0,441.0,10392.0
10/05/2004,12.00.00,24.0,1131.0,134.0,1097.0,137.0,735.0,93.0,1797.0,1027.0,207.0,424.0,10248.0
10/05/2004,13.00.00,22.0,1105.0,129.0,1080.0,139.0,751.0,104.0,1758.0,981.0,208.0,406.0,9888.0
10/05/2004,14.00.00,22.0,1120.0,134.0,1096.0,130.0,753.0,102.0,1767.0,976.0,215.0,397.0,10042.0
10/05/2004,15.00.00,23.0,1100.0,137.0,1108.0,148.0,800.0,109.0,1731.0,932.0,250.0,301.0,9394.0
10/05/2004,16.00.00,21.0,1098.0,142.0,1124.0,120.0,810.0,97.0,1716.0,871.0,252.0,297.0,9371.0
10/05/2004,17.00.00,25.0,1137.0,178.0,1234.0,132.0,749.0,104.0,1824.0,990.0,234.0,320.0,9100.0
10/05/2004,18.00.00,36.0,1267.0,220.0,1352.0,188.0,651.0,124.0,1961.0,1196.0,210.0,378.0,9298.0
10/05/2004,19.00.00,4.0,1319.0,244.0,1413.0,204.0,597.0,135.0,2050.0,1329.0,192.0,457.0,10084.0
10/05/2004,20.00.00,3.0,1160.0,163.0,1189.0,167.0,698.0,122.0,1824.0,1151.0,177.0,509.0,10232.0
10/05/2004,21.00.00,21.0,1084.0,124.0,1063.0,128.0,775.0,109.0,1703.0,1031.0,168.0,536.0,10167.0
10/05/2004,22.00.00,17.0,1025.0,96.0,963.0,106.0,842.0,95.0,1621.0,917.0,158.0,562.0,10033.0
10/05/2004,23.00.00,11.0,953.0,64.0,830.0,88.0,986.0,86.0,1521.0,860.0,160.0,565.0,10166.0
11/05/2004,00.00.00,9.0,959.0,60.0,812.0,77.0,961.0,78.0,1518.0,910.0,142.0,641.0,10346.0
11/05/2004,01.00.00,4.0,834.0,28.0,637.0,36.0,1187.0,53.0,1362.0,699.0,150.0,598.0,10142.0
11/05/2004,02.00.00,2.0,787.0,16.0,549.0,28.0,1366.0,43.0,1317.0,596.0,143.0,619.0,10031.0
11/05/2004,03.00.00,2.0,799.0,16.0,555.0,37.0,1327.0,48.0,1320.0,643.0,128.0,660.0,9690.0
11/05/2004,04.00.00,4.0,807.0,18.0,571.0,46.0,1305.0,53.0,1335.0,704.0,114.0,705.0,9484.0
11/05/2004,05.00.00,6.0,866.0,36.0,686.0,55.0,1135.0,48.0,1405.0,741.0,120.0,680.0,9547.0
11/05/2004,06.00.00,14.0,1035.0,84.0,917.0,135.0,882.0,64.0,1606.0,968.0,113.0,704.0,9443.0
11/05/2004,07.00.00,46.0,1469.0,275.0,1491.0,327.0,555.0,95.0,2301.0,1561.0,127.0,656.0,9620.0
11/05/2004,08.00.00,55.0,1553.0,310.0,1575.0,383.0,508.0,120.0,2423.0,1779.0,145.0,598.0,9795.0
11/05/2004,09.00.00,48.0,1513.0,260.0,1455.0,366.0,554.0,153.0,2182.0,1822.0,175.0,498.0,9877.0
11/05/2004,10.00.00,45.0,1395.0,226.0,1368.0,322.0,605.0,163.0,2032.0,1675.0,219.0,352.0,9128.0
11/05/2004,11.00.00,3.0,1209.0,183.0,1248.0,188.0,712.0,119.0,1891.0,1295.0,235.0,295.0,8435.0
11/05/2004,12.00.00,25.0,1142.0,139.0,1115.0,144.0,776.0,96.0,1735.0,1091.0,243.0,298.0,8926.0
11/05/2004,13.00.00,23.0,1140.0,144.0,1129.0,132.0,765.0,94.0,1728.0,1023.0,238.0,317.0,9212.0
11/05/2004,14.00.00,2.0,1105.0,116.0,1035.0,117.0,826.0,86.0,1643.0,877.0,242.0,312.0,9257.0
11/05/2004,15.00.00,19.0,1131.0,122.0,1058.0,121.0,824.0,91.0,1664.0,931.0,265.0,272.0,9282.0
11/05/2004,16.00.00,19.0,1162.0,124.0,1064.0,124.0,832.0,97.0,1675.0,913.0,257.0,284.0,9248.0
11/05/2004,17.00.00,35.0,1336.0,211.0,1326.0,188.0,674.0,125.0,1923.0,1255.0,263.0,275.0,9306.0
11/05/2004,18.00.00,46.0,1533.0,299.0,1549.0,226.0,573.0,140.0,2233.0,1571.0,244.0,316.0,9545.0
11/05/2004,19.00.00,63.0,1650.0,343.0,1649.0,266.0,528.0,158.0,2345.0,1779.0,231.0,353.0,9845.0
11/05/2004,20.00.00,5.0,1535.0,261.0,1458.0,269.0,568.0,159.0,2120.0,1735.0,211.0,402.0,9970.0
11/05/2004,21.00.00,33.0,1382.0,181.0,1243.0,183.0,632.0,128.0,1941.0,1511.0,192.0,523.0,11516.0
11/05/2004,22.00.00,27.0,1335.0,142.0,1122.0,167.0,673.0,114.0,1840.0,1424.0,181.0,587.0,12072.0
11/05/2004,23.00.00,22.0,1267.0,124.0,1064.0,138.0,706.0,100.0,1766.0,1348.0,173.0,588.0,11494.0
12/05/2004,00.00.00,17.0,1122.0,87.0,926.0,105.0,805.0,88.0,1619.0,1174.0,169.0,588.0,11250.0
12/05/2004,01.00.00,8.0,986.0,52.0,771.0,54.0,964.0,67.0,1518.0,947.0,176.0,576.0,11484.0
12/05/2004,02.00.00,8.0,966.0,46.0,744.0,58.0,967.0,65.0,1511.0,935.0,156.0,639.0,11287.0
12/05/2004,03.00.00,6.0,919.0,31.0,661.0,47.5,1089.0,56.0,1468.0,838.0,149.0,657.0,11073.0
12/05/2004,04.00.00,7.0,872.0,27.0,632.0,37.0,1132.0,47.0,1403.0,768.0,156.0,622.0,10961.0
12/05/2004,05.00.00,8.0,967.0,47.0,749.0,84.0,996.0,57.0,1517.0,881.0,140.0,683.0,10884.0
12/05/2004,06.00.00,15.0,1152.0,96.0,964.0,134.0,800.0,73.0,1705.0,1096.0,145.0,657.0,10804.0
12/05/2004,07.00.00,41.0,1500.0,236.0,1393.0,279.0,560.0,95.0,2163.0,1495.0,155.0,622.0,10875.0
12/05/2004,08.00.00,59.0,1754.0,374.0,1716.0,333.0,452.0,110.0,2667.0,1895.0,170.0,568.0,10909.0
12/05/2004,09.00.00,51.0,1558.0,266.0,1469.0,336.0,525.0,121.0,2281.0,1758.0,188.0,524.0,11285.0
12/05/2004,10.00.00,39.0,1446.0,220.0,1350.0,280.0,568.0,108.0,2140.0,1630.0,197.0,519.0,11796.0
12/05/2004,11.00.00,34.0,1349.0,179.0,1236.0,275.0,627.0,125.0,1964.0,1530.0,209.0,446.0,10872.0
12/05/2004,12.00.00,33.0,1452.0,227.0,1371.0,207.0,576.0,117.0,2138.0,1622.0,219.0,433.0,11265.0
12/05/2004,13.00.00,51.0,1676.0,293.0,1534.0,305.0,496.0,131.0,2413.0,1828.0,204.0,557.0,13205.0
12/05/2004,14.00.00,31.0,1327.0,147.0,1139.0,236.0,658.0,126.0,1894.0,1323.0,174.0,670.0,13250.0
12/05/2004,15.00.00,25.0,1248.0,126.0,1072.0,183.0,713.0,114.0,1797.0,1188.0,171.0,640.0,12413.0
12/05/2004,16.00.00,24.0,1250.0,127.0,1074.0,162.0,724.0,123.0,1806.0,1166.0,173.0,611.0,11957.0
12/05/2004,17.00.00,28.0,1222.0,130.0,1084.0,157.0,727.0,116.0,1797.0,1108.0,177.0,563.0,11300.0
12/05/2004,18.00.00,29.0,1159.0,134.0,1097.0,136.0,748.0,107.0,1709.0,995.0,174.0,486.0,9559.0
12/05/2004,19.00.00,34.0,1192.0,148.0,1143.0,166.0,740.0,123.0,1767.0,1108.0,176.0,437.0,8698.0
12/05/2004,20.00.00,22.0,1074.0,94.0,954.0,136.0,846.0,112.0,1570.0,956.0,167.0,472.0,8920.0
12/05/2004,21.00.00,16.0,984.0,69.0,851.0,112.0,959.0,101.0,1452.0,817.0,168.0,456.0,8636.0
12/05/2004,22.00.00,13.0,970.0,52.0,773.0,87.0,1026.0,91.0,1425.0,658.0,161.0,520.0,9460.0
12/05/2004,23.00.00,13.0,987.0,57.0,800.0,86.0,989.0,88.0,1462.0,658.0,155.0,571.0,9960.0
13/05/2004,00.00.00,16.0,1003.0,65.0,836.0,98.0,949.0,96.0,1455.0,748.0,162.0,502.0,9156.0
13/05/2004,01.00.00,12.0,933.0,47.0,747.0,62.0,1045.0,75.0,1405.0,569.0,164.0,505.0,9380.0
13/05/2004,02.00.00,6.0,859.0,25.0,620.0,32.0,1201.0,47.0,1316.0,445.0,162.0,528.0,9626.0
13/05/2004,03.00.00,4.0,815.0,14.0,538.0,26.5,1412.0,36.0,1272.0,379.0,160.0,537.0,9723.0
13/05/2004,04.00.00,4.0,792.0,10.0,501.0,21.0,1554.0,25.0,1252.0,354.0,162.0,530.0,9672.0
13/05/2004,05.00.00,4.0,835.0,17.0,560.0,41.0,1409.0,49.0,1317.0,407.0,162.0,537.0,9799.0
13/05/2004,06.00.00,1.0,975.0,45.0,736.0,86.0,1069.0,85.0,1459.0,611.0,159.0,553.0,9910.0
13/05/2004,07.00.00,2.0,1133.0,94.0,957.0,174.0,815.0,106.0,1652.0,944.0,162.0,556.0,10151.0
13/05/2004,08.00.00,36.0,1347.0,179.0,1237.0,264.0,645.0,136.0,1984.0,1328.0,160.0,593.0,10711.0
13/05/2004,09.00.00,24.0,1122.0,106.0,1000.0,211.0,783.0,119.0,1663.0,1085.0,166.0,556.0,10420.0
13/05/2004,10.00.00,24.0,1152.0,110.0,1014.0,208.0,774.0,122.0,1714.0,1139.0,174.0,518.0,10220.0
13/05/2004,11.00.00,16.0,1020.0,72.0,866.0,139.0,907.0,90.0,1554.0,799.0,176.0,497.0,9944.0
13/05/2004,12.00.00,19.0,1066.0,87.0,927.0,138.0,846.0,97.0,1608.0,804.0,172.0,528.0,10236.0
13/05/2004,13.00.00,24.0,1105.0,111.0,1016.0,142.0,789.0,98.0,1736.0,930.0,182.0,496.0,10268.0
13/05/2004,14.00.00,17.0,1056.0,79.0,894.0,131.0,891.0,93.0,1576.0,771.0,195.0,450.0,10114.0
13/05/2004,15.00.00,21.0,1084.0,98.0,970.0,132.0,818.0,98.0,1626.0,845.0,195.0,455.0,10189.0
13/05/2004,16.00.00,31.0,1288.0,164.0,1191.0,178.0,691.0,123.0,1910.0,1192.0,198.0,443.0,10104.0
13/05/2004,17.00.00,46.0,1390.0,226.0,1368.0,228.0,605.0,148.0,2092.0,1494.0,203.0,431.0,10114.0
13/05/2004,18.00.00,45.0,1374.0,202.0,1303.0,232.0,636.0,148.0,2036.0,1457.0,203.0,444.0,10457.0
13/05/2004,19.00.00,39.0,1378.0,217.0,1342.0,204.0,612.0,133.0,2076.0,1489.0,198.0,479.0,10920.0
13/05/2004,20.00.00,46.0,1428.0,212.0,1329.0,250.0,594.0,141.0,2102.0,1602.0,191.0,523.0,11486.0
13/05/2004,21.00.00,33.0,1336.0,159.0,1176.0,208.0,656.0,131.0,1891.0,1468.0,182.0,547.0,11336.0
13/05/2004,22.00.00,27.0,1234.0,120.0,1049.0,158.0,746.0,121.0,1733.0,1274.0,178.0,550.0,11097.0
13/05/2004,23.00.00,33.0,1300.0,174.0,1221.0,197.0,648.0,123.0,1946.0,1401.0,175.0,564.0,11175.0
14/05/2004,00.00.00,25.0,1246.0,150.0,1150.0,152.0,654.0,107.0,1873.0,1354.0,173.0,578.0,11298.0
14/05/2004,01.00.00,21.0,1141.0,111.0,1017.0,112.0,740.0,104.0,1690.0,1188.0,168.0,575.0,10912.0
14/05/2004,02.00.00,13.0,1014.0,69.0,853.0,75.0,883.0,91.0,1538.0,975.0,163.0,570.0,10484.0
14/05/2004,03.00.00,1.0,938.0,51.0,769.0,74.5,978.0,89.0,1463.0,816.0,162.0,563.0,10262.0
14/05/2004,04.00.00,6.5,988.0,61.0,814.0,74.0,908.0,87.0,1512.0,921.0,155.0,599.0,10498.0
14/05/2004,05.00.00,12.0,983.0,65.0,833.0,116.0,894.0,102.0,1524.0,1012.0,160.0,583.0,10481.0
14/05/2004,06.00.00,15.0,1033.0,84.0,917.0,118.0,882.0,95.0,1617.0,905.0,172.0,523.0,10169.0
14/05/2004,07.00.00,37.0,1388.0,228.0,1372.0,272.0,601.0,140.0,2105.0,1449.0,185.0,494.0,10397.0
14/05/2004,08.00.00,35.0,1512.0,291.0,1530.0,265.0,527.0,139.0,2326.0,1725.0,200.0,456.0,10524.0
14/05/2004,09.00.00,33.0,1148.0,136.0,1104.0,258.0,723.0,138.0,1713.0,1301.0,210.0,379.0,9313.0
14/05/2004,10.00.00,25.0,1095.0,111.0,1019.0,186.0,815.0,113.0,1618.0,1181.0,228.0,324.0,8870.0
14/05/2004,11.00.00,19.0,987.0,100.0,979.0,130.0,923.0,101.0,1515.0,962.0,255.0,256.0,8218.0
14/05/2004,12.00.00,2.0,984.0,105.0,998.0,134.0,905.0,97.0,1523.0,862.0,259.0,236.0,7771.0
14/05/2004,13.00.00,25.0,1072.0,130.0,1084.0,148.0,843.0,114.0,1622.0,1017.0,277.0,208.0,7599.0
14/05/2004,14.00.00,21.0,1048.0,125.0,1068.0,147.0,869.0,110.0,1573.0,993.0,271.0,216.0,7618.0
14/05/2004,15.00.00,21.0,1042.0,114.0,1029.0,123.0,907.0,103.0,1540.0,879.0,284.0,202.0,7697.0
14/05/2004,16.00.00,23.0,1113.0,131.0,1086.0,138.0,882.0,119.0,1584.0,926.0,281.0,219.0,8184.0
14/05/2004,17.00.00,3.0,1146.0,149.0,1145.0,162.0,836.0,126.0,1647.0,1011.0,276.0,223.0,8116.0
14/05/2004,18.00.00,41.0,1239.0,191.0,1272.0,214.0,748.0,144.0,1790.0,1380.0,252.0,243.0,7671.0
14/05/2004,19.00.00,45.0,1302.0,218.0,1346.0,230.0,706.0,164.0,1880.0,1698.0,246.0,251.0,7636.0
14/05/2004,20.00.00,35.0,1181.0,161.0,1183.0,191.0,792.0,148.0,1711.0,1432.0,231.0,272.0,7575.0
14/05/2004,21.00.00,21.0,1068.0,116.0,1037.0,128.0,869.0,119.0,1567.0,1217.0,220.0,286.0,7483.0
14/05/2004,22.00.00,23.0,1135.0,124.0,1065.0,138.0,803.0,111.0,1630.0,1317.0,208.0,345.0,8365.0
14/05/2004,23.00.00,19.0,1121.0,104.0,992.0,126.0,844.0,115.0,1505.0,1255.0,204.0,353.0,8352.0
15/05/2004,00.00.00,19.0,1131.0,97.0,965.0,107.0,843.0,103.0,1520.0,1223.0,191.0,383.0,8381.0
15/05/2004,01.00.00,12.0,947.0,57.0,798.0,67.0,964.0,81.0,1395.0,930.0,180.0,405.0,8271.0
15/05/2004,02.00.00,1.0,935.0,54.0,786.0,55.0,964.0,71.0,1389.0,954.0,174.0,434.0,8553.0
15/05/2004,03.00.00,11.0,941.0,56.0,792.0,51.5,975.0,64.5,1397.0,889.0,148.0,506.0,8489.0
15/05/2004,04.00.00,8.0,867.0,44.0,734.0,48.0,1043.0,58.0,1324.0,808.0,146.0,514.0,8489.0
15/05/2004,05.00.00,5.0,839.0,28.0,638.0,33.0,1171.0,44.0,1271.0,643.0,157.0,469.0,8329.0
15/05/2004,06.00.00,6.0,873.0,39.0,704.0,41.0,1091.0,49.0,1322.0,756.0,153.0,497.0,8552.0
15/05/2004,07.00.00,14.0,1065.0,91.0,942.0,106.0,890.0,68.0,1576.0,1067.0,160.0,474.0,8564.0
15/05/2004,08.00.00,26.0,1187.0,136.0,1104.0,208.0,727.0,108.0,1721.0,1391.0,176.0,433.0,8647.0
15/05/2004,09.00.00,28.0,1249.0,158.0,1174.0,193.0,712.0,117.0,1774.0,1486.0,203.0,374.0,8807.0
15/05/2004,10.00.00,26.0,1157.0,127.0,1072.0,191.0,802.0,127.0,1653.0,1327.0,231.0,303.0,8425.0
15/05/2004,11.00.00,16.0,988.0,86.0,924.0,113.0,1015.0,93.0,1463.0,835.0,250.0,242.0,7568.0
15/05/2004,12.00.00,17.0,1025.0,94.0,955.0,111.0,997.0,94.0,1457.0,834.0,256.0,235.0,7611.0
15/05/2004,13.00.00,17.0,997.0,92.0,947.0,106.0,998.0,87.0,1460.0,815.0,255.0,226.0,7288.0
15/05/2004,14.00.00,13.0,916.0,64.0,829.0,82.0,1124.0,75.0,1333.0,621.0,261.0,211.0,7023.0
15/05/2004,15.00.00,14.0,965.0,83.0,910.0,79.0,1056.0,81.0,1389.0,643.0,282.0,194.0,7303.0
15/05/2004,16.00.00,14.0,985.0,81.0,903.0,90.0,1059.0,86.0,1437.0,712.0,274.0,205.0,7379.0
15/05/2004,17.00.00,17.0,1026.0,85.0,920.0,104.0,1037.0,97.0,1455.0,746.0,260.0,227.0,7532.0
15/05/2004,18.00.00,23.0,1125.0,110.0,1016.0,148.0,910.0,117.0,1564.0,991.0,238.0,271.0,7858.0
15/05/2004,19.00.00,25.0,1159.0,121.0,1054.0,158.0,878.0,120.0,1603.0,1046.0,230.0,287.0,7976.0
15/05/2004,20.00.00,33.0,1284.0,150.0,1149.0,234.0,780.0,149.0,1725.0,1304.0,217.0,318.0,8191.0
15/05/2004,21.00.00,22.0,1101.0,102.0,986.0,163.0,852.0,124.0,1574.0,1100.0,209.0,332.0,8098.0
15/05/2004,22.00.00,16.0,1101.0,99.0,972.0,95.0,879.0,97.0,1552.0,1001.0,202.0,343.0,8017.0
15/05/2004,23.00.00,26.0,1183.0,120.0,1049.0,146.0,762.0,112.0,1594.0,1290.0,196.0,370.0,8325.0
16/05/2004,00.00.00,23.0,1132.0,105.0,996.0,102.0,822.0,95.0,1564.0,1205.0,181.0,409.0,8441.0
16/05/2004,01.00.00,15.0,998.0,71.0,859.0,90.0,919.0,88.0,1450.0,1045.0,170.0,433.0,8341.0
16/05/2004,02.00.00,9.0,911.0,46.0,743.0,41.0,1052.0,54.0,1370.0,739.0,167.0,434.0,8193.0
16/05/2004,03.00.00,8.0,875.0,42.0,721.0,35.5,1083.0,48.5,1328.0,683.0,159.0,447.0,8009.0
16/05/2004,04.00.00,6.0,808.0,26.0,630.0,30.0,1234.0,43.0,1256.0,573.0,152.0,455.0,7830.0
16/05/2004,05.00.00,4.0,792.0,22.0,599.0,32.0,1262.0,45.0,1235.0,564.0,135.0,501.0,7706.0
16/05/2004,06.00.00,4.0,822.0,20.0,581.0,34.0,1326.0,47.0,1256.0,602.0,142.0,499.0,8025.0
16/05/2004,07.00.00,8.0,918.0,42.0,721.0,57.0,1069.0,58.0,1353.0,785.0,138.0,514.0,8059.0
16/05/2004,08.00.00,9.0,975.0,52.0,774.0,73.0,1001.0,69.0,1393.0,878.0,163.0,451.0,8286.0
16/05/2004,09.00.00,16.0,1047.0,82.0,908.0,119.0,913.0,89.0,1458.0,981.0,192.0,354.0,7812.0
16/05/2004,10.00.00,2.0,1053.0,98.0,970.0,138.0,930.0,105.0,1473.0,991.0,255.0,211.0,6770.0
16/05/2004,11.00.00,16.0,1017.0,79.0,897.0,96.0,1013.0,92.0,1400.0,780.0,282.0,190.0,7164.0
16/05/2004,12.00.00,14.0,1021.0,77.0,889.0,80.0,1022.0,82.0,1405.0,684.0,295.0,198.0,8013.0
16/05/2004,13.00.00,9.0,941.0,48.0,753.0,45.0,1173.0,56.0,1311.0,468.0,306.0,194.0,8348.0
16/05/2004,14.00.00,9.0,991.0,53.0,776.0,45.0,1122.0,60.0,1375.0,468.0,299.0,220.0,9181.0
16/05/2004,15.00.00,12.0,1117.0,71.0,862.0,54.0,995.0,64.0,1476.0,530.0,315.0,219.0,9970.0
16/05/2004,16.00.00,14.0,1217.0,92.0,947.0,66.0,887.0,85.0,1566.0,648.0,312.0,246.0,10987.0
16/05/2004,17.00.00,19.0,1248.0,101.0,982.0,95.0,880.0,107.0,1617.0,746.0,304.0,265.0,11347.0
16/05/2004,18.00.00,18.0,1242.0,99.0,973.0,99.0,856.0,106.0,1632.0,819.0,268.0,335.0,11602.0
16/05/2004,19.00.00,27.0,1403.0,151.0,1151.0,147.0,747.0,125.0,1820.0,1125.0,255.0,374.0,11995.0
16/05/2004,20.00.00,24.0,1238.0,106.0,999.0,129.0,833.0,118.0,1648.0,1013.0,237.0,394.0,11381.0
16/05/2004,21.00.00,16.0,1093.0,70.0,858.0,96.0,975.0,95.0,1495.0,816.0,229.0,370.0,10197.0
16/05/2004,22.00.00,14.0,1034.0,59.0,805.0,92.0,1030.0,97.0,1416.0,750.0,208.0,363.0,8775.0
16/05/2004,23.00.00,14.0,934.0,56.0,795.0,88.0,1098.0,93.0,1328.0,673.0,203.0,285.0,6686.0
17/05/2004,00.00.00,14.0,913.0,54.0,785.0,89.0,1110.0,85.0,1273.0,692.0,196.0,265.0,5974.0
17/05/2004,01.00.00,9.0,835.0,37.0,691.0,52.0,1265.0,67.0,1182.0,517.0,191.0,259.0,5673.0
17/05/2004,02.00.00,5.0,773.0,18.0,568.0,25.0,1474.0,37.0,1113.0,392.0,184.0,276.0,5799.0
17/05/2004,03.00.00,4.0,771.0,14.0,533.0,26.5,1566.0,38.5,1110.0,360.0,174.0,302.0,5945.0
17/05/2004,04.00.00,4.5,805.0,14.0,534.0,28.0,1454.0,40.0,1112.0,409.0,163.0,341.0,6257.0
17/05/2004,05.00.00,5.0,930.0,35.0,684.0,65.0,1059.0,75.0,1220.0,779.0,158.0,365.0,6535.0
17/05/2004,06.00.00,13.0,1009.0,70.0,859.0,132.0,944.0,102.0,1420.0,1016.0,160.0,381.0,6879.0
17/05/2004,07.00.00,26.0,1196.0,144.0,1131.0,216.0,775.0,113.0,1675.0,1243.0,176.0,350.0,6965.0
17/05/2004,08.00.00,2.0,1010.0,89.0,937.0,180.0,945.0,142.0,1444.0,949.0,185.0,312.0,6611.0
17/05/2004,09.00.00,18.0,990.0,86.0,924.0,140.0,974.0,90.0,1404.0,861.0,198.0,285.0,6520.0
17/05/2004,10.00.00,17.0,988.0,85.0,918.0,141.0,1007.0,94.0,1393.0,850.0,223.0,241.0,6394.0
17/05/2004,11.00.00,15.0,979.0,83.0,910.0,123.0,1028.0,92.0,1396.0,788.0,242.0,217.0,6451.0
17/05/2004,12.00.00,19.0,1029.0,101.0,983.0,129.0,950.0,97.0,1470.0,879.0,251.0,208.0,6516.0
17/05/2004,13.00.00,17.0,984.0,91.0,945.0,115.0,990.0,88.0,1423.0,747.0,258.0,195.0,6392.0
17/05/2004,14.00.00,15.0,985.0,85.0,919.0,104.0,1028.0,86.0,1387.0,700.0,263.0,189.0,6344.0
17/05/2004,15.00.00,17.0,981.0,77.0,886.0,129.0,1054.0,99.0,1363.0,695.0,258.0,186.0,6080.0
17/05/2004,16.00.00,17.0,1020.0,90.0,941.0,138.0,1016.0,95.0,1425.0,756.0,257.0,194.0,6304.0
17/05/2004,17.00.00,24.0,1106.0,134.0,1097.0,135.0,902.0,105.0,1552.0,941.0,267.0,171.0,5909.0
17/05/2004,18.00.00,31.0,1153.0,156.0,1168.0,163.0,842.0,121.0,1644.0,1021.0,243.0,198.0,5933.0
17/05/2004,19.00.00,34.0,1215.0,178.0,1234.0,180.0,796.0,125.0,1735.0,1167.0,235.0,208.0,5937.0
17/05/2004,20.00.00,3.0,1094.0,127.0,1072.0,170.0,888.0,122.0,1545.0,1105.0,220.0,240.0,6263.0
17/05/2004,21.00.00,12.0,944.0,64.0,832.0,72.0,1072.0,81.0,1350.0,712.0,211.0,262.0,6481.0
17/05/2004,22.00.00,12.0,964.0,71.0,861.0,69.0,1014.0,73.0,1398.0,735.0,209.0,288.0,7014.0
17/05/2004,23.00.00,13.0,1003.0,74.0,872.0,79.0,988.0,80.0,1439.0,851.0,202.0,312.0,7304.0
18/05/2004,00.00.00,1.0,914.0,52.0,774.0,53.0,1091.0,65.0,1323.0,706.0,200.0,315.0,7262.0
18/05/2004,01.00.00,4.0,839.0,24.0,609.0,36.0,1276.0,59.0,1286.0,643.0,208.0,323.0,7813.0
18/05/2004,02.00.00,3.0,830.0,20.0,582.0,30.0,1310.0,50.0,1264.0,608.0,200.0,345.0,7954.0
18/05/2004,03.00.00,2.0,812.0,12.0,521.0,22.5,1413.0,36.5,1233.0,469.0,212.0,329.0,8178.0
18/05/2004,04.00.00,3.5,832.0,15.0,547.0,15.0,1320.0,23.0,1254.0,469.0,183.0,400.0,8345.0
18/05/2004,05.00.00,5.0,903.0,31.0,656.0,38.0,1155.0,37.0,1361.0,618.0,170.0,446.0,8593.0
18/05/2004,06.00.00,9.0,1022.0,63.0,825.0,68.0,931.0,54.0,1487.0,931.0,171.0,453.0,8784.0
18/05/2004,07.00.00,27.0,1378.0,193.0,1277.0,192.0,628.0,94.0,1970.0,1519.0,171.0,465.0,9010.0
18/05/2004,08.00.00,65.0,1745.0,389.0,1748.0,346.0,484.0,139.0,2605.0,2054.0,188.0,397.0,8547.0
18/05/2004,09.00.00,32.0,1326.0,146.0,1137.0,225.0,719.0,115.0,1760.0,1550.0,203.0,381.0,8946.0
18/05/2004,10.00.00,24.0,1215.0,123.0,1062.0,199.0,794.0,119.0,1650.0,1381.0,253.0,270.0,8565.0
18/05/2004,11.00.00,19.0,1138.0,110.0,1015.0,140.0,854.0,103.0,1604.0,1115.0,274.0,228.0,8219.0
18/05/2004,12.00.00,27.0,1244.0,154.0,1162.0,162.0,765.0,123.0,1735.0,1189.0,300.0,200.0,8338.0
18/05/2004,13.00.00,29.0,1261.0,170.0,1210.0,173.0,736.0,126.0,1769.0,1200.0,309.0,191.0,8394.0
18/05/2004,14.00.00,2.0,1182.0,125.0,1066.0,121.0,818.0,106.0,1663.0,965.0,306.0,202.0,8719.0
18/05/2004,15.00.00,23.0,1208.0,138.0,1111.0,133.0,783.0,127.0,1653.0,1018.0,322.0,189.0,8964.0
18/05/2004,16.00.00,19.0,1158.0,101.0,981.0,96.0,862.0,105.0,1573.0,775.0,317.0,195.0,8981.0
18/05/2004,17.00.00,3.0,1346.0,193.0,1278.0,141.0,701.0,130.0,1873.0,1193.0,309.0,205.0,8996.0
18/05/2004,18.00.00,44.0,1443.0,227.0,1371.0,221.0,664.0,160.0,1988.0,1425.0,275.0,247.0,8899.0
18/05/2004,19.00.00,47.0,1440.0,255.0,1443.0,232.0,635.0,162.0,2068.0,1594.0,258.0,270.0,8821.0
18/05/2004,20.00.00,34.0,1232.0,158.0,1173.0,174.0,751.0,135.0,1750.0,1284.0,237.0,300.0,8633.0
18/05/2004,21.00.00,24.0,1159.0,123.0,1061.0,138.0,812.0,122.0,1648.0,1174.0,222.0,334.0,8806.0
18/05/2004,22.00.00,12.0,1081.0,87.0,929.0,65.0,910.0,75.0,1518.0,937.0,211.0,365.0,9019.0
18/05/2004,23.00.00,17.0,1083.0,83.0,911.0,107.0,883.0,96.0,1507.0,985.0,202.0,386.0,9016.0
19/05/2004,00.00.00,12.0,1069.0,77.0,887.0,70.0,859.0,84.0,1542.0,1041.0,193.0,430.0,9535.0
19/05/2004,01.00.00,7.0,940.0,42.0,724.0,44.0,1012.0,68.0,1407.0,867.0,192.0,436.0,9591.0
19/05/2004,02.00.00,5.0,901.0,30.0,653.0,41.0,1094.0,65.0,1367.0,822.0,184.0,457.0,9599.0
19/05/2004,03.00.00,3.0,848.0,18.0,571.0,37.0,1224.0,58.5,1297.0,624.0,187.0,443.0,9453.0
19/05/2004,04.00.00,3.0,846.0,22.0,598.0,33.0,1211.0,52.0,1332.0,669.0,163.0,514.0,9468.0
19/05/2004,05.00.00,3.0,848.0,22.0,598.0,32.0,1219.0,46.0,1318.0,628.0,170.0,492.0,9459.0
19/05/2004,06.00.00,7.0,980.0,57.0,800.0,46.0,983.0,54.0,1462.0,810.0,164.0,521.0,9612.0
19/05/2004,07.00.00,31.0,1408.0,209.0,1321.0,173.0,618.0,94.0,2044.0,1495.0,164.0,534.0,9863.0
19/05/2004,08.00.00,62.0,1716.0,367.0,1701.0,320.0,490.0,155.0,2545.0,2018.0,186.0,468.0,9900.0
19/05/2004,09.00.00,46.0,1475.0,220.0,1351.0,294.0,625.0,165.0,2006.0,1696.0,210.0,411.0,10104.0
19/05/2004,10.00.00,26.0,1262.0,134.0,1096.0,182.0,772.0,134.0,1711.0,1340.0,264.0,289.0,9785.0
19/05/2004,11.00.00,21.0,1156.0,115.0,1034.0,154.0,813.0,122.0,1640.0,1123.0,277.0,263.0,9652.0
19/05/2004,12.00.00,2.0,1192.0,134.0,1097.0,118.0,796.0,113.0,1688.0,971.0,301.0,221.0,9281.0
19/05/2004,13.00.00,22.0,1233.0,152.0,1154.0,116.0,746.0,115.0,1740.0,1000.0,310.0,229.0,10144.0
19/05/2004,14.00.00,21.0,1208.0,130.0,1083.0,121.0,792.0,118.0,1702.0,891.0,310.0,226.0,10012.0
19/05/2004,15.00.00,23.0,1215.0,140.0,1116.0,116.0,784.0,125.0,1715.0,852.0,316.0,210.0,9590.0
19/05/2004,16.00.00,25.0,1251.0,155.0,1165.0,144.0,747.0,135.0,1774.0,975.0,304.0,247.0,10526.0
19/05/2004,17.00.00,34.0,1358.0,193.0,1278.0,176.0,689.0,149.0,1899.0,1192.0,288.0,263.0,10271.0
19/05/2004,18.00.00,43.0,1379.0,219.0,1349.0,214.0,645.0,162.0,1961.0,1373.0,264.0,301.0,10204.0
19/05/2004,19.00.00,38.0,1379.0,211.0,1326.0,191.0,659.0,151.0,1961.0,1307.0,247.0,315.0,9672.0
19/05/2004,20.00.00,38.0,1373.0,184.0,1252.0,205.0,670.0,154.0,1889.0,1325.0,229.0,365.0,10083.0
19/05/2004,21.00.00,2.0,1197.0,93.0,950.0,110.0,823.0,118.0,1592.0,918.0,208.0,418.0,10155.0
19/05/2004,22.00.00,17.0,1238.0,90.0,940.0,95.0,815.0,103.0,1622.0,877.0,197.0,471.0,10666.0
19/05/2004,23.00.00,2.0,1255.0,96.0,963.0,126.0,781.0,122.0,1665.0,1024.0,189.0,522.0,11313.0
20/05/2004,00.00.00,15.0,1164.0,82.0,908.0,90.0,821.0,102.0,1574.0,1019.0,185.0,501.0,10539.0
20/05/2004,01.00.00,8.0,1046.0,58.0,803.0,48.0,900.0,73.0,1490.0,823.0,180.0,530.0,10832.0
20/05/2004,02.00.00,5.0,956.0,31.0,661.0,38.0,1043.0,59.0,1398.0,701.0,184.0,517.0,10819.0
20/05/2004,03.00.00,3.0,885.0,17.0,565.0,26.0,1217.0,42.5,1329.0,542.0,198.0,462.0,10560.0
20/05/2004,04.00.00,3.0,877.0,16.0,549.0,14.0,1265.0,26.0,1317.0,463.0,196.0,477.0,10736.0
20/05/2004,05.00.00,3.0,925.0,23.0,609.0,26.0,1168.0,35.0,1363.0,533.0,173.0,541.0,10582.0
20/05/2004,06.00.00,9.0,1086.0,66.0,837.0,83.0,885.0,68.0,1553.0,906.0,158.0,590.0,10495.0
20/05/2004,07.00.00,28.0,1490.0,196.0,1286.0,188.0,593.0,97.0,2053.0,1447.0,166.0,559.0,10486.0
20/05/2004,08.00.00,54.0,1763.0,329.0,1617.0,253.0,489.0,146.0,2503.0,1835.0,187.0,528.0,11279.0
20/05/2004,09.00.00,4.0,1462.0,181.0,1242.0,149.0,637.0,83.0,1961.0,1552.0,207.0,464.0,11227.0
20/05/2004,10.00.00,22.0,1232.0,124.0,1062.0,155.0,787.0,117.0,1707.0,1092.0,261.0,300.0,9972.0
20/05/2004,11.00.00,22.0,1239.0,125.0,1067.0,146.0,779.0,117.0,1702.0,1071.0,286.0,258.0,9989.0
20/05/2004,12.00.00,2.0,1218.0,120.0,1051.0,121.0,796.0,108.0,1689.0,881.0,303.0,233.0,9869.0
20/05/2004,13.00.00,2.0,1235.0,133.0,1094.0,111.0,756.0,107.0,1729.0,907.0,313.0,223.0,10043.0
20/05/2004,14.00.00,19.0,1196.0,123.0,1061.0,116.0,791.0,120.0,1649.0,899.0,311.0,223.0,9888.0
20/05/2004,15.00.00,27.0,1288.0,160.0,1179.0,167.0,717.0,150.0,1799.0,1074.0,324.0,204.0,9732.0
20/05/2004,16.00.00,22.0,1248.0,137.0,1108.0,145.0,772.0,138.0,1701.0,969.0,326.0,193.0,9350.0
20/05/2004,17.00.00,35.0,1401.0,217.0,1342.0,192.0,663.0,148.0,1959.0,1267.0,312.0,203.0,9064.0
20/05/2004,18.00.00,41.0,1401.0,237.0,1396.0,231.0,645.0,168.0,2009.0,1402.0,277.0,248.0,9106.0
20/05/2004,19.00.00,44.0,1444.0,221.0,1354.0,248.0,655.0,172.0,1956.0,1437.0,257.0,279.0,9080.0
20/05/2004,20.00.00,45.0,1379.0,206.0,1312.0,267.0,683.0,179.0,1870.0,1382.0,241.0,299.0,8879.0
20/05/2004,21.00.00,29.0,1251.0,134.0,1097.0,181.0,771.0,143.0,1680.0,1280.0,222.0,344.0,9072.0
20/05/2004,22.00.00,26.0,1269.0,128.0,1077.0,163.0,773.0,137.0,1706.0,1250.0,207.0,380.0,9149.0
20/05/2004,23.00.00,21.0,1242.0,123.0,1060.0,141.0,745.0,117.0,1693.0,1359.0,202.0,428.0,9983.0
21/05/2004,00.00.00,12.0,1045.0,68.0,850.0,78.0,889.0,93.0,1506.0,1102.0,205.0,420.0,10004.0
21/05/2004,01.00.00,6.0,937.0,38.0,698.0,42.0,1039.0,64.0,1382.0,768.0,201.0,420.0,9763.0
21/05/2004,02.00.00,3.0,875.0,25.0,622.0,35.0,1167.0,58.0,1331.0,656.0,200.0,415.0,9571.0
21/05/2004,03.00.00,3.0,889.0,27.0,633.0,34.0,1123.0,52.5,1344.0,683.0,163.0,516.0,9461.0
21/05/2004,04.00.00,3.0,888.0,28.0,640.0,33.0,1089.0,47.0,1330.0,670.0,165.0,502.0,9320.0
21/05/2004,05.00.00,3.0,881.0,26.0,624.0,38.0,1135.0,47.0,1319.0,656.0,164.0,502.0,9310.0
21/05/2004,06.00.00,7.0,998.0,70.0,856.0,65.0,894.0,62.0,1488.0,926.0,149.0,547.0,9203.0
21/05/2004,07.00.00,42.0,1517.0,262.0,1460.0,296.0,551.0,113.0,2205.0,1677.0,164.0,513.0,9474.0
21/05/2004,08.00.00,48.0,1522.0,282.0,1509.0,303.0,543.0,126.0,2275.0,1828.0,182.0,462.0,9575.0
21/05/2004,09.00.00,34.0,1417.0,202.0,1303.0,244.0,635.0,139.0,1964.0,1752.0,207.0,400.0,9639.0
21/05/2004,10.00.00,28.0,1329.0,171.0,1214.0,216.0,700.0,148.0,1845.0,1581.0,265.0,270.0,9217.0
21/05/2004,11.00.00,18.0,1203.0,112.0,1023.0,137.0,825.0,117.0,1622.0,1132.0,285.0,238.0,9150.0
21/05/2004,12.00.00,19.0,1234.0,116.0,1037.0,120.0,788.0,106.0,1658.0,1037.0,297.0,237.0,9714.0
21/05/2004,13.00.00,2.0,1286.0,132.0,1090.0,100.0,750.0,98.0,1719.0,1023.0,317.0,217.0,9966.0
21/05/2004,14.00.00,19.0,1298.0,127.0,1075.0,103.0,749.0,98.0,1690.0,1022.0,317.0,215.0,9902.0
21/05/2004,15.00.00,2.0,1308.0,130.0,1084.0,123.0,757.0,110.0,1724.0,989.0,328.0,195.0,9515.0
21/05/2004,16.00.00,23.0,1276.0,135.0,1099.0,136.0,783.0,114.0,1680.0,925.0,325.0,186.0,8948.0
21/05/2004,17.00.00,27.0,1234.0,102.0,985.0,158.0,815.0,122.0,1572.0,795.0,302.0,226.0,9524.0
21/05/2004,18.00.00,36.0,1419.0,201.0,1300.0,216.0,670.0,155.0,1923.0,1263.0,276.0,257.0,9382.0
21/05/2004,19.00.00,38.0,1325.0,191.0,1273.0,211.0,716.0,145.0,1815.0,1184.0,259.0,249.0,8195.0
21/05/2004,20.00.00,35.0,1346.0,175.0,1224.0,202.0,715.0,146.0,1794.0,1272.0,239.0,294.0,8589.0
21/05/2004,21.00.00,25.0,1241.0,138.0,1110.0,147.0,772.0,130.0,1698.0,1177.0,223.0,321.0,8515.0
21/05/2004,22.00.00,25.0,1274.0,133.0,1094.0,160.0,771.0,126.0,1682.0,1231.0,205.0,359.0,8565.0
21/05/2004,23.00.00,3.0,1321.0,148.0,1144.0,162.0,732.0,127.0,1745.0,1243.0,198.0,372.0,8509.0
22/05/2004,00.00.00,37.0,1424.0,180.0,1240.0,194.0,662.0,126.0,1841.0,1427.0,191.0,419.0,9158.0
22/05/2004,01.00.00,33.0,1357.0,160.0,1178.0,167.0,674.0,124.0,1782.0,1454.0,178.0,461.0,9344.0
22/05/2004,02.00.00,15.0,1123.0,97.0,966.0,91.0,770.0,93.0,1594.0,1183.0,176.0,476.0,9465.0
22/05/2004,03.00.00,7.0,1003.0,62.0,820.0,66.5,902.0,75.5,1455.0,908.0,179.0,463.0,9394.0
22/05/2004,04.00.00,6.0,951.0,40.0,713.0,42.0,994.0,58.0,1385.0,821.0,169.0,498.0,9544.0
22/05/2004,05.00.00,5.0,941.0,36.0,687.0,50.0,1024.0,59.0,1374.0,777.0,158.0,538.0,9615.0
22/05/2004,06.00.00,5.0,986.0,46.0,745.0,61.0,959.0,66.0,1426.0,888.0,165.0,535.0,9928.0
22/05/2004,07.00.00,12.0,1153.0,92.0,947.0,107.0,795.0,80.0,1643.0,1076.0,172.0,529.0,10276.0
22/05/2004,08.00.00,22.0,1323.0,146.0,1137.0,139.0,696.0,94.0,1846.0,1285.0,193.0,483.0,10723.0
22/05/2004,09.00.00,22.0,1315.0,117.0,1040.0,165.0,743.0,102.0,1740.0,1315.0,206.0,471.0,11287.0
22/05/2004,10.00.00,21.0,1303.0,110.0,1015.0,139.0,777.0,96.0,1731.0,1250.0,237.0,400.0,11530.0
22/05/2004,11.00.00,18.0,1238.0,116.0,1037.0,113.0,813.0,91.0,1698.0,978.0,256.0,325.0,10530.0
22/05/2004,12.00.00,22.0,1259.0,129.0,1080.0,138.0,772.0,104.0,1736.0,1072.0,272.0,281.0,9989.0
22/05/2004,13.00.00,2.0,1246.0,126.0,1070.0,104.0,770.0,84.0,1747.0,1064.0,279.0,281.0,10394.0
22/05/2004,14.00.00,14.0,1154.0,83.0,912.0,78.0,872.0,76.0,1605.0,825.0,283.0,278.0,10539.0
22/05/2004,15.00.00,18.0,1237.0,105.0,997.0,97.0,800.0,87.0,1688.0,924.0,292.0,270.0,10810.0
22/05/2004,16.00.00,21.0,1315.0,117.0,1041.0,115.0,773.0,101.0,1767.0,966.0,289.0,293.0,11503.0
22/05/2004,17.00.00,28.0,1466.0,158.0,1174.0,152.0,680.0,115.0,1965.0,1302.0,254.0,398.0,12771.0
22/05/2004,18.00.00,28.0,1409.0,139.0,1113.0,157.0,710.0,110.0,1850.0,1256.0,252.0,401.0,12642.0
22/05/2004,19.00.00,27.0,1366.0,157.0,1171.0,132.0,693.0,103.0,1933.0,1068.0,245.0,394.0,11963.0
22/05/2004,20.00.00,18.0,1241.0,109.0,1011.0,98.0,781.0,90.0,1748.0,1070.0,223.0,454.0,12088.0
22/05/2004,21.00.00,12.0,1123.0,64.0,832.0,65.0,930.0,68.0,1565.0,792.0,212.0,483.0,12034.0
22/05/2004,22.00.00,26.0,1321.0,127.0,1075.0,101.0,757.0,85.0,1891.0,1017.0,206.0,505.0,12082.0
22/05/2004,23.00.00,31.0,1397.0,153.0,1159.0,134.0,681.0,100.0,1949.0,1207.0,202.0,529.0,12340.0
23/05/2004,00.00.00,41.0,1507.0,205.0,1311.0,177.0,608.0,114.0,2107.0,1499.0,198.0,545.0,12488.0
23/05/2004,01.00.00,36.0,1405.0,159.0,1177.0,179.0,660.0,108.0,1931.0,1474.0,195.0,562.0,12624.0
23/05/2004,02.00.00,19.0,1192.0,104.0,994.0,105.0,759.0,78.0,1780.0,1163.0,190.0,580.0,12581.0
23/05/2004,03.00.00,19.0,1199.0,126.0,1070.0,77.0,671.0,66.5,1873.0,1189.0,181.0,616.0,12679.0
23/05/2004,04.00.00,11.0,973.0,49.0,761.0,49.0,954.0,55.0,1501.0,815.0,180.0,576.0,11788.0
23/05/2004,05.00.00,3.0,864.0,21.0,591.0,27.0,1247.0,37.0,1374.0,507.0,177.0,560.0,11215.0
23/05/2004,06.00.00,4.0,886.0,22.0,598.0,41.0,1257.0,53.0,1374.0,506.0,179.0,524.0,10655.0
23/05/2004,07.00.00,8.0,988.0,40.0,713.0,78.0,1092.0,79.0,1455.0,716.0,189.0,493.0,10668.0
23/05/2004,08.00.00,8.0,1008.0,43.0,729.0,68.0,1034.0,65.0,1490.0,795.0,200.0,486.0,11199.0
23/05/2004,09.00.00,8.0,976.0,38.0,698.0,64.0,1156.0,64.0,1393.0,594.0,206.0,412.0,9841.0
23/05/2004,10.00.00,8.0,978.0,41.0,718.0,67.0,1137.0,66.0,1392.0,565.0,236.0,340.0,9749.0
23/05/2004,11.00.00,9.0,987.0,45.0,740.0,54.0,1105.0,53.0,1407.0,523.0,267.0,281.0,9688.0
23/05/2004,12.00.00,12.0,1030.0,53.0,778.0,67.0,1071.0,69.0,1452.0,591.0,268.0,281.0,9785.0
23/05/2004,13.00.00,1.0,955.0,42.0,723.0,51.0,1129.0,57.0,1393.0,559.0,277.0,258.0,9467.0
23/05/2004,14.00.00,8.0,924.0,33.0,673.0,28.0,1247.0,36.0,1346.0,430.0,288.0,227.0,8864.0
23/05/2004,15.00.00,11.0,1005.0,49.0,758.0,51.0,1091.0,57.0,1434.0,522.0,268.0,273.0,9462.0
23/05/2004,16.00.00,15.0,1059.0,61.0,816.0,77.0,1023.0,73.0,1468.0,641.0,259.0,287.0,9423.0
23/05/2004,17.00.00,15.0,1079.0,69.0,851.0,93.0,991.0,81.0,1490.0,738.0,258.0,277.0,9076.0
23/05/2004,18.00.00,14.0,1070.0,68.0,850.0,94.0,997.0,91.0,1502.0,778.0,248.0,295.0,9077.0
23/05/2004,19.00.00,11.0,1085.0,58.0,805.0,69.0,972.0,65.0,1528.0,718.0,253.0,363.0,11513.0
23/05/2004,20.00.00,9.0,1066.0,55.0,787.0,57.0,986.0,56.0,1552.0,689.0,239.0,404.0,11787.0
23/05/2004,21.00.00,1.0,1094.0,61.0,815.0,74.0,934.0,69.0,1563.0,852.0,214.0,466.0,11764.0
23/05/2004,22.00.00,11.0,1110.0,60.0,814.0,75.0,948.0,73.0,1571.0,854.0,205.0,493.0,11730.0
23/05/2004,23.00.00,1.0,968.0,42.0,719.0,73.0,1081.0,76.0,1388.0,664.0,192.0,423.0,9339.0
24/05/2004,00.00.00,7.0,906.0,41.0,714.0,56.0,1163.0,67.0,1351.0,544.0,192.0,379.0,8352.0
24/05/2004,01.00.00,5.0,849.0,24.0,615.0,31.0,1285.0,44.0,1276.0,461.0,172.0,431.0,8394.0
24/05/2004,02.00.00,2.0,774.0,10.0,500.0,13.0,1536.0,21.0,1169.0,352.0,158.0,452.0,8052.0
24/05/2004,03.00.00,1.6666666666666667,746.0,6.0,450.0,13.5,1807.0,20.0,1111.0,308.0,157.0,423.0,7464.0
24/05/2004,04.00.00,1.3333333333333335,753.0,5.0,437.0,14.0,1904.0,19.0,1110.0,301.0,163.0,410.0,7513.0
24/05/2004,05.00.00,1.0,749.0,7.0,466.0,23.0,1803.0,29.0,1089.0,307.0,161.0,365.0,6640.0
24/05/2004,06.00.00,5.0,864.0,28.0,642.0,72.0,1288.0,69.0,1255.0,441.0,165.0,362.0,6752.0
24/05/2004,07.00.00,16.0,1002.0,78.0,893.0,165.0,1010.0,111.0,1394.0,775.0,175.0,309.0,6111.0
24/05/2004,08.00.00,2.0,970.0,97.0,966.0,118.0,944.0,81.0,1379.0,907.0,184.0,240.0,5046.0
24/05/2004,09.00.00,13.0,898.0,69.0,853.0,85.0,1066.0,56.0,1271.0,763.0,192.0,238.0,5235.0
24/05/2004,10.00.00,1.0,847.0,58.0,800.0,116.0,1155.0,90.0,1179.0,649.0,217.0,181.0,4642.0
24/05/2004,11.00.00,9.0,847.0,55.0,788.0,112.0,1203.0,85.0,1162.0,598.0,223.0,170.0,4513.0
24/05/2004,12.00.00,12.0,871.0,68.0,848.0,100.0,1139.0,83.0,1208.0,579.0,228.0,161.0,4404.0
24/05/2004,13.00.00,13.0,869.0,72.0,866.0,109.0,1107.0,85.0,1212.0,596.0,238.0,145.0,4222.0
24/05/2004,14.00.00,11.0,875.0,69.0,854.0,111.0,1160.0,85.0,1200.0,595.0,251.0,131.0,4129.0
24/05/2004,15.00.00,12.0,895.0,75.0,878.0,109.0,1122.0,81.0,1238.0,607.0,258.0,129.0,4219.0
24/05/2004,16.00.00,14.0,926.0,77.0,885.0,114.0,1101.0,92.0,1259.0,662.0,255.0,140.0,4495.0
24/05/2004,17.00.00,2.0,996.0,120.0,1048.0,139.0,959.0,108.0,1397.0,822.0,245.0,154.0,4663.0
24/05/2004,18.00.00,24.0,997.0,135.0,1100.0,157.0,896.0,106.0,1392.0,987.0,226.0,172.0,4656.0
24/05/2004,19.00.00,21.0,1006.0,120.0,1048.0,147.0,925.0,114.0,1416.0,966.0,212.0,189.0,4710.0
24/05/2004,20.00.00,12.0,895.0,67.0,845.0,102.0,1072.0,96.0,1241.0,763.0,191.0,228.0,5010.0
24/05/2004,21.00.00,7.0,862.0,48.0,751.0,73.0,1154.0,77.0,1213.0,617.0,184.0,246.0,5169.0
24/05/2004,22.00.00,7.0,858.0,48.0,756.0,65.0,1159.0,73.0,1209.0,564.0,173.0,256.0,5032.0
24/05/2004,23.00.00,8.0,853.0,50.0,762.0,76.0,1134.0,86.0,1184.0,646.0,165.0,249.0,4642.0
25/05/2004,00.00.00,5.0,859.0,43.0,727.0,65.0,1120.0,84.0,1187.0,753.0,167.0,283.0,5316.0
25/05/2004,01.00.00,2.0,837.0,27.0,634.0,41.0,1200.0,56.0,1150.0,669.0,155.0,322.0,5641.0
25/05/2004,02.00.00,1.75,746.0,9.0,493.0,17.0,1522.0,31.0,1063.0,435.0,175.0,291.0,5773.0
25/05/2004,03.00.00,1.5,752.0,12.0,515.0,18.0,1472.0,30.5,1068.0,436.0,133.0,356.0,5393.0
25/05/2004,04.00.00,1.25,742.0,9.0,489.0,19.0,1559.0,30.0,1048.0,403.0,140.0,337.0,5355.0
25/05/2004,05.00.00,1.0,774.0,17.0,560.0,45.0,1386.0,51.0,1107.0,532.0,116.0,400.0,5462.0
25/05/2004,06.00.00,2.0,798.0,26.0,630.0,40.0,1291.0,45.0,1125.0,536.0,134.0,345.0,5272.0
25/05/2004,07.00.00,11.0,1002.0,88.0,932.0,101.0,949.0,82.0,1405.0,917.0,152.0,310.0,5329.0
25/05/2004,08.00.00,3.0,1210.0,222.0,1356.0,183.0,657.0,100.0,1786.0,1481.0,163.0,275.0,5066.0
25/05/2004,09.00.00,21.0,1058.0,153.0,1158.0,149.0,820.0,91.0,1459.0,1187.0,192.0,200.0,4390.0
25/05/2004,10.00.00,26.0,1106.0,140.0,1118.0,207.0,885.0,130.0,1451.0,1220.0,249.0,130.0,4038.0
25/05/2004,11.00.00,32.0,1153.0,185.0,1253.0,289.0,815.0,155.0,1541.0,1381.0,283.0,99.0,3754.0
25/05/2004,12.00.00,21.0,1047.0,135.0,1101.0,159.0,913.0,114.0,1391.0,1103.0,292.0,98.0,3914.0
25/05/2004,13.00.00,22.0,1091.0,158.0,1172.0,162.0,874.0,127.0,1459.0,1105.0,316.0,92.0,4190.0
25/05/2004,14.00.00,24.0,1162.0,185.0,1253.0,173.0,796.0,138.0,1595.0,1248.0,326.0,93.0,4499.0
25/05/2004,15.00.00,22.94736842105263,1059.0,126.0,1070.0,173.75,925.0,137.9,1401.0,976.0,326.0,92.0,4463.0
25/05/2004,16.00.00,21.894736842105264,1083.0,120.0,1051.0,174.5,939.0,137.8,1390.0,898.0,323.0,100.0,4747.0
25/05/2004,17.00.00,20.842105263157894,1150.0,154.0,1161.0,175.25,867.0,137.7,1512.0,1038.0,321.0,107.0,4996.0
25/05/2004,18.00.00,19.789473684210527,1321.0,249.0,1426.0,176.0,720.0,137.6,1859.0,1395.0,297.0,122.0,5007.0
25/05/2004,19.00.00,18.736842105263158,1319.8,259.2,1449.3333333333333,176.75,735.0666666666667,137.5,1832.8666666666666,1409.2,290.8,137.66666666666666,5235.866666666667
25/05/2004,20.00.00,17.684210526315788,1318.6,269.4,1472.6666666666667,177.5,750.1333333333333,137.4,1806.7333333333333,1423.4,284.6,153.33333333333334,5464.733333333334
25/05/2004,21.00.00,16.63157894736842,1317.4,279.6,1496.0,178.25,765.2,137.3,1780.6,1437.6,278.4,169.0,5693.6
25/05/2004,22.00.00,15.578947368421053,1316.2,289.8,1519.3333333333333,179.0,780.2666666666667,137.2,1754.4666666666667,1451.8,272.2,184.66666666666666,5922.466666666667
25/05/2004,23.00.00,14.526315789473685,1315.0,300.0,1542.6666666666667,179.75,795.3333333333334,137.1,1728.3333333333333,1466.0,266.0,200.33333333333331,6151.333333333334
26/05/2004,00.00.00,13.473684210526317,1313.8,310.2,1566.0,180.5,810.4,137.0,1702.2,1480.2,259.8,216.0,6380.2
26/05/2004,01.00.00,12.421052631578949,1312.6,320.4,1589.3333333333333,181.25,825.4666666666667,136.9,1676.0666666666666,1494.4,253.6,231.66666666666666,6609.066666666667
26/05/2004,02.00.00,11.368421052631579,1311.4,330.6,1612.6666666666667,182.0,840.5333333333333,136.8,1649.9333333333334,1508.6,247.4,247.33333333333331,6837.933333333333
26/05/2004,03.00.00,10.31578947368421,1310.2,340.8,1636.0,182.75,855.6,136.7,1623.8,1522.8,241.2,263.0,7066.8
26/05/2004,04.00.00,9.263157894736842,1309.0,351.0,1659.3333333333333,183.5,870.6666666666666,136.6,1597.6666666666667,1537.0,235.0,278.66666666666663,7295.666666666667
26/05/2004,05.00.00,8.210526315789474,1307.8,361.2,1682.6666666666665,184.25,885.7333333333333,136.5,1571.5333333333333,1551.2,228.8,294.3333333333333,7524.533333333333
26/05/2004,06.00.00,7.157894736842106,1306.6,371.4,1706.0,185.0,900.8,136.4,1545.4,1565.4,222.6,310.0,7753.4
26/05/2004,07.00.00,6.105263157894736,1305.4,381.6,1729.3333333333333,185.75,915.8666666666667,136.3,1519.2666666666667,1579.6,216.39999999999998,325.66666666666663,7982.266666666666
26/05/2004,08.00.00,5.05263157894737,1304.2,391.79999999999995,1752.6666666666665,186.5,930.9333333333334,136.2,1493.1333333333332,1593.8,210.2,341.3333333333333,8211.133333333333
26/05/2004,09.00.00,4.0,1303.0,402.0,1776.0,187.25,946.0,136.1,1467.0,1608.0,204.0,357.0,8440.0
26/05/2004,10.00.00,22.0,1137.0,149.0,1146.0,188.0,1144.0,136.0,1392.0,1327.0,261.0,238.0,7938.0
26/05/2004,11.00.00,18.0,1139.0,138.0,1109.0,159.0,1118.0,135.0,1436.0,1292.0,288.0,211.0,8193.0
26/05/2004,12.00.00,16.0,1099.0,123.0,1059.0,146.0,1156.0,115.0,1416.0,1114.0,296.0,194.0,7897.0
26/05/2004,13.00.00,18.0,1088.0,140.0,1116.0,127.0,1128.0,112.0,1449.0,1060.0,316.0,164.0,7489.0
26/05/2004,14.00.00,16.0,1027.0,118.0,1041.0,128.0,1237.0,112.0,1345.0,915.0,323.0,133.0,6303.0
26/05/2004,15.00.00,16.0,1014.0,120.0,1049.0,120.0,1200.0,109.0,1366.0,893.0,318.0,135.0,6249.0
26/05/2004,16.00.00,13.0,969.0,97.0,968.0,115.0,1276.0,112.0,1325.0,768.0,318.0,138.0,6394.0
26/05/2004,17.00.00,13.085106382978724,1120.0,180.0,1238.0,115.38297872340425,1023.0,112.06382978723404,1591.0,1126.0,310.0,159.0,7039.0
26/05/2004,18.00.00,13.170212765957446,1131.0,226.0,1368.0,115.76595744680851,933.0,112.12765957446808,1707.0,1284.0,286.0,187.0,7216.0
26/05/2004,19.00.00,13.25531914893617,1130.0,227.0,1368.0,116.14893617021276,933.0,112.19148936170212,1709.0,1269.0,267.0,195.0,6754.0
26/05/2004,20.00.00,13.340425531914894,1123.0,203.0,1304.0,116.53191489361703,939.0,112.25531914893617,1720.0,1290.0,250.0,244.0,7616.0
26/05/2004,21.00.00,13.425531914893616,1069.0,131.0,1086.0,116.91489361702128,1064.0,112.31914893617021,1536.0,1119.0,228.0,284.0,7804.0
26/05/2004,22.00.00,13.51063829787234,1021.0,109.0,1010.0,117.29787234042553,1116.0,112.38297872340425,1480.0,1027.0,217.0,292.0,7458.0
26/05/2004,23.00.00,13.595744680851064,1101.0,133.0,1093.0,117.68085106382979,1012.0,112.44680851063829,1564.0,1155.0,211.0,309.0,7617.0
27/05/2004,00.00.00,13.680851063829786,1026.0,95.0,960.0,118.06382978723404,1072.0,112.51063829787235,1471.0,1078.0,199.0,363.0,8349.0
27/05/2004,01.00.00,13.76595744680851,949.0,66.0,841.0,118.44680851063829,1155.0,112.57446808510639,1393.0,954.0,186.0,393.0,8355.0
27/05/2004,02.00.00,13.851063829787234,846.0,36.0,687.0,118.82978723404256,1295.0,112.63829787234043,1288.0,726.0,186.0,388.0,8228.0
27/05/2004,03.00.00,13.936170212765958,811.0,23.0,606.0,119.2127659574468,1417.0,112.70212765957447,1248.0,656.0,190.0,389.0,8468.0
27/05/2004,04.00.00,14.02127659574468,803.0,20.0,586.0,119.59574468085107,1442.0,112.76595744680851,1232.0,573.0,180.0,409.0,8394.0
27/05/2004,05.00.00,14.106382978723405,882.0,41.0,715.0,119.97872340425532,1246.0,112.82978723404256,1367.0,780.0,155.0,486.0,8505.0
27/05/2004,06.00.00,14.191489361702128,963.0,65.0,836.0,120.36170212765957,1085.0,112.8936170212766,1429.0,920.0,160.0,479.0,8659.0
27/05/2004,07.00.00,14.27659574468085,1413.0,248.0,1424.0,120.74468085106383,739.0,112.95744680851064,2102.0,1544.0,170.0,460.0,8830.0
27/05/2004,08.00.00,14.361702127659575,1485.0,344.0,1650.0,121.12765957446808,632.0,113.02127659574468,2337.0,1789.0,190.0,416.0,9039.0
27/05/2004,09.00.00,14.446808510638299,1354.0,245.0,1418.0,121.51063829787233,749.0,113.08510638297872,2043.0,1629.0,218.0,350.0,9002.0
27/05/2004,10.00.00,14.53191489361702,1074.0,90.0,939.0,121.8936170212766,1071.0,113.14893617021276,1513.0,997.0,256.0,280.0,9088.0
27/05/2004,11.00.00,14.617021276595745,1022.0,84.0,914.0,122.27659574468085,1132.0,113.2127659574468,1446.0,847.0,264.0,231.0,7853.0
27/05/2004,12.00.00,14.702127659574469,1100.0,115.0,1034.0,122.65957446808511,995.0,113.27659574468085,1586.0,958.0,271.0,242.0,8560.0
27/05/2004,13.00.00,14.787234042553191,1073.0,121.0,1052.0,123.04255319148936,1009.0,113.34042553191489,1574.0,854.0,275.0,209.0,7565.0
27/05/2004,14.00.00,14.872340425531915,1049.0,101.0,983.0,123.42553191489361,1071.0,113.40425531914893,1515.0,782.0,295.0,197.0,8015.0
27/05/2004,15.00.00,14.957446808510639,1086.0,119.0,1048.0,123.80851063829788,1016.0,113.46808510638297,1580.0,888.0,306.0,186.0,8014.0
27/05/2004,16.00.00,15.042553191489361,1059.0,113.0,1027.0,124.19148936170212,1066.0,113.53191489361703,1521.0,764.0,313.0,158.0,7106.0
27/05/2004,17.00.00,15.127659574468085,1244.0,202.0,1301.0,124.57446808510639,842.0,113.59574468085107,1801.0,1170.0,294.0,210.0,8452.0
27/05/2004,18.00.00,15.212765957446809,1320.0,248.0,1423.0,124.95744680851064,767.0,113.65957446808511,1986.0,1385.0,270.0,235.0,8256.0
27/05/2004,19.00.00,15.297872340425531,1236.0,203.0,1304.0,125.34042553191489,822.0,113.72340425531915,1868.0,1237.0,258.0,267.0,8758.0
27/05/2004,20.00.00,15.382978723404255,1136.0,162.0,1187.0,125.72340425531915,904.0,113.7872340425532,1735.0,1127.0,237.0,284.0,8225.0
27/05/2004,21.00.00,15.46808510638298,1110.0,133.0,1093.0,126.1063829787234,961.0,113.85106382978724,1661.0,1091.0,213.0,330.0,8284.0
27/05/2004,22.00.00,15.553191489361701,1026.0,103.0,990.0,126.48936170212767,1032.0,113.91489361702128,1553.0,972.0,205.0,353.0,8435.0
27/05/2004,23.00.00,15.638297872340425,1038.0,96.0,961.0,126.87234042553192,1026.0,113.97872340425532,1530.0,949.0,194.0,381.0,8511.0
28/05/2004,00.00.00,15.72340425531915,975.0,78.0,892.0,127.25531914893617,1015.0,114.04255319148936,1480.0,890.0,194.0,407.0,9045.0
28/05/2004,01.00.00,15.808510638297872,908.0,61.0,814.0,127.63829787234043,1089.0,114.1063829787234,1403.0,763.0,178.0,449.0,9030.0
28/05/2004,02.00.00,15.893617021276595,896.0,62.0,820.0,128.02127659574467,1074.0,114.17021276595744,1439.0,833.0,166.0,497.0,9295.0
28/05/2004,03.00.00,15.97872340425532,810.0,38.0,697.0,128.40425531914894,1221.0,114.23404255319149,1321.0,675.0,165.0,486.0,9028.0
28/05/2004,04.00.00,16.06382978723404,789.0,28.0,638.0,128.7872340425532,1305.0,114.29787234042553,1309.0,672.0,152.0,536.0,9190.0
28/05/2004,05.00.00,16.148936170212767,814.0,34.0,678.0,129.17021276595744,1276.0,114.36170212765957,1339.0,626.0,155.0,517.0,9019.0
28/05/2004,06.00.00,16.23404255319149,958.0,82.0,907.0,129.5531914893617,992.0,114.42553191489361,1536.0,882.0,149.0,548.0,9247.0
28/05/2004,07.00.00,16.319148936170212,1213.0,192.0,1274.0,129.93617021276594,762.0,114.48936170212765,1914.0,1264.0,163.0,513.0,9416.0
28/05/2004,08.00.00,16.404255319148938,1221.0,226.0,1367.0,130.31914893617022,722.0,114.55319148936171,2008.0,1330.0,184.0,457.0,9559.0
28/05/2004,09.00.00,16.48936170212766,1245.0,194.0,1281.0,130.70212765957447,774.0,114.61702127659575,1952.0,1324.0,208.0,436.0,10614.0
28/05/2004,10.00.00,16.574468085106382,1050.0,96.0,963.0,131.08510638297872,998.0,114.68085106382979,1609.0,901.0,243.0,351.0,10477.0
28/05/2004,11.00.00,16.659574468085108,1048.0,98.0,969.0,131.46808510638297,1012.0,114.74468085106383,1600.0,852.0,264.0,293.0,9889.0
28/05/2004,12.00.00,16.74468085106383,1141.0,144.0,1128.0,131.85106382978722,902.0,114.80851063829788,1738.0,1009.0,283.0,250.0,9495.0
28/05/2004,13.00.00,16.829787234042552,1052.0,121.0,1053.0,132.2340425531915,949.0,114.87234042553192,1641.0,831.0,289.0,237.0,9285.0
28/05/2004,14.00.00,16.914893617021278,1152.0,135.0,1099.0,132.61702127659575,908.0,114.93617021276596,1706.0,954.0,285.0,258.0,9931.0
28/05/2004,15.00.00,17.0,1026.0,123.0,1061.0,133.0,982.0,115.0,1564.0,814.0,296.0,189.0,7692.0
28/05/2004,16.00.00,17.0,1039.0,122.0,1055.0,131.0,966.0,117.0,1590.0,845.0,280.0,232.0,8613.0
28/05/2004,17.00.00,21.0,1148.0,125.0,1067.0,133.0,887.0,105.0,1790.0,956.0,236.0,410.0,11786.0
28/05/2004,18.00.00,22.0,1176.0,139.0,1114.0,141.0,843.0,114.0,1805.0,1102.0,215.0,481.0,12148.0
28/05/2004,19.00.00,18.0,1100.0,114.0,1028.0,112.0,900.0,103.0,1710.0,994.0,221.0,441.0,11573.0
28/05/2004,20.00.00,18.0,1081.0,104.0,992.0,147.0,959.0,119.0,1680.0,935.0,202.0,472.0,11043.0
28/05/2004,21.00.00,9.0,976.0,70.0,858.0,104.0,1070.0,102.0,1547.0,839.0,200.0,476.0,11030.0
28/05/2004,22.00.00,1.0,979.0,70.0,857.0,97.0,1082.0,96.0,1546.0,797.0,198.0,468.0,10697.0
28/05/2004,23.00.00,2.0,1092.0,113.0,1024.0,128.0,937.0,109.0,1706.0,968.0,196.0,470.0,10606.0
29/05/2004,00.00.00,18.0,1044.0,92.0,946.0,138.0,1009.0,119.0,1594.0,886.0,193.0,463.0,10279.0
29/05/2004,01.00.00,11.0,940.0,68.0,849.0,93.0,1091.0,103.0,1509.0,764.0,185.0,487.0,10286.0
29/05/2004,02.00.00,6.0,892.0,51.0,767.0,71.0,1180.0,84.0,1466.0,657.0,180.0,514.0,10504.0
29/05/2004,03.00.00,3.0,838.0,34.0,675.0,57.5,1302.0,71.5,1390.0,540.0,179.0,508.0,10355.0
29/05/2004,04.00.00,2.3333333333333335,853.0,43.0,727.0,44.0,1179.0,59.0,1417.0,621.0,177.0,519.0,10379.0
29/05/2004,05.00.00,1.6666666666666667,738.0,15.0,545.0,18.0,1562.0,29.0,1266.0,450.0,177.0,497.0,9970.0
29/05/2004,06.00.00,1.0,762.0,20.0,581.0,41.0,1588.0,45.0,1277.0,434.0,179.0,461.0,9383.0
29/05/2004,07.00.00,5.0,841.0,40.0,713.0,84.0,1293.0,80.0,1356.0,559.0,184.0,439.0,9192.0
29/05/2004,08.00.00,6.0,843.0,40.0,712.0,77.0,1303.0,77.0,1343.0,548.0,189.0,421.0,9081.0
29/05/2004,09.00.00,5.0,841.0,40.0,713.0,73.0,1326.0,68.0,1330.0,525.0,192.0,397.0,8728.0
29/05/2004,10.00.00,7.0,862.0,42.0,721.0,72.0,1329.0,66.0,1335.0,522.0,208.0,366.0,8878.0
29/05/2004,11.00.00,7.0,869.0,45.0,740.0,77.0,1296.0,70.0,1366.0,535.0,213.0,358.0,8975.0
29/05/2004,12.00.00,9.0,894.0,60.0,810.0,82.0,1204.0,74.0,1421.0,585.0,218.0,349.0,9004.0
29/05/2004,13.00.00,7.0,844.0,48.0,755.0,67.0,1284.0,64.0,1350.0,521.0,228.0,314.0,8615.0
29/05/2004,14.00.00,4.0,823.0,38.0,699.0,59.0,1382.0,60.0,1311.0,493.0,229.0,313.0,8620.0
29/05/2004,15.00.00,5.0,843.0,42.0,719.0,61.0,1353.0,63.0,1330.0,501.0,229.0,307.0,8461.0
29/05/2004,16.00.00,6.0,865.0,51.0,767.0,76.0,1279.0,75.0,1369.0,559.0,238.0,292.0,8499.0
29/05/2004,17.00.00,6.0,873.0,56.0,792.0,73.0,1247.0,79.0,1397.0,589.0,232.0,302.0,8442.0
29/05/2004,18.00.00,8.0,899.0,58.0,803.0,87.0,1221.0,83.0,1426.0,596.0,224.0,313.0,8365.0
29/05/2004,19.00.00,1.0,921.0,70.0,856.0,98.0,1163.0,93.0,1437.0,681.0,217.0,322.0,8250.0
29/05/2004,20.00.00,12.0,937.0,79.0,893.0,123.0,1106.0,112.0,1463.0,783.0,208.0,332.0,8061.0
29/05/2004,21.00.00,1.0,901.0,65.0,834.0,102.0,1177.0,103.0,1408.0,738.0,201.0,350.0,8149.0
29/05/2004,22.00.00,13.0,955.0,85.0,918.0,102.0,1056.0,93.0,1511.0,762.0,195.0,369.0,8258.0
29/05/2004,23.00.00,27.0,1065.0,137.0,1106.0,142.0,897.0,112.0,1707.0,929.0,190.0,382.0,8327.0
30/05/2004,00.00.00,27.0,1035.0,138.0,1110.0,148.0,907.0,125.0,1652.0,1044.0,185.0,394.0,8320.0
30/05/2004,01.00.00,16.0,956.0,91.0,945.0,107.0,1030.0,107.0,1509.0,892.0,178.0,417.0,8440.0
30/05/2004,02.00.00,6.0,869.0,65.0,835.0,61.0,1078.0,76.0,1437.0,807.0,192.0,420.0,9248.0
30/05/2004,03.00.00,3.0,831.0,62.0,822.0,52.0,1085.0,65.5,1418.0,710.0,178.0,448.0,9048.0
30/05/2004,04.00.00,2.0,815.0,52.0,774.0,43.0,1113.0,55.0,1374.0,712.0,170.0,477.0,9185.0
30/05/2004,05.00.00,1.0,781.0,31.0,661.0,25.0,1271.0,37.0,1299.0,568.0,172.0,472.0,9178.0
30/05/2004,06.00.00,1.0,781.0,29.0,645.0,32.0,1295.0,45.0,1320.0,575.0,173.0,476.0,9295.0
30/05/2004,07.00.00,2.0,828.0,36.0,690.0,48.0,1263.0,61.0,1353.0,658.0,186.0,442.0,9385.0
30/05/2004,08.00.00,3.0,803.0,27.0,635.0,60.0,1417.0,67.0,1272.0,537.0,202.0,378.0,8837.0
30/05/2004,09.00.00,3.0,811.0,30.0,653.0,52.0,1411.0,60.0,1269.0,486.0,220.0,319.0,8335.0
30/05/2004,10.00.00,4.0,844.0,37.0,696.0,58.0,1353.0,64.0,1292.0,507.0,255.0,259.0,8339.0
30/05/2004,11.00.00,3.0,833.0,38.0,697.0,54.0,1361.0,64.0,1294.0,496.0,275.0,228.0,8249.0
30/05/2004,12.00.00,3.0,832.0,42.0,719.0,52.0,1318.0,59.0,1299.0,502.0,287.0,207.0,8024.0
30/05/2004,13.00.00,1.0,771.0,26.0,626.0,34.0,1502.0,41.0,1210.0,430.0,291.0,196.0,7771.0
30/05/2004,14.00.00,1.0,783.0,28.0,637.0,41.0,1498.0,46.0,1215.0,439.0,298.0,184.0,7595.0
30/05/2004,15.00.00,2.0,815.0,42.0,723.0,41.0,1378.0,46.0,1256.0,471.0,320.0,150.0,7028.0
30/05/2004,16.00.00,6.0,912.0,62.0,819.0,65.0,1224.0,77.0,1368.0,589.0,303.0,170.0,7232.0
30/05/2004,17.00.00,5.0,894.0,52.0,774.0,65.0,1239.0,83.0,1339.0,598.0,317.0,162.0,7450.0
30/05/2004,18.00.00,9.0,963.0,77.0,885.0,84.0,1102.0,90.0,1447.0,695.0,292.0,196.0,7817.0
30/05/2004,19.00.00,11.0,990.0,88.0,930.0,89.0,1045.0,95.0,1506.0,739.0,274.0,238.0,8580.0
30/05/2004,20.00.00,13.0,1025.0,101.0,980.0,114.0,986.0,113.0,1591.0,891.0,250.0,269.0,8408.0
30/05/2004,21.00.00,15.0,997.0,98.0,971.0,127.0,993.0,128.0,1573.0,930.0,236.0,301.0,8663.0
30/05/2004,22.00.00,12.0,976.0,84.0,916.0,117.0,1044.0,117.0,1515.0,880.0,223.0,336.0,8913.0
30/05/2004,23.00.00,4.0,878.0,54.0,784.0,46.0,1181.0,64.0,1407.0,610.0,214.0,369.0,9271.0
31/05/2004,00.00.00,2.0,836.0,43.0,728.0,16.0,1213.0,28.0,1353.0,518.0,206.0,399.0,9597.0
31/05/2004,01.00.00,3.0,855.0,48.0,751.0,27.0,1107.0,46.0,1418.0,664.0,197.0,432.0,9812.0
31/05/2004,02.00.00,3.4,759.0,21.0,588.0,4.0,1323.0,8.0,1286.0,515.0,197.0,424.0,9636.0
31/05/2004,03.00.00,3.8,738.0,14.0,539.0,11.5,1421.0,20.0,1257.0,477.0,189.0,450.0,9703.0
31/05/2004,04.00.00,4.2,736.0,13.0,528.0,19.0,1451.0,32.0,1254.0,477.0,187.0,454.0,9694.0
31/05/2004,05.00.00,4.6,765.0,23.0,609.0,48.0,1304.0,57.0,1319.0,581.0,164.0,524.0,9709.0
31/05/2004,06.00.00,5.0,909.0,65.0,834.0,82.0,1031.0,60.0,1527.0,763.0,166.0,521.0,9785.0
31/05/2004,07.00.00,16.0,1108.0,142.0,1123.0,167.0,804.0,83.0,1801.0,1111.0,174.0,509.0,10017.0
31/05/2004,08.00.00,36.0,1252.0,227.0,1369.0,248.0,681.0,129.0,2120.0,1390.0,193.0,460.0,10185.0
31/05/2004,09.00.00,22.0,1175.0,163.0,1188.0,213.0,790.0,137.0,1901.0,1251.0,209.0,436.0,10683.0
31/05/2004,10.00.00,16.0,1111.0,141.0,1120.0,161.0,839.0,121.0,1790.0,1141.0,256.0,333.0,10773.0
31/05/2004,11.00.00,14.0,1044.0,126.0,1069.0,144.0,889.0,123.0,1683.0,942.0,289.0,260.0,10188.0
31/05/2004,12.00.00,14.0,1018.0,131.0,1088.0,127.0,909.0,120.0,1677.0,795.0,303.0,228.0,9695.0
31/05/2004,13.00.00,15.0,1060.0,142.0,1122.0,116.0,863.0,119.0,1721.0,836.0,309.0,244.0,10724.0
31/05/2004,14.00.00,13.0,1071.0,138.0,1110.0,124.0,864.0,121.0,1733.0,847.0,305.0,262.0,11278.0
31/05/2004,15.00.00,12.0,1006.0,121.0,1054.0,115.0,921.0,111.0,1636.0,769.0,307.0,234.0,10150.0
31/05/2004,16.00.00,18.0,1104.0,157.0,1171.0,150.0,827.0,128.0,1803.0,968.0,281.0,298.0,11132.0
31/05/2004,17.00.00,3.0,1196.0,214.0,1336.0,221.0,739.0,159.0,1971.0,1157.0,269.0,322.0,11267.0
31/05/2004,18.00.00,35.0,1243.0,250.0,1429.0,227.0,687.0,161.0,2093.0,1367.0,260.0,346.0,11485.0
31/05/2004,19.00.00,24.0,1124.0,166.0,1199.0,156.0,794.0,116.0,1858.0,1101.0,245.0,377.0,11454.0
31/05/2004,20.00.00,11.0,1020.0,107.0,1003.0,97.0,904.0,96.0,1716.0,916.0,217.0,469.0,12044.0
31/05/2004,21.00.00,8.0,1035.0,75.0,878.0,78.0,977.0,69.0,1694.0,825.0,193.0,688.0,15190.0
31/05/2004,22.00.00,4.0,986.0,53.0,781.0,60.0,1063.0,58.0,1633.0,693.0,176.0,816.0,16296.0
31/05/2004,23.00.00,6.0,1017.0,65.0,834.0,61.0,986.0,59.0,1676.0,734.0,178.0,803.0,16212.0
01/06/2004,00.00.00,3.0,922.0,47.0,750.0,46.0,1085.0,45.0,1585.0,685.0,186.0,757.0,16074.0
01/06/2004,01.00.00,2.6,830.0,29.0,644.0,17.0,1235.0,23.0,1487.0,524.0,196.0,684.0,15443.0
01/06/2004,02.00.00,2.2,805.0,20.0,583.0,18.0,1339.0,26.0,1494.0,527.0,180.0,764.0,15608.0
01/06/2004,03.00.00,1.7999999999999998,760.0,11.0,505.0,17.0,1527.0,25.0,1413.0,452.0,173.0,772.0,15104.0
01/06/2004,04.00.00,1.4,783.0,13.0,529.0,16.0,1437.0,24.0,1435.0,466.0,165.0,823.0,15318.0
01/06/2004,05.00.00,1.0,854.0,24.0,613.0,39.0,1272.0,41.0,1515.0,565.0,168.0,813.0,15452.0
01/06/2004,06.00.00,3.0,985.0,61.0,816.0,107.0,987.0,65.0,1677.0,799.0,173.0,786.0,15412.0
01/06/2004,07.00.00,14.0,1225.0,125.0,1067.0,190.0,760.0,94.0,1922.0,1102.0,169.0,809.0,15472.0
01/06/2004,08.00.00,27.0,1313.0,195.0,1283.0,236.0,671.0,100.0,2180.0,1299.0,171.0,798.0,15420.0
01/06/2004,09.00.00,23.0,1199.0,152.0,1156.0,227.0,758.0,103.0,1958.0,1272.0,185.0,703.0,14826.0
01/06/2004,10.00.00,18.0,1182.0,120.0,1051.0,211.0,829.0,89.0,1870.0,1206.0,196.0,667.0,15023.0
01/06/2004,11.00.00,16.0,1173.0,124.0,1063.0,201.0,814.0,86.0,1905.0,1218.0,204.0,631.0,14969.0
01/06/2004,12.00.00,19.0,1259.0,159.0,1178.0,191.0,722.0,89.0,2060.0,1367.0,216.0,618.0,15775.0
01/06/2004,13.00.00,25.0,1263.0,157.0,1171.0,192.0,759.0,88.0,2029.0,1290.0,240.0,493.0,14509.0
01/06/2004,14.00.00,16.0,1156.0,135.0,1100.0,143.0,800.0,73.0,1884.0,1175.0,257.0,438.0,14262.0
01/06/2004,15.00.00,15.0,1167.0,124.0,1065.0,148.0,808.0,78.0,1886.0,1139.0,246.0,475.0,14487.0
01/06/2004,16.00.00,25.0,1278.0,171.0,1213.0,183.0,733.0,95.0,2041.0,1293.0,248.0,474.0,14628.0
01/06/2004,17.00.00,36.0,1342.0,220.0,1351.0,216.0,657.0,109.0,2201.0,1419.0,237.0,505.0,14636.0
01/06/2004,18.00.00,35.0,1353.0,199.0,1292.0,184.0,683.0,95.0,2178.0,1326.0,230.0,538.0,14968.0
01/06/2004,19.00.00,48.0,1501.0,279.0,1501.0,248.0,588.0,101.0,2486.0,1517.0,215.0,658.0,16688.0
01/06/2004,20.00.00,37.0,1355.0,197.0,1289.0,221.0,678.0,88.0,2158.0,1391.0,210.0,669.0,16436.0
01/06/2004,21.00.00,21.0,1230.0,157.0,1169.0,159.0,737.0,77.0,2020.0,1275.0,206.0,681.0,16329.0
01/06/2004,22.00.00,16.0,1148.0,120.0,1048.0,136.0,822.0,75.0,1883.0,1168.0,205.0,669.0,15914.0
01/06/2004,23.00.00,22.0,1171.0,131.0,1088.0,168.0,822.0,81.0,1889.0,1132.0,202.0,652.0,15251.0
02/06/2004,00.00.00,8.0,1021.0,92.0,949.0,95.0,927.0,57.0,1764.0,977.0,195.0,680.0,15269.0
02/06/2004,01.00.00,8.296875,964.0,75.0,877.0,70.0,958.0,49.0,1692.0,942.0,199.0,664.0,15203.0
02/06/2004,02.00.00,8.59375,887.0,49.0,758.0,43.0,1094.0,38.0,1622.0,804.0,191.0,690.0,15043.0
02/06/2004,03.00.00,8.890625,885.0,52.0,773.0,36.5,1051.0,34.5,1641.0,805.0,185.0,707.0,14962.0
02/06/2004,04.00.00,9.1875,830.0,32.0,662.0,30.0,1217.0,31.0,1556.0,704.0,189.0,678.0,14689.0
02/06/2004,05.00.00,9.484375,792.0,24.0,611.0,22.0,1280.0,23.0,1529.0,657.0,200.0,637.0,14742.0
02/06/2004,06.00.00,9.78125,813.0,28.0,639.0,25.0,1267.0,22.0,1538.0,655.0,198.0,647.0,14769.0
02/06/2004,07.00.00,10.078125,890.0,39.0,703.0,48.0,1145.0,33.0,1601.0,751.0,197.0,653.0,14843.0
02/06/2004,08.00.00,10.375,984.0,69.0,854.0,73.0,964.0,43.0,1751.0,885.0,208.0,620.0,15002.0
02/06/2004,09.00.00,10.671875,1043.0,85.0,920.0,95.0,925.0,53.0,1777.0,955.0,222.0,566.0,14973.0
02/06/2004,10.00.00,10.96875,1054.0,89.0,936.0,86.0,915.0,54.0,1791.0,962.0,243.0,490.0,14724.0
02/06/2004,11.00.00,11.265625,1063.0,88.0,930.0,102.0,925.0,62.0,1749.0,957.0,250.0,465.0,14492.0
02/06/2004,12.00.00,11.5625,978.0,74.0,873.0,80.0,1003.0,53.0,1669.0,788.0,289.0,348.0,13603.0
02/06/2004,13.00.00,11.859375,887.0,47.0,748.0,36.0,1141.0,34.0,1560.0,596.0,296.0,334.0,13581.0
02/06/2004,14.00.00,12.15625,887.0,48.0,754.0,32.0,1164.0,30.0,1523.0,560.0,309.0,307.0,13493.0
02/06/2004,15.00.00,12.453125,977.0,68.0,850.0,46.0,1035.0,37.0,1645.0,701.0,318.0,310.0,14286.0
02/06/2004,16.00.00,12.75,1043.0,89.0,934.0,61.0,929.0,47.0,1707.0,811.0,314.0,312.0,14127.0
02/06/2004,17.00.00,13.046875,1010.0,81.0,902.0,59.0,966.0,44.0,1676.0,724.0,289.0,357.0,13985.0
02/06/2004,18.00.00,13.34375,1094.0,105.0,996.0,76.0,876.0,53.0,1807.0,864.0,272.0,425.0,15135.0
02/06/2004,19.00.00,13.640625,1223.0,148.0,1142.0,145.0,778.0,88.0,1965.0,1084.0,262.0,464.0,15573.0
02/06/2004,20.00.00,13.9375,1109.0,118.0,1042.0,140.0,834.0,95.0,1888.0,998.0,245.0,510.0,15454.0
02/06/2004,21.00.00,14.234375,1026.0,87.0,927.0,102.0,915.0,82.0,1781.0,878.0,228.0,561.0,15353.0
02/06/2004,22.00.00,14.53125,1036.0,87.0,928.0,89.0,914.0,59.0,1787.0,909.0,219.0,609.0,15799.0
02/06/2004,23.00.00,14.828125,963.0,69.0,853.0,62.0,995.0,43.0,1732.0,789.0,217.0,610.0,15617.0
03/06/2004,00.00.00,15.125,996.0,73.0,868.0,69.0,957.0,51.0,1741.0,857.0,208.0,648.0,15680.0
03/06/2004,01.00.00,15.421875,999.0,69.0,853.0,63.0,951.0,49.0,1756.0,885.0,203.0,709.0,16699.0
03/06/2004,02.00.00,15.71875,893.0,46.0,741.0,31.0,1056.0,36.0,1664.0,743.0,189.0,790.0,17040.0
03/06/2004,03.00.00,16.015625,730.0,13.0,530.0,24.0,1517.0,30.0,1362.0,445.0,181.0,646.0,13276.0
03/06/2004,04.00.00,16.3125,753.0,17.0,562.0,17.0,1420.0,24.0,1414.0,454.0,186.0,645.0,13655.0
03/06/2004,05.00.00,16.609375,825.0,32.0,663.0,61.0,1203.0,58.0,1504.0,610.0,176.0,674.0,13460.0
03/06/2004,06.00.00,16.90625,1012.0,101.0,982.0,184.0,882.0,73.0,1796.0,1024.0,176.0,676.0,13479.0
03/06/2004,07.00.00,17.203125,1221.0,199.0,1293.0,248.0,688.0,74.0,2144.0,1316.0,190.0,617.0,13393.0
03/06/2004,08.00.00,17.5,1215.0,202.0,1303.0,220.0,694.0,97.0,2180.0,1358.0,200.0,574.0,13268.0
03/06/2004,09.00.00,17.796875,1234.0,208.0,1318.0,243.0,714.0,108.0,2108.0,2202.0,226.0,459.0,12418.0
03/06/2004,10.00.00,18.09375,1138.0,151.0,1152.0,164.0,798.0,93.0,1877.0,1947.0,273.0,343.0,12284.0
03/06/2004,11.00.00,18.390625,987.0,109.0,1009.0,160.97619047619048,914.0,92.28571428571429,1697.0,1227.0,274.0,310.0,11184.0
03/06/2004,12.00.00,18.6875,980.0,111.0,1019.0,157.95238095238096,921.0,91.57142857142857,1720.0,950.0,262.0,336.0,11244.0
03/06/2004,13.00.00,18.984375,966.0,121.0,1054.0,154.92857142857142,885.0,90.85714285714286,1742.0,917.0,268.0,324.0,11263.0
03/06/2004,14.00.00,19.28125,905.0,86.0,923.0,151.9047619047619,1025.0,90.14285714285714,1582.0,707.0,287.0,277.0,10710.0
03/06/2004,15.00.00,19.578125,903.0,97.0,968.0,148.88095238095238,992.0,89.42857142857143,1565.0,740.0,287.0,250.0,9684.0
03/06/2004,16.00.00,19.875,914.0,110.0,1014.0,145.85714285714286,988.0,88.71428571428571,1597.0,775.0,291.0,223.0,8811.0
03/06/2004,17.00.00,20.171875,1050.0,166.0,1199.0,142.83333333333334,849.0,88.0,1781.0,1035.0,290.0,245.0,9655.0
03/06/2004,18.00.00,20.46875,1043.0,147.0,1139.0,139.8095238095238,876.0,87.28571428571429,1756.0,1001.0,272.0,283.0,10016.0
03/06/2004,19.00.00,20.765625,1125.0,195.0,1283.0,136.78571428571428,792.0,86.57142857142857,1899.0,1101.0,253.0,300.0,9520.0
03/06/2004,20.00.00,21.0625,1058.0,145.0,1134.0,133.76190476190476,855.0,85.85714285714286,1797.0,1034.0,241.0,348.0,10333.0
03/06/2004,21.00.00,21.359375,951.0,78.0,892.0,130.73809523809524,1015.0,85.14285714285714,1611.0,786.0,230.0,431.0,11993.0
03/06/2004,22.00.00,21.65625,944.0,78.0,891.0,127.71428571428572,1016.0,84.42857142857143,1593.0,844.0,221.0,439.0,11521.0
03/06/2004,23.00.00,21.953125,959.0,78.0,892.0,124.69047619047619,996.0,83.71428571428571,1616.0,866.0,210.0,481.0,11780.0
04/06/2004,00.00.00,22.25,974.0,85.0,919.0,121.66666666666667,976.0,83.0,1638.0,909.0,206.0,492.0,11754.0
04/06/2004,01.00.00,22.546875,880.0,57.0,799.0,118.64285714285714,1097.0,82.28571428571428,1533.0,724.0,212.0,476.0,11799.0
04/06/2004,02.00.00,22.84375,853.0,45.0,740.0,115.61904761904762,1146.0,81.57142857142857,1526.0,715.0,210.0,501.0,12338.0
04/06/2004,03.00.00,23.140625,912.0,56.0,795.0,112.5952380952381,1042.0,80.85714285714286,1564.0,827.0,201.0,531.0,12342.0
04/06/2004,04.00.00,23.4375,863.0,46.0,745.0,109.57142857142857,1098.0,80.14285714285714,1496.0,786.0,190.0,540.0,11745.0
04/06/2004,05.00.00,23.734375,729.0,12.0,520.0,106.54761904761905,1570.0,79.42857142857143,1318.0,445.0,192.0,511.0,11240.0
04/06/2004,06.00.00,24.03125,830.0,34.0,674.0,103.52380952380952,1246.0,78.71428571428571,1459.0,607.0,192.0,531.0,11662.0
04/06/2004,07.00.00,24.328125,1198.0,170.0,1209.0,100.5,779.0,78.0,2058.0,1213.0,206.0,490.0,11748.0
04/06/2004,08.00.00,24.625,971.0,100.0,977.0,97.47619047619048,921.0,77.28571428571428,1667.0,910.0,218.0,419.0,10770.0
04/06/2004,09.00.00,24.921875,885.0,60.0,812.0,94.45238095238095,1100.0,76.57142857142857,1495.0,675.0,228.0,376.0,10315.0
04/06/2004,10.00.00,25.21875,862.0,57.0,798.0,91.42857142857143,1148.0,75.85714285714286,1456.0,582.0,248.0,313.0,9646.0
04/06/2004,11.00.00,25.515625,892.0,69.0,853.0,88.40476190476191,1080.0,75.14285714285714,1509.0,666.0,260.0,294.0,9760.0
04/06/2004,12.00.00,25.8125,933.0,95.0,960.0,85.38095238095238,994.0,74.42857142857143,1577.0,726.0,270.0,278.0,9731.0
04/06/2004,13.00.00,26.109375,975.0,111.0,1017.0,82.35714285714286,930.0,73.71428571428572,1668.0,801.0,270.0,293.0,10277.0
04/06/2004,14.00.00,26.40625,927.0,81.0,905.0,79.33333333333334,1016.0,73.0,1554.0,711.0,270.0,296.0,10419.0
04/06/2004,15.00.00,26.703125,993.0,102.0,985.0,76.30952380952381,950.0,72.28571428571428,1680.0,790.0,258.0,326.0,10720.0
04/06/2004,16.00.00,27.0,1053.0,133.0,1093.0,73.28571428571429,873.0,71.57142857142857,1749.0,924.0,262.0,326.0,10892.0
04/06/2004,17.00.00,36.0,1116.0,166.0,1198.0,70.26190476190476,811.0,70.85714285714286,1863.0,1045.0,283.0,275.0,10418.0
04/06/2004,18.00.00,33.0,1097.0,169.0,1206.0,67.23809523809524,813.0,70.14285714285714,1867.0,1088.0,265.0,297.0,10123.0
04/06/2004,19.00.00,36.0,1116.0,175.0,1226.0,64.21428571428572,792.0,69.42857142857143,1938.0,1038.0,257.0,318.0,10317.0
04/06/2004,20.00.00,29.0,1057.0,131.0,1087.0,61.19047619047619,871.0,68.71428571428572,1769.0,981.0,244.0,352.0,10632.0
04/06/2004,21.00.00,19.0,973.0,92.0,949.0,58.16666666666667,987.0,68.0,1615.0,820.0,235.0,369.0,10518.0
04/06/2004,22.00.00,2.0,1016.0,100.0,977.0,55.14285714285714,951.0,67.28571428571428,1652.0,948.0,224.0,410.0,11006.0
04/06/2004,23.00.00,29.0,1120.0,131.0,1088.0,52.11904761904762,849.0,66.57142857142857,1785.0,1067.0,217.0,447.0,11451.0
05/06/2004,00.00.00,27.0,1076.0,129.0,1080.0,49.0952380952381,846.0,65.85714285714286,1787.0,1070.0,211.0,481.0,11864.0
05/06/2004,01.00.00,15.0,937.0,78.0,890.0,46.07142857142857,970.0,65.14285714285714,1625.0,877.0,207.0,500.0,12030.0
05/06/2004,02.00.00,16.0,980.0,92.0,948.0,43.04761904761905,888.0,64.42857142857143,1702.0,1028.0,198.0,531.0,12093.0
05/06/2004,03.00.00,13.0,937.0,69.0,853.0,40.02380952380953,962.0,63.714285714285715,1604.0,969.0,198.0,536.0,12214.0
05/06/2004,04.00.00,7.0,852.0,45.0,739.0,37.0,1095.0,63.0,1525.0,837.0,196.0,548.0,12360.0
05/06/2004,05.00.00,7.0,858.0,49.0,757.0,57.0,1066.0,71.0,1542.0,904.0,193.0,573.0,12650.0
05/06/2004,06.00.00,12.0,963.0,79.0,894.0,131.0,942.0,91.0,1702.0,1065.0,197.0,584.0,13254.0
05/06/2004,07.00.00,15.0,966.0,74.0,874.0,171.0,969.0,95.0,1682.0,999.0,198.0,594.0,13554.0
05/06/2004,08.00.00,15.0,983.0,80.0,901.0,187.0,954.0,96.0,1691.0,986.0,209.0,548.0,13387.0
05/06/2004,09.00.00,16.0,990.0,76.0,881.0,133.0,985.0,81.0,1685.0,874.0,224.0,479.0,12817.0
05/06/2004,10.00.00,11.0,891.0,53.0,780.0,87.0,1110.0,68.0,1543.0,689.0,241.0,413.0,12202.0
05/06/2004,11.00.00,11.0,883.0,53.0,778.0,61.0,1130.0,57.0,1545.0,608.0,259.0,369.0,12133.0
05/06/2004,12.00.00,14.0,914.0,80.0,900.0,86.0,1010.0,68.0,1596.0,706.0,307.0,260.0,11287.0
05/06/2004,13.00.00,14.0,896.0,84.0,917.0,83.0,1017.0,72.0,1577.0,704.0,303.0,252.0,10652.0
05/06/2004,14.00.00,1.0,841.0,60.0,811.0,61.0,1135.0,62.0,1463.0,609.0,301.0,254.0,10641.0
05/06/2004,15.00.00,13.0,926.0,73.0,868.0,80.0,1048.0,75.0,1599.0,687.0,276.0,351.0,12764.0
05/06/2004,16.00.00,19.0,1133.0,102.0,984.0,110.0,838.0,92.0,1897.0,976.0,266.0,476.0,16315.0
05/06/2004,17.00.00,17.0,1042.0,90.0,939.0,108.0,917.0,89.0,1744.0,860.0,304.0,313.0,13331.0
05/06/2004,18.00.00,23.0,1124.0,140.0,1118.0,134.0,793.0,105.0,1915.0,1021.0,278.0,350.0,12820.0
05/06/2004,19.00.00,24.0,1157.0,161.0,1183.0,133.0,738.0,111.0,1970.0,1079.0,266.0,379.0,12994.0
05/06/2004,20.00.00,18.0,989.0,82.0,906.0,118.0,954.0,102.0,1681.0,826.0,234.0,444.0,12646.0
05/06/2004,21.00.00,6.0,841.0,38.0,699.0,17.0,1123.0,30.0,1508.0,558.0,230.0,511.0,14175.0
05/06/2004,22.00.00,8.0,916.0,56.0,791.0,26.0,1007.0,43.0,1588.0,679.0,221.0,535.0,14087.0
05/06/2004,23.00.00,17.0,1008.0,80.0,900.0,55.0,907.0,67.0,1681.0,850.0,216.0,536.0,13674.0
06/06/2004,00.00.00,11.0,895.0,56.0,792.0,39.0,975.0,58.0,1574.0,733.0,219.0,527.0,13650.0
06/06/2004,01.00.00,6.0,810.0,38.0,702.0,15.0,1093.0,24.0,1529.0,612.0,213.0,549.0,13707.0
06/06/2004,02.00.00,11.0,968.0,66.0,840.0,47.0,891.0,58.0,1727.0,788.0,175.0,791.0,15709.0
06/06/2004,03.00.00,11.0,922.0,70.0,859.0,48.0,871.0,60.0,1739.0,728.0,176.0,786.0,15722.0
06/06/2004,04.00.00,1.0,892.0,52.0,773.0,49.0,926.0,62.0,1660.0,724.0,171.0,818.0,15816.0
06/06/2004,05.00.00,5.0,806.0,24.0,615.0,21.0,1172.0,34.0,1525.0,543.0,166.0,802.0,15002.0
06/06/2004,06.00.00,7.0,827.0,31.0,659.0,33.0,1115.0,46.0,1552.0,616.0,168.0,774.0,14739.0
06/06/2004,07.00.00,1.0,881.0,52.0,776.0,63.0,1037.0,62.0,1623.0,677.0,183.0,665.0,13810.0
06/06/2004,08.00.00,12.0,877.0,59.0,808.0,73.0,1011.0,70.0,1614.0,723.0,204.0,558.0,13196.0
06/06/2004,09.00.00,7.0,784.0,28.0,638.0,51.0,1314.0,54.0,1412.0,529.0,216.0,453.0,11533.0
06/06/2004,10.00.00,9.0,806.0,34.0,675.0,61.0,1270.0,61.0,1414.0,528.0,231.0,394.0,10983.0
06/06/2004,11.00.00,8.0,775.0,30.0,653.0,52.0,1349.0,53.0,1365.0,491.0,254.0,316.0,10058.0
06/06/2004,12.00.00,8.0,773.0,34.0,676.0,49.0,1331.0,49.0,1374.0,489.0,266.0,290.0,9928.0
06/06/2004,13.00.00,5.0,734.0,23.0,603.0,40.0,1471.0,48.0,1303.0,450.0,259.0,288.0,9475.0
06/06/2004,14.00.00,5.0,757.0,27.0,635.0,36.0,1445.0,45.0,1345.0,451.0,270.0,280.0,9810.0
06/06/2004,15.00.00,7.0,817.0,36.0,688.0,51.0,1299.0,60.0,1435.0,512.0,236.0,381.0,10917.0
06/06/2004,16.00.00,9.0,815.0,42.0,720.0,56.0,1225.0,59.0,1418.0,525.0,259.0,320.0,10529.0
06/06/2004,17.00.00,1.0,844.0,49.0,757.0,71.0,1186.0,67.0,1445.0,556.0,263.0,315.0,10643.0
06/06/2004,18.00.00,12.0,880.0,59.0,807.0,79.0,1123.0,72.0,1510.0,599.0,239.0,368.0,10774.0
06/06/2004,19.00.00,13.0,906.0,66.0,838.0,117.0,1084.0,88.0,1547.0,694.0,237.0,368.0,10609.0
06/06/2004,20.00.00,16.0,904.0,76.0,882.0,127.0,1048.0,94.0,1549.0,744.0,225.0,378.0,10157.0
06/06/2004,21.00.00,14.0,877.0,70.0,858.0,118.0,1080.0,89.0,1535.0,724.0,218.0,392.0,10115.0
06/06/2004,22.00.00,17.0,918.0,75.0,879.0,130.0,1030.0,96.0,1569.0,804.0,209.0,426.0,10400.0
06/06/2004,23.00.00,17.0,930.0,84.0,914.0,131.0,991.0,98.0,1631.0,862.0,200.0,456.0,10555.0
07/06/2004,00.00.00,14.0,870.0,70.0,858.0,102.0,1061.0,95.0,1557.0,811.0,193.0,479.0,10590.0
07/06/2004,01.00.00,8.0,793.0,39.0,703.0,48.0,1222.0,64.0,1439.0,627.0,187.0,490.0,10462.0
07/06/2004,02.00.00,4.0,760.0,26.0,626.0,22.0,1263.0,38.0,1386.0,575.0,178.0,541.0,10938.0
07/06/2004,03.00.00,3.0,733.0,20.0,588.0,22.0,1281.0,36.0,1394.0,589.0,186.0,527.0,11206.0
07/06/2004,04.00.00,4.0,726.0,21.0,591.0,22.0,1263.0,34.0,1386.0,579.0,172.0,579.0,11270.0
07/06/2004,05.00.00,5.0,732.0,24.0,613.0,44.0,1273.0,40.0,1413.0,605.0,182.0,541.0,11155.0
07/06/2004,06.00.00,15.0,933.0,96.0,962.0,167.0,867.0,76.0,1705.0,974.0,173.0,576.0,11289.0
07/06/2004,07.00.00,26.0,1061.0,154.0,1162.0,220.0,777.0,90.0,1898.0,1132.0,199.0,494.0,11354.0
07/06/2004,08.00.00,43.0,1201.0,250.0,1428.0,285.0,664.0,118.0,2249.0,1378.0,217.0,442.0,11321.0
07/06/2004,09.00.00,31.0,1065.0,151.0,1151.0,272.0,801.0,118.0,1894.0,1160.0,235.0,400.0,11386.0
07/06/2004,10.00.00,29.0,1075.0,174.0,1222.0,238.0,774.0,122.0,1943.0,1213.0,284.0,297.0,11345.0
07/06/2004,11.00.00,25.0,998.0,141.0,1119.0,207.0,832.0,120.0,1780.0,1057.0,316.0,241.0,10994.0
07/06/2004,12.00.00,19.0,922.0,118.0,1042.0,152.0,887.0,132.0,1744.0,832.0,313.0,241.0,10816.0
07/06/2004,13.00.00,25.0,1023.0,149.0,1147.0,185.0,829.0,115.0,1842.0,983.0,344.0,204.0,10857.0
07/06/2004,14.00.00,25.0,1039.0,160.0,1180.0,184.0,833.0,127.0,1815.0,1047.0,337.0,213.0,10988.0
07/06/2004,15.00.00,28.0,1054.0,165.0,1195.0,205.0,815.0,126.0,1848.0,1078.0,359.0,189.0,10999.0
07/06/2004,16.00.00,23.0,1022.0,152.0,1155.0,172.0,871.0,113.0,1840.0,979.0,343.0,194.0,10279.0
07/06/2004,17.00.00,33.0,1082.0,189.0,1266.0,227.0,788.0,124.0,1910.0,1139.0,335.0,199.0,10112.0
07/06/2004,18.00.00,28.0,1056.0,190.0,1268.0,187.0,786.0,108.0,1896.0,1111.0,305.0,242.0,10386.0
07/06/2004,19.00.00,48.0,1243.0,289.0,1524.0,290.0,647.0,142.0,2281.0,1470.0,303.0,262.0,11161.0
07/06/2004,20.00.00,25.0,1029.0,134.0,1097.0,155.0,825.0,125.0,1827.0,980.0,270.0,367.0,12898.0
07/06/2004,21.00.00,2.0,1004.0,109.0,1011.0,108.0,867.0,116.0,1754.0,893.0,246.0,419.0,12752.0
07/06/2004,22.00.00,18.0,979.0,89.0,937.0,94.0,919.0,101.0,1683.0,858.0,233.0,445.0,12566.0
07/06/2004,23.00.00,17.0,972.0,85.0,919.0,103.0,934.0,101.0,1668.0,904.0,224.0,469.0,12544.0
08/06/2004,00.00.00,13.0,942.0,67.0,846.0,78.0,980.0,92.0,1615.0,905.0,217.0,508.0,13019.0
08/06/2004,01.00.00,7.0,825.0,42.0,720.0,38.0,1129.0,55.0,1511.0,678.0,210.0,519.0,12794.0
08/06/2004,02.00.00,5.0,780.0,25.0,621.0,26.0,1277.0,42.0,1452.0,586.0,205.0,543.0,12926.0
08/06/2004,03.00.00,4.0,746.0,17.0,565.0,22.5,1369.0,36.0,1423.0,608.0,209.0,525.0,12852.0
08/06/2004,04.00.00,3.0,734.0,14.0,538.0,19.0,1449.0,30.0,1400.0,514.0,210.0,531.0,13031.0
08/06/2004,05.00.00,5.0,785.0,28.0,640.0,35.0,1265.0,40.0,1467.0,588.0,196.0,571.0,12851.0
08/06/2004,06.00.00,14.0,946.0,88.0,931.0,126.0,917.0,69.0,1745.0,884.0,182.0,623.0,12903.0
08/06/2004,07.00.00,33.0,1201.0,194.0,1279.0,309.0,683.0,100.0,2144.0,1338.0,195.0,577.0,12966.0
08/06/2004,08.00.00,58.0,1377.0,361.0,1688.0,376.0,525.0,125.0,2746.0,1708.0,216.0,517.0,13130.0
08/06/2004,09.00.00,5.0,1346.0,271.0,1481.0,441.0,602.0,174.0,2367.0,1681.0,239.0,444.0,13029.0
08/06/2004,10.00.00,35.0,1230.0,190.0,1268.0,309.0,698.0,171.0,2049.0,1509.0,281.0,352.0,13120.0
08/06/2004,11.00.00,29.0,1160.0,169.0,1208.0,220.0,728.0,149.0,1925.0,1330.0,314.0,286.0,12980.0
08/06/2004,12.00.00,25.0,1146.0,157.0,1171.0,168.0,761.0,124.0,1902.0,1138.0,337.0,255.0,13095.0
08/06/2004,13.00.00,23.0,1078.0,141.0,1121.0,149.0,818.0,119.0,1806.0,963.0,359.0,208.0,12103.0
08/06/2004,14.00.00,24.0,1111.0,165.0,1194.0,160.0,794.0,130.0,1875.0,1015.0,375.0,181.0,11529.0
08/06/2004,15.00.00,26.0,1083.0,148.0,1141.0,177.0,825.0,143.0,1793.0,1008.0,377.0,177.0,11383.0
08/06/2004,16.00.00,22.0,1056.0,130.0,1083.0,176.5,865.0,163.0,1723.0,898.0,378.0,174.0,11219.0
08/06/2004,17.00.00,35.0,1220.0,214.0,1334.0,176.0,695.0,183.0,2066.0,1215.0,366.0,206.0,12445.0
08/06/2004,18.00.00,39.0,1268.0,236.0,1393.0,202.0,650.0,161.0,2144.0,1334.0,325.0,260.0,12502.0
08/06/2004,19.00.00,45.0,1256.0,250.0,1430.0,255.0,660.0,170.0,2151.0,1380.0,308.0,272.0,11832.0
08/06/2004,20.00.00,38.0,1213.0,216.0,1341.0,210.0,683.0,143.0,2090.0,1601.0,288.0,302.0,11761.0
08/06/2004,21.00.00,28.0,1145.0,157.0,1170.0,157.0,751.0,123.0,1894.0,1376.0,267.0,354.0,12233.0
08/06/2004,22.00.00,17.0,1050.0,109.0,1011.0,96.0,836.0,89.0,1739.0,1161.0,253.0,407.0,12910.0
08/06/2004,23.00.00,12.0,972.0,81.0,902.0,59.0,933.0,67.0,1647.0,878.0,249.0,412.0,12809.0
09/06/2004,00.00.00,16.0,1020.0,102.0,984.0,81.0,853.0,81.0,1753.0,1031.0,237.0,451.0,13033.0
09/06/2004,01.00.00,1.0,934.0,75.0,878.0,40.0,940.0,54.0,1644.0,847.0,225.0,490.0,13151.0
09/06/2004,02.00.00,9.0,914.0,58.0,801.0,42.0,965.0,57.0,1609.0,908.0,223.0,506.0,13486.0
09/06/2004,03.00.00,5.0,824.0,38.0,698.0,36.5,1107.0,54.0,1517.0,733.0,220.0,505.0,13199.0
09/06/2004,04.00.00,5.0,817.0,33.0,672.0,31.0,1113.0,51.0,1501.0,751.0,208.0,544.0,13229.0
09/06/2004,05.00.00,5.0,833.0,40.0,708.0,54.0,1084.0,58.0,1525.0,799.0,203.0,560.0,13204.0
09/06/2004,06.00.00,1.0,935.0,81.0,905.0,88.0,899.0,69.0,1675.0,954.0,205.0,548.0,13073.0
09/06/2004,07.00.00,35.0,1297.0,223.0,1359.0,261.0,630.0,107.0,2214.0,1425.0,217.0,506.0,12981.0
09/06/2004,08.00.00,64.0,1496.0,369.0,1705.0,357.0,507.0,151.0,2691.0,2147.0,234.0,461.0,13091.0
09/06/2004,09.00.00,29.0,1201.0,175.0,1224.0,265.0,701.0,146.0,1987.0,1532.0,251.0,430.0,13488.0
09/06/2004,10.00.00,34.0,1267.0,193.0,1276.0,247.0,676.0,165.0,2059.0,1570.0,301.0,328.0,13795.0
09/06/2004,11.00.00,28.0,1224.0,176.0,1228.0,189.0,711.0,159.0,1972.0,1380.0,347.0,259.0,14069.0
09/06/2004,12.00.00,28.0,1247.0,186.0,1257.0,168.0,701.0,174.0,2000.0,1337.0,372.0,232.0,14478.0
09/06/2004,13.00.00,28.0,1183.0,180.0,1241.0,183.0,721.0,167.0,1937.0,1308.0,395.0,183.0,12917.0
09/06/2004,14.00.00,23.0,1078.0,140.0,1116.0,157.0,815.0,137.0,1761.0,1013.0,406.0,153.0,11485.0
09/06/2004,15.00.00,18.0,1076.0,109.0,1012.0,113.0,894.0,116.0,1665.0,816.0,403.0,161.0,11896.0
09/06/2004,16.00.00,2.0,1052.0,111.0,1019.0,140.0,896.0,125.0,1610.0,836.0,403.0,142.0,10494.0
09/06/2004,17.00.00,35.0,1287.0,216.0,1340.0,230.0,699.0,194.0,2008.0,1267.0,396.0,167.0,11867.0
09/06/2004,18.00.00,49.0,1460.0,276.0,1493.0,277.0,586.0,222.0,2288.0,1649.0,373.0,234.0,14672.0
09/06/2004,19.00.00,46.0,1357.0,256.0,1445.0,295.0,620.0,206.0,2195.0,1622.0,337.0,277.0,14213.0
09/06/2004,20.00.00,34.0,1234.0,186.0,1257.0,212.0,695.0,162.0,2019.0,1349.0,307.0,322.0,13983.0
09/06/2004,21.00.00,27.0,1151.0,152.0,1154.0,151.0,747.0,132.0,1894.0,1186.0,284.0,357.0,13549.0
09/06/2004,22.00.00,19.0,1065.0,117.0,1038.0,110.0,805.0,107.0,1763.0,1026.0,265.0,386.0,13154.0
09/06/2004,23.00.00,15.0,984.0,87.0,929.0,83.0,917.0,84.0,1654.0,817.0,254.0,401.0,12822.0
10/06/2004,00.00.00,1.0,938.0,76.0,881.0,48.0,956.0,61.0,1607.0,662.0,241.0,433.0,12839.0
10/06/2004,01.00.00,7.0,878.0,52.0,774.0,27.0,1065.0,42.0,1527.0,552.0,239.0,456.0,13328.0
10/06/2004,02.00.00,1.0,919.0,59.0,807.0,48.0,967.0,66.0,1598.0,775.0,220.0,528.0,13752.0
10/06/2004,03.00.00,6.0,836.0,40.0,709.0,40.5,1085.0,58.0,1498.0,646.0,207.0,561.0,13565.0
10/06/2004,04.00.00,7.5,814.0,33.0,673.0,33.0,1138.0,50.0,1488.0,647.0,201.0,573.0,13352.0
10/06/2004,05.00.00,9.0,872.0,54.0,782.0,75.0,1001.0,76.0,1607.0,874.0,195.0,594.0,13328.0
10/06/2004,06.00.00,12.0,949.0,87.0,929.0,101.0,887.0,78.0,1711.0,973.0,200.0,566.0,13095.0
10/06/2004,07.00.00,29.0,1227.0,199.0,1292.0,214.0,661.0,104.0,2087.0,1327.0,217.0,539.0,13848.0
10/06/2004,08.00.00,48.0,1360.0,304.0,1561.0,290.0,545.0,139.0,2525.0,1626.0,237.0,490.0,14152.0
10/06/2004,09.00.00,43.0,1318.0,246.0,1420.0,311.0,586.0,166.0,2316.0,1640.0,259.0,443.0,14544.0
10/06/2004,10.00.00,31.0,1196.0,169.0,1208.0,234.0,705.0,151.0,1981.0,1341.0,301.0,343.0,14414.0
10/06/2004,11.00.00,24.0,1152.0,136.0,1102.0,157.0,770.0,134.0,1868.0,1113.0,335.0,272.0,13859.0
10/06/2004,12.00.00,28.0,1220.0,153.0,1157.0,165.0,715.0,148.0,1935.0,1224.0,354.0,261.0,14806.0
10/06/2004,13.00.00,25.0,1182.0,141.0,1120.0,137.0,735.0,126.0,1893.0,1095.0,379.0,232.0,15020.0
10/06/2004,14.00.00,26.0,1167.0,170.0,1210.0,149.0,719.0,144.0,1944.0,1152.0,397.0,187.0,13306.0
10/06/2004,15.00.00,23.0,1142.0,138.0,1109.0,140.0,782.0,133.0,1789.0,1047.0,404.0,172.0,12774.0
10/06/2004,16.00.00,24.0,1157.0,136.0,1105.0,139.0,779.0,139.0,1792.0,982.0,400.0,188.0,13630.0
10/06/2004,17.00.00,35.0,1274.0,212.0,1329.0,221.0,670.0,178.0,2054.0,1320.0,389.0,188.0,12900.0
10/06/2004,18.00.00,48.0,1372.0,259.0,1451.0,318.0,631.0,206.0,2183.0,1541.0,358.0,221.0,12792.0
10/06/2004,19.00.00,51.0,1373.0,254.0,1440.0,363.0,635.0,211.0,2183.0,1510.0,331.0,259.0,12923.0
10/06/2004,20.00.00,47.0,1290.0,236.0,1393.0,341.0,655.0,180.0,2146.0,1511.0,309.0,282.0,12388.0
10/06/2004,21.00.00,24.0,1056.0,120.0,1051.0,163.0,826.0,116.0,1758.0,1078.0,275.0,326.0,11760.0
10/06/2004,22.00.00,25.0,1116.0,142.0,1123.0,157.0,768.0,118.0,1826.0,1235.0,263.0,343.0,11605.0
10/06/2004,23.00.00,27.0,1106.0,142.0,1122.0,202.0,783.0,115.0,1813.0,1202.0,255.0,341.0,10968.0
11/06/2004,00.00.00,15.0,1018.0,104.0,992.0,102.0,839.0,96.0,1710.0,1103.0,247.0,393.0,12065.0
11/06/2004,01.00.00,11.0,919.0,75.0,880.0,70.0,915.0,86.0,1628.0,1013.0,242.0,395.0,11764.0
11/06/2004,02.00.00,6.0,807.0,35.0,681.0,41.0,1092.0,65.0,1435.0,765.0,248.0,378.0,11639.0
11/06/2004,03.00.00,5.0,787.0,25.0,620.0,38.5,1176.0,59.0,1403.0,618.0,227.0,438.0,11952.0
11/06/2004,04.00.00,4.0,789.0,26.0,623.0,36.0,1146.0,53.0,1407.0,663.0,220.0,443.0,11553.0
11/06/2004,05.00.00,6.0,825.0,40.0,709.0,68.0,1050.0,74.0,1491.0,813.0,193.0,514.0,11364.0
11/06/2004,06.00.00,1.0,912.0,70.0,858.0,92.0,923.0,69.0,1608.0,894.0,198.0,504.0,11525.0
11/06/2004,07.00.00,46.0,1339.0,248.0,1425.0,332.0,595.0,131.0,2264.0,1495.0,205.0,482.0,11474.0
11/06/2004,08.00.00,48.0,1355.0,289.0,1526.0,333.0,567.0,134.0,2397.0,1658.0,228.0,427.0,11667.0
11/06/2004,09.00.00,4.0,1250.0,215.0,1336.0,298.0,632.0,148.0,2104.0,1506.0,256.0,358.0,11548.0
11/06/2004,10.00.00,3.0,1105.0,129.0,1079.0,222.0,788.0,135.66666666666666,1774.0,1168.0,300.0,275.0,11509.0
11/06/2004,11.00.00,2.0,1076.0,122.0,1055.0,146.0,817.0,123.33333333333333,1734.0,993.0,344.0,210.0,11248.0
11/06/2004,12.00.00,2.0,1096.0,131.0,1087.0,120.0,801.0,111.0,1759.0,910.0,359.0,196.0,11422.0
11/06/2004,13.00.00,2.0,1093.0,133.0,1094.0,108.0,797.0,110.0,1769.0,912.0,372.0,182.0,11389.0
11/06/2004,14.00.00,19.0,1027.0,125.0,1066.0,109.0,837.0,110.0,1689.0,814.0,373.0,166.0,10435.0
11/06/2004,15.00.00,19.0,1026.0,130.0,1085.0,124.0,848.0,116.0,1654.0,1341.0,374.0,149.0,9413.0
11/06/2004,16.00.00,19.0,1015.0,123.0,1062.0,127.0,877.0,120.0,1668.0,847.0,364.0,151.0,9005.0
11/06/2004,17.00.00,26.0,1028.0,152.0,1155.0,185.0,832.0,142.0,1691.0,925.0,354.0,147.0,8323.0
11/06/2004,18.00.00,32.0,1074.0,191.0,1270.0,230.0,776.0,146.0,1833.0,1087.0,342.0,142.0,7502.0
11/06/2004,19.00.00,34.0,1124.0,197.0,1289.0,265.0,765.0,153.0,1863.0,1132.0,311.0,187.0,8302.0
11/06/2004,20.00.00,34.0,1111.0,186.0,1256.0,261.0,765.0,158.0,1851.0,1197.0,291.0,220.0,8702.0
11/06/2004,21.00.00,29.0,1062.0,161.0,1183.0,219.0,794.0,140.0,1731.0,1229.0,272.0,225.0,7962.0
11/06/2004,22.00.00,27.0,1072.0,150.0,1148.0,180.0,805.0,127.0,1683.0,1171.0,253.0,246.0,7796.0
11/06/2004,23.00.00,13.0,936.0,73.0,871.0,108.0,990.0,97.0,1430.0,921.0,249.0,272.0,8429.0
12/06/2004,00.00.00,13.0,988.0,89.0,937.0,98.0,894.0,91.0,1543.0,1008.0,235.0,322.0,9220.0
12/06/2004,01.00.00,9.0,924.0,66.0,839.0,57.0,957.0,68.0,1453.0,849.0,235.0,327.0,9349.0
12/06/2004,02.00.00,6.0,839.0,43.0,725.0,36.0,1052.0,52.0,1368.0,668.0,241.0,320.0,9467.0
12/06/2004,03.00.00,5.0,826.0,32.0,666.0,40.5,1109.0,55.0,1349.0,641.0,226.0,348.0,9441.0
12/06/2004,04.00.00,5.0,853.0,41.0,716.0,45.0,1047.0,58.0,1414.0,707.0,208.0,402.0,9725.0
12/06/2004,05.00.00,9.0,918.0,60.0,810.0,87.0,936.0,78.0,1524.0,939.0,188.0,466.0,10027.0
12/06/2004,06.00.00,7.0,890.0,56.0,791.0,62.0,950.0,61.0,1489.0,886.0,198.0,460.0,10524.0
12/06/2004,07.00.00,6.0,865.0,48.0,752.0,65.0,996.0,64.0,1451.0,837.0,213.0,423.0,10625.0
12/06/2004,08.00.00,13.0,1003.0,89.0,937.0,125.0,850.0,81.0,1622.0,1005.0,213.0,418.0,10449.0
12/06/2004,09.00.00,19.0,1123.0,131.0,1088.0,157.0,746.0,92.0,1789.0,1191.0,240.0,366.0,10772.0
12/06/2004,10.00.00,21.0,1146.0,141.0,1119.0,171.0,746.0,101.0,1823.0,1200.0,272.0,307.0,10884.0
12/06/2004,11.00.00,18.0,1110.0,112.0,1021.0,119.0,820.0,96.0,1724.0,971.0,323.0,236.0,11271.0
12/06/2004,12.00.00,18.0,1126.0,100.0,979.0,110.0,849.0,101.0,1700.0,907.0,319.0,258.0,12023.0
12/06/2004,13.00.00,16.0,1067.0,96.0,962.0,95.0,860.0,91.0,1658.0,802.0,351.0,218.0,12093.0
12/06/2004,14.00.00,12.0,1008.0,72.0,866.0,58.0,937.0,68.0,1573.0,695.0,360.0,205.0,11995.0
12/06/2004,15.00.00,12.0,1062.0,86.0,924.0,69.0,892.0,76.0,1683.0,777.0,370.0,201.0,12423.0
12/06/2004,16.00.00,14.0,1082.0,90.0,939.0,76.0,869.0,84.0,1678.0,818.0,364.0,210.0,12515.0
12/06/2004,17.00.00,13.0,1042.0,79.0,897.0,63.0,901.0,76.0,1605.0,681.0,352.0,226.0,12670.0
12/06/2004,18.00.00,11.0,1022.0,62.0,823.0,51.0,964.0,61.0,1599.0,631.0,325.0,276.0,13229.0
12/06/2004,19.00.00,11.0,1024.0,63.0,828.0,46.0,936.0,52.0,1601.0,641.0,291.0,351.0,13919.0
12/06/2004,20.00.00,11.0,1048.0,63.0,828.0,52.0,922.0,59.0,1618.0,683.0,269.0,397.0,13898.0
12/06/2004,21.00.00,18.0,1153.0,112.0,1022.0,84.0,765.0,89.0,1806.0,1013.0,261.0,422.0,14039.0
12/06/2004,22.00.00,23.0,1195.0,128.0,1077.0,130.0,731.0,113.0,1860.0,1151.0,255.0,438.0,14095.0
12/06/2004,23.00.00,26.0,1245.0,132.0,1091.0,147.0,734.0,112.0,1870.0,1134.0,249.0,456.0,14135.0
13/06/2004,00.00.00,2.0,1086.0,92.0,946.0,126.0,847.0,89.0,1729.0,945.0,252.0,452.0,14262.0
13/06/2004,01.00.00,1.0,972.0,58.0,804.0,47.0,955.0,53.0,1620.0,734.0,254.0,455.0,14570.0
13/06/2004,02.00.00,6.0,880.0,34.0,677.0,24.0,1109.0,36.0,1500.0,554.0,262.0,436.0,14599.0
13/06/2004,03.00.00,6.0,906.0,41.0,719.0,24.5,1050.0,37.5,1561.0,612.0,243.0,482.0,14476.0
13/06/2004,04.00.00,5.0,879.0,31.0,658.0,25.0,1121.0,39.0,1511.0,564.0,244.0,483.0,14499.0
13/06/2004,05.00.00,4.0,842.0,22.0,597.0,21.0,1237.0,33.0,1444.0,512.0,233.0,510.0,14346.0
13/06/2004,06.00.00,4.0,797.0,15.0,543.0,25.0,1466.0,37.0,1347.0,410.0,216.0,481.0,12259.0
13/06/2004,07.00.00,4.0,796.0,13.0,526.0,25.0,1534.0,36.0,1322.0,392.0,214.0,478.0,12005.0
13/06/2004,08.00.00,4.0,767.0,12.0,520.0,30.0,1526.0,42.0,1287.0,377.0,205.0,468.0,11152.0
13/06/2004,09.00.00,5.0,784.0,17.0,562.0,42.0,1460.0,52.0,1286.0,389.0,208.0,407.0,9882.0
13/06/2004,10.00.00,6.0,811.0,25.0,622.0,52.0,1315.0,60.0,1307.0,432.0,223.0,353.0,9371.0
13/06/2004,11.00.00,7.0,838.0,25.0,620.0,62.0,1292.0,74.0,1325.0,502.0,217.0,383.0,9842.0
13/06/2004,12.00.00,7.0,821.0,27.0,632.0,67.0,1295.0,65.0,1302.0,469.0,244.0,296.0,8921.0
13/06/2004,13.00.00,6.0,793.0,19.0,579.0,47.0,1380.0,52.0,1303.0,427.0,234.0,349.0,9910.0
13/06/2004,14.00.00,5.0,794.0,18.0,567.0,35.0,1426.0,40.0,1306.0,406.0,235.0,352.0,10019.0
13/06/2004,15.00.00,6.0,821.0,24.0,614.0,45.0,1309.0,49.0,1350.0,430.0,224.0,390.0,10400.0
13/06/2004,16.00.00,8.0,849.0,26.0,628.0,53.0,1274.0,56.0,1379.0,453.0,220.0,417.0,10865.0
13/06/2004,17.00.00,8.0,852.0,30.0,651.0,57.0,1246.0,59.0,1387.0,470.0,217.0,427.0,10949.0
13/06/2004,18.00.00,1.0,847.0,29.0,645.0,71.0,1245.0,68.0,1364.0,480.0,207.0,434.0,10470.0
13/06/2004,19.00.00,1.0,849.0,35.0,682.0,67.0,1215.0,72.0,1378.0,472.0,203.0,426.0,10045.0
13/06/2004,20.00.00,1.0,865.0,36.0,687.0,75.0,1191.0,78.0,1388.0,521.0,203.0,441.0,10392.0
13/06/2004,21.00.00,9.0,848.0,36.0,689.0,65.0,1180.0,71.0,1403.0,520.0,201.0,452.0,10538.0
13/06/2004,22.00.00,7.0,807.0,23.0,606.0,45.0,1340.0,54.0,1337.0,440.0,198.0,457.0,10424.0
13/06/2004,23.00.00,8.0,814.0,26.0,627.0,46.0,1305.0,57.0,1351.0,446.0,196.0,453.0,10244.0
14/06/2004,00.00.00,7.0,785.0,20.0,582.0,33.0,1377.0,45.0,1311.0,417.0,194.0,459.0,10242.0
14/06/2004,01.00.00,5.0,748.0,12.0,515.0,19.0,1580.0,30.0,1261.0,381.0,197.0,448.0,10172.0
14/06/2004,02.00.00,3.0,716.0,7.0,461.0,9.0,1795.0,16.0,1235.0,350.0,195.0,463.0,10363.0
14/06/2004,03.00.00,3.0,708.0,5.0,437.0,10.5,1941.0,17.0,1227.0,334.0,190.0,490.0,10630.0
14/06/2004,04.00.00,3.0,724.0,5.0,448.0,12.0,1917.0,18.0,1256.0,346.0,191.0,507.0,11090.0
14/06/2004,05.00.00,3.0,748.0,8.0,477.0,21.0,1703.0,28.0,1301.0,380.0,191.0,527.0,11545.0
14/06/2004,06.00.00,7.0,888.0,35.0,683.0,66.0,1196.0,62.0,1483.0,563.0,203.0,493.0,11596.0
14/06/2004,07.00.00,15.0,973.0,70.0,858.0,137.0,941.0,92.0,1584.0,779.0,211.0,462.0,11389.0
14/06/2004,08.00.00,18.0,993.0,87.0,927.0,151.0,886.0,96.0,1665.0,842.0,215.0,445.0,11290.0
14/06/2004,09.00.00,14.0,929.0,63.0,825.0,115.0,992.0,87.0,1561.0,692.0,224.0,436.0,11637.0
14/06/2004,10.00.00,15.0,962.0,70.0,858.0,118.0,941.0,84.0,1613.0,779.0,248.0,391.0,12039.0
14/06/2004,11.00.00,12.0,906.0,55.0,786.0,95.0,1026.0,73.0,1538.0,633.0,239.0,421.0,12335.0
14/06/2004,12.00.00,12.0,915.0,53.0,776.0,86.0,1029.0,72.0,1544.0,616.0,255.0,383.0,12328.0
14/06/2004,13.00.00,13.0,928.0,55.0,787.0,85.0,1012.0,68.0,1585.0,606.0,254.0,392.0,12534.0
14/06/2004,14.00.00,1.0,855.0,38.0,698.0,66.0,1134.0,62.0,1449.0,526.0,256.0,370.0,12006.0
14/06/2004,15.00.00,14.0,920.0,54.0,783.0,74.0,1046.0,70.0,1550.0,588.0,245.0,384.0,11669.0
14/06/2004,16.00.00,16.0,917.0,67.0,842.0,108.0,985.0,83.0,1563.0,674.0,239.0,399.0,11639.0
14/06/2004,17.00.00,27.0,1072.0,122.0,1057.0,150.0,812.0,92.0,1820.0,885.0,242.0,392.0,11665.0
14/06/2004,18.00.00,23.0,1000.0,102.0,985.0,157.0,846.0,103.0,1726.0,879.0,235.0,412.0,11759.0
14/06/2004,19.00.00,15.0,914.0,67.0,845.0,93.0,972.0,82.0,1583.0,703.0,223.0,449.0,11973.0
14/06/2004,20.00.00,14.0,888.0,57.0,799.0,76.0,1023.0,74.0,1531.0,637.0,217.0,465.0,11917.0
14/06/2004,21.00.00,1.0,851.0,41.0,718.0,57.0,1134.0,67.0,1471.0,561.0,220.0,449.0,11699.0
14/06/2004,22.00.00,11.0,870.0,47.0,749.0,64.0,1096.0,74.0,1487.0,612.0,222.0,441.0,11654.0
14/06/2004,23.00.00,12.0,883.0,52.0,773.0,59.0,1062.0,72.0,1514.0,621.0,218.0,456.0,11763.0
15/06/2004,00.00.00,12.0,886.0,51.0,767.0,68.0,1055.0,79.0,1532.0,702.0,216.0,460.0,11742.0
15/06/2004,01.00.00,7.0,792.0,28.0,637.0,31.0,1249.0,43.0,1400.0,559.0,216.0,458.0,11715.0
15/06/2004,02.00.00,5.0,754.0,14.0,535.0,21.0,1490.0,33.0,1335.0,435.0,207.0,483.0,11680.0
15/06/2004,03.00.00,4.0,732.0,10.0,503.0,22.5,1525.0,35.5,1321.0,441.0,210.0,471.0,11546.0
15/06/2004,04.00.00,4.0,770.0,20.0,586.0,24.0,1326.0,38.0,1392.0,527.0,208.0,485.0,11800.0
15/06/2004,05.00.00,5.0,797.0,30.0,654.0,38.0,1097.0,51.0,1450.0,720.0,208.0,494.0,11994.0
15/06/2004,06.00.00,1.0,915.0,75.0,877.0,92.0,897.0,69.0,1651.0,937.0,199.0,518.0,11911.0
15/06/2004,07.00.00,44.0,1287.0,247.0,1423.0,311.0,610.0,116.0,2319.0,1482.0,209.0,493.0,12049.0
15/06/2004,08.00.00,4.0,1195.0,248.0,1424.0,260.0,609.0,119.0,2244.0,1489.0,237.0,399.0,11508.0
15/06/2004,09.00.00,24.0,1003.0,109.0,1009.0,181.0,823.0,96.0,1710.0,1015.0,253.0,358.0,11421.0
15/06/2004,10.00.00,21.0,1037.0,119.0,1046.0,177.0,838.0,109.0,1763.0,1004.0,288.0,291.0,11349.0
15/06/2004,11.00.00,27.0,1114.0,160.0,1181.0,180.0,747.0,115.0,1928.0,1129.0,303.0,269.0,11399.0
15/06/2004,12.00.00,28.0,1085.0,157.0,1171.0,174.0,767.0,118.0,1863.0,1068.0,328.0,233.0,11380.0
15/06/2004,13.00.00,23.0,1024.0,131.0,1087.0,140.0,824.0,118.0,1745.0,924.0,339.0,214.0,11135.0
15/06/2004,14.00.00,2.0,1017.0,122.0,1057.0,122.0,859.0,112.0,1698.0,861.0,353.0,196.0,11036.0
15/06/2004,15.00.00,26.0,1053.0,158.0,1173.0,189.0,785.0,140.0,1808.0,981.0,340.0,208.0,10898.0
15/06/2004,16.00.00,27.0,1065.0,166.0,1198.0,169.0,766.0,137.0,1852.0,1043.0,353.0,188.0,10572.0
15/06/2004,17.00.00,31.0,1136.0,184.0,1250.0,172.0,722.0,143.0,1940.0,1124.0,326.0,241.0,11688.0
15/06/2004,18.00.00,31.0,1100.0,167.0,1202.0,154.0,732.0,148.0,1856.0,1004.0,308.0,287.0,12507.0
15/06/2004,19.00.00,36.0,1143.0,208.0,1319.0,192.0,673.0,158.0,2001.0,1190.0,287.0,312.0,12099.0
15/06/2004,20.00.00,29.0,1083.0,153.0,1157.0,160.0,742.0,127.0,1884.0,1072.0,268.0,351.0,12201.0
15/06/2004,21.00.00,22.0,1009.0,115.0,1034.0,110.0,806.0,109.0,1763.0,925.0,253.0,394.0,12524.0
15/06/2004,22.00.00,2.0,969.0,101.0,983.0,97.0,853.0,101.0,1680.0,862.0,239.0,409.0,11966.0
15/06/2004,23.00.00,21.0,1029.0,104.0,993.0,124.0,816.0,114.0,1728.0,969.0,230.0,444.0,12354.0
16/06/2004,00.00.00,19.0,1064.0,94.0,956.0,108.0,812.0,104.0,1770.0,932.0,222.0,539.0,14237.0
16/06/2004,01.00.00,14.0,986.0,69.0,853.0,61.0,865.0,81.0,1645.0,794.0,209.0,598.0,14659.0
16/06/2004,02.00.00,8.0,872.0,40.0,709.0,34.0,1034.0,51.0,1522.0,599.0,213.0,581.0,14570.0
16/06/2004,03.00.00,6.0,840.0,30.0,654.0,29.0,1124.0,45.5,1489.0,614.0,208.0,584.0,14189.0
16/06/2004,04.00.00,6.0,812.0,26.0,626.0,24.0,1134.0,40.0,1471.0,625.0,203.0,589.0,13878.0
16/06/2004,05.00.00,5.0,810.0,24.0,612.0,27.0,1163.0,34.0,1462.0,595.0,213.0,545.0,13682.0
16/06/2004,06.00.00,1.0,936.0,68.0,849.0,70.0,882.0,61.0,1640.0,886.0,206.0,574.0,13753.0
16/06/2004,07.00.00,27.0,1244.0,189.0,1265.0,176.0,640.0,95.0,2084.0,1257.0,213.0,569.0,14226.0
16/06/2004,08.00.00,5.0,1440.0,302.0,1556.0,310.0,517.0,142.0,2530.0,1561.0,229.0,524.0,14442.0
16/06/2004,09.00.00,33.0,1180.0,149.0,1145.0,221.0,713.0,128.0,1929.0,1191.0,241.0,465.0,13802.0
16/06/2004,10.00.00,24.0,1126.0,122.0,1058.0,168.0,765.0,115.0,1879.0,1061.0,271.0,388.0,13705.0
16/06/2004,11.00.00,17.0,1005.0,83.0,910.0,109.0,881.0,84.0,1670.0,751.0,284.0,344.0,13140.0
16/06/2004,12.00.00,17.0,1032.0,90.0,940.0,102.0,862.0,85.0,1703.0,733.0,301.0,309.0,12958.0
16/06/2004,13.00.00,24.0,1087.0,137.0,1106.0,129.0,755.0,110.0,1839.0,906.0,327.0,258.0,12547.0
16/06/2004,14.00.00,22.0,1090.0,141.0,1119.0,117.0,756.0,107.0,1811.0,902.0,324.0,257.0,12271.0
16/06/2004,15.00.00,22.0,1072.0,120.0,1050.0,112.0,802.0,107.0,1748.0,836.0,336.0,244.0,12472.0
16/06/2004,16.00.00,23.0,1101.0,122.0,1057.0,122.0,797.0,113.0,1772.0,863.0,330.0,260.0,12877.0
16/06/2004,17.00.00,26.0,1111.0,131.0,1086.0,114.0,787.0,107.0,1802.0,824.0,332.0,237.0,11855.0
16/06/2004,18.00.00,23.0,1048.0,126.0,1070.0,111.0,807.0,106.0,1737.0,842.0,313.0,254.0,11415.0
16/06/2004,19.00.00,33.0,1197.0,183.0,1249.0,158.0,698.0,125.0,1986.0,1132.0,283.0,317.0,11968.0
16/06/2004,20.00.00,35.0,1173.0,172.0,1217.0,202.0,695.0,139.0,1930.0,1175.0,265.0,350.0,11981.0
16/06/2004,21.00.00,25.0,1075.0,129.0,1079.0,166.0,764.0,117.0,1798.0,1111.0,244.0,400.0,12079.0
16/06/2004,22.00.00,25.0,1067.0,137.0,1106.0,143.0,745.0,107.0,1840.0,1125.0,233.0,434.0,12251.0
16/06/2004,23.00.00,24.0,1060.0,134.0,1099.0,122.0,742.0,98.0,1838.0,1077.0,225.0,453.0,12226.0
17/06/2004,00.00.00,25.0,1081.0,135.0,1099.0,113.0,749.0,97.0,1854.0,1087.0,218.0,478.0,12325.0
17/06/2004,01.00.00,21.0,1017.0,99.0,975.0,109.0,822.0,95.0,1722.0,1014.0,209.0,510.0,12446.0
17/06/2004,02.00.00,1.0,836.0,44.0,734.0,53.0,1035.0,68.0,1501.0,801.0,208.0,517.0,12572.0
17/06/2004,03.00.00,8.0,831.0,43.0,727.0,42.5,1038.0,59.5,1522.0,802.0,193.0,571.0,12661.0
17/06/2004,04.00.00,6.5,804.0,33.0,668.0,32.0,1102.0,51.0,1479.0,753.0,188.0,586.0,12581.0
17/06/2004,05.00.00,5.0,798.0,34.0,677.0,35.0,1092.0,44.0,1473.0,696.0,202.0,538.0,12569.0
17/06/2004,06.00.00,13.0,966.0,93.0,951.0,123.0,812.0,77.0,1735.0,996.0,183.0,608.0,12635.0
17/06/2004,07.00.00,36.0,1277.0,234.0,1388.0,254.0,611.0,100.0,2241.0,1513.0,202.0,545.0,12777.0
17/06/2004,08.00.00,48.0,1335.0,277.0,1496.0,300.0,562.0,125.0,2385.0,1598.0,219.0,499.0,12957.0
17/06/2004,09.00.00,37.0,1297.0,221.0,1353.0,281.0,588.0,154.0,2128.0,1690.0,252.0,430.0,13548.0
17/06/2004,10.00.00,19.0,1041.0,100.0,979.0,169.0,837.0,125.0,1705.0,1053.0,280.0,366.0,13603.0
17/06/2004,11.00.00,17.0,1027.0,89.0,936.0,152.0,867.0,117.0,1696.0,931.0,271.0,383.0,13548.0
17/06/2004,12.00.00,19.0,1037.0,98.0,969.0,127.0,841.0,105.0,1728.0,865.0,274.0,370.0,13319.0
17/06/2004,13.00.00,18.0,1014.0,94.0,954.0,118.0,865.0,103.0,1697.0,818.0,294.0,329.0,13244.0
17/06/2004,14.00.00,17.0,1007.0,98.0,971.0,120.0,866.0,106.0,1682.0,802.0,313.0,287.0,12885.0
17/06/2004,15.00.00,18.0,998.0,95.0,958.0,125.0,881.0,107.0,1657.0,778.0,315.0,287.0,13058.0
17/06/2004,16.00.00,17.0,1014.0,95.0,958.0,117.0,878.0,102.0,1684.0,767.0,309.0,303.0,13306.0
17/06/2004,17.00.00,28.0,1157.0,154.0,1160.0,166.0,738.0,124.0,1936.0,1000.0,314.0,303.0,13689.0
17/06/2004,18.00.00,36.0,1225.0,194.0,1281.0,180.0,683.0,133.0,2082.0,1143.0,307.0,314.0,13686.0
17/06/2004,19.00.00,33.0,1131.0,165.0,1194.0,172.0,726.0,125.0,1907.0,1009.0,290.0,334.0,13169.0
17/06/2004,20.00.00,29.0,1111.0,143.0,1126.0,160.0,754.0,124.0,1883.0,1076.0,273.0,375.0,13420.0
17/06/2004,21.00.00,17.0,976.0,82.0,909.0,103.0,878.0,97.0,1675.0,830.0,258.0,409.0,13389.0
17/06/2004,22.00.00,17.0,1016.0,87.0,929.0,87.0,868.0,94.0,1724.0,853.0,252.0,430.0,13580.0
17/06/2004,23.00.00,28.0,1177.0,152.0,1156.0,147.0,684.0,120.0,1983.0,1310.0,246.0,458.0,13940.0
18/06/2004,00.00.00,18.0,1013.0,106.0,999.0,120.0,791.0,105.0,1751.0,1119.0,240.0,473.0,13914.0
18/06/2004,01.00.00,1.0,886.0,60.0,813.0,63.0,936.0,81.0,1592.0,918.0,235.0,483.0,13777.0
18/06/2004,02.00.00,5.0,791.0,31.0,658.0,30.0,1140.0,43.0,1467.0,609.0,240.0,458.0,13467.0
18/06/2004,03.00.00,4.0,762.0,25.0,618.0,24.5,1214.0,37.5,1431.0,516.0,222.0,507.0,13405.0
18/06/2004,04.00.00,3.0,740.0,18.0,568.0,19.0,1259.0,32.0,1404.0,510.0,228.0,481.0,13184.0
18/06/2004,05.00.00,4.0,775.0,26.0,628.0,27.0,1178.0,36.0,1437.0,554.0,219.0,501.0,13002.0
18/06/2004,06.00.00,8.0,872.0,65.0,833.0,65.0,947.0,59.0,1598.0,760.0,204.0,541.0,12800.0
18/06/2004,07.00.00,22.0,1123.0,145.0,1134.0,169.0,711.0,92.0,1922.0,1170.0,208.0,526.0,12758.0
18/06/2004,08.00.00,44.0,1306.0,288.0,1522.0,244.0,535.0,121.0,2450.0,1545.0,228.0,479.0,13156.0
18/06/2004,09.00.00,37.0,1237.0,213.0,1332.0,274.0,605.0,151.0,2157.0,1508.0,252.0,429.0,13552.0
18/06/2004,10.00.00,25.0,1143.0,149.0,1146.0,202.0,701.0,142.0,1917.0,1292.0,293.0,348.0,13970.0
18/06/2004,11.00.00,25.0,1170.0,156.0,1168.0,186.0,703.0,141.0,1949.0,1287.0,333.0,278.0,14013.0
18/06/2004,12.00.00,23.0,1116.0,143.0,1128.0,153.0,739.0,129.0,1856.0,1042.0,349.0,249.0,13630.0
18/06/2004,13.00.00,2.0,1054.0,126.0,1069.0,112.0,785.0,106.0,1766.0,817.0,361.0,227.0,13324.0
18/06/2004,14.00.00,2.0,1083.0,134.0,1097.0,117.0,765.0,125.0,1810.0,847.0,376.0,211.0,13478.0
18/06/2004,15.00.00,21.0,1078.0,126.0,1069.0,109.0,782.0,126.0,1780.0,806.0,373.0,219.0,13761.0
18/06/2004,16.00.00,24.0,1104.0,148.0,1143.0,133.0,747.0,147.0,1840.0,896.0,372.0,216.0,13514.0
18/06/2004,17.00.00,31.0,1170.0,186.0,1257.0,185.0,693.0,180.0,1956.0,1069.0,356.0,234.0,13410.0
18/06/2004,18.00.00,29.0,1091.0,167.0,1201.0,167.0,738.0,164.0,1834.0,945.0,331.0,243.0,12087.0
18/06/2004,19.00.00,35.0,1216.0,208.0,1318.0,218.0,673.0,180.0,2043.0,1168.0,305.0,295.0,12635.0
18/06/2004,20.00.00,29.0,1125.0,160.0,1179.0,171.0,719.0,153.0,1921.0,1065.0,287.0,358.0,13834.0
18/06/2004,21.00.00,15.0,971.0,76.0,881.0,78.0,916.0,105.0,1635.0,672.0,266.0,422.0,14452.0
18/06/2004,22.00.00,17.0,1062.0,102.0,984.0,84.0,816.0,98.0,1796.0,842.0,252.0,466.0,14733.0
18/06/2004,23.00.00,22.0,1140.0,138.0,1109.0,110.0,714.0,107.0,1892.0,1123.0,247.0,477.0,14649.0
19/06/2004,00.00.00,16.0,1038.0,104.0,992.0,87.0,802.0,87.0,1731.0,1007.0,244.0,474.0,14301.0
19/06/2004,01.00.00,1.0,935.0,65.0,836.0,58.0,909.0,80.0,1604.0,855.0,233.0,499.0,14135.0
19/06/2004,02.00.00,6.0,861.0,43.0,729.0,39.0,1043.0,62.0,1528.0,689.0,238.0,473.0,13783.0
19/06/2004,03.00.00,6.0,839.0,34.0,678.0,38.5,1062.0,58.0,1478.0,622.0,229.0,502.0,13808.0
19/06/2004,04.00.00,6.0,850.0,39.0,703.0,38.0,1021.0,54.0,1511.0,658.0,212.0,550.0,13689.0
19/06/2004,05.00.00,5.0,817.0,30.0,651.0,41.0,1109.0,56.0,1472.0,628.0,217.0,526.0,13500.0
19/06/2004,06.00.00,5.0,825.0,32.0,667.0,47.0,1079.0,62.0,1475.0,659.0,228.0,489.0,13424.0
19/06/2004,07.00.00,9.0,921.0,56.0,792.0,72.0,943.0,72.0,1595.0,799.0,235.0,476.0,13611.0
19/06/2004,08.00.00,14.0,1031.0,91.0,945.0,100.0,806.0,86.0,1697.0,964.0,246.0,449.0,13661.0
19/06/2004,09.00.00,16.0,1092.0,97.0,967.0,104.0,801.0,99.0,1774.0,910.0,270.0,399.0,14020.0
19/06/2004,10.00.00,16.0,1095.0,86.0,923.0,109.0,843.0,98.0,1736.0,999.0,293.0,359.0,14411.0
19/06/2004,11.00.00,17.0,1097.0,96.0,964.0,103.0,822.0,102.0,1743.0,853.0,312.0,324.0,14517.0
19/06/2004,12.00.00,17.0,1101.0,98.0,972.0,75.0,819.0,84.0,1714.0,752.0,344.0,266.0,14230.0
19/06/2004,13.00.00,15.0,1060.0,103.0,991.0,72.0,833.0,83.0,1718.0,778.0,361.0,221.0,13004.0
19/06/2004,14.00.00,12.0,1051.5897435897436,100.74358974358974,979.5384615384615,56.0,846.3333333333334,68.0,1709.0,770.0,356.5897435897436,229.48717948717947,12975.564102564103
19/06/2004,15.00.00,12.0,1043.179487179487,98.48717948717949,968.0769230769231,51.0,859.6666666666666,63.0,1700.0,762.0,352.1794871794872,237.97435897435898,12947.128205128205
19/06/2004,16.00.00,11.0,1034.7692307692307,96.23076923076923,956.6153846153846,52.0,873.0,65.0,1691.0,754.0,347.7692307692308,246.46153846153845,12918.692307692309
19/06/2004,17.00.00,1.0,1026.3589743589744,93.97435897435898,945.1538461538462,46.0,886.3333333333334,63.0,1682.0,746.0,343.35897435897436,254.94871794871796,12890.25641025641
19/06/2004,18.00.00,11.0,1017.9487179487179,91.71794871794872,933.6923076923077,44.0,899.6666666666666,56.0,1673.0,738.0,338.94871794871796,263.43589743589746,12861.820512820514
19/06/2004,19.00.00,16.0,1009.5384615384615,89.46153846153847,922.2307692307693,72.0,913.0,77.0,1664.0,730.0,334.53846153846155,271.9230769230769,12833.384615384615
19/06/2004,20.00.00,17.0,1001.1282051282051,87.2051282051282,910.7692307692307,88.0,926.3333333333334,91.0,1655.0,722.0,330.12820512820514,280.4102564102564,12804.948717948719
19/06/2004,21.00.00,14.0,992.7179487179487,84.94871794871796,899.3076923076923,56.0,939.6666666666666,70.0,1646.0,714.0,325.71794871794873,288.8974358974359,12776.51282051282
19/06/2004,22.00.00,17.0,984.3076923076923,82.6923076923077,887.8461538461538,82.0,953.0,95.0,1637.0,706.0,321.3076923076923,297.38461538461536,12748.076923076924
19/06/2004,23.00.00,24.0,975.8974358974359,80.43589743589743,876.3846153846154,125.0,966.3333333333334,113.0,1628.0,698.0,316.8974358974359,305.87179487179486,12719.641025641025
20/06/2004,00.00.00,23.0,967.4871794871794,78.17948717948718,864.9230769230769,144.0,979.6666666666667,109.0,1619.0,690.0,312.4871794871795,314.35897435897436,12691.205128205129
20/06/2004,01.00.00,12.0,959.0769230769231,75.92307692307692,853.4615384615385,54.0,993.0,65.0,1610.0,682.0,308.0769230769231,322.8461538461538,12662.76923076923
20/06/2004,02.00.00,1.0,950.6666666666666,73.66666666666667,842.0,48.0,1006.3333333333334,60.0,1601.0,674.0,303.6666666666667,331.3333333333333,12634.333333333334
20/06/2004,03.00.00,14.0,942.2564102564103,71.41025641025641,830.5384615384615,44.5,1019.6666666666667,61.0,1592.0,666.0,299.2564102564103,339.8205128205128,12605.897435897436
20/06/2004,04.00.00,7.5,933.8461538461538,69.15384615384616,819.0769230769231,41.0,1033.0,62.0,1583.0,658.0,294.8461538461538,348.3076923076923,12577.461538461539
20/06/2004,05.00.00,1.0,925.4358974358975,66.8974358974359,807.6153846153846,40.0,1046.3333333333333,60.0,1574.0,650.0,290.43589743589746,356.7948717948718,12549.02564102564
20/06/2004,06.00.00,9.0,917.025641025641,64.64102564102564,796.1538461538462,48.0,1059.6666666666667,65.0,1565.0,642.0,286.025641025641,365.28205128205127,12520.589743589744
20/06/2004,07.00.00,8.0,908.6153846153846,62.38461538461539,784.6923076923076,44.0,1073.0,55.0,1556.0,634.0,281.61538461538464,373.7692307692308,12492.153846153846
20/06/2004,08.00.00,1.0,900.2051282051282,60.12820512820513,773.2307692307693,59.0,1086.3333333333333,66.0,1547.0,626.0,277.2051282051282,382.2564102564103,12463.71794871795
20/06/2004,09.00.00,12.0,891.7948717948718,57.871794871794876,761.7692307692307,59.0,1099.6666666666667,67.0,1538.0,618.0,272.7948717948718,390.7435897435897,12435.28205128205
20/06/2004,10.00.00,12.0,883.3846153846154,55.61538461538461,750.3076923076923,53.0,1113.0,64.0,1529.0,610.0,268.38461538461536,399.2307692307692,12406.846153846154
20/06/2004,11.00.00,1.0,874.974358974359,53.35897435897436,738.8461538461538,42.0,1126.3333333333335,59.0,1520.0,602.0,263.97435897435895,407.71794871794873,12378.410256410256
20/06/2004,12.00.00,1.0,866.5641025641025,51.1025641025641,727.3846153846154,43.0,1139.6666666666667,59.0,1511.0,594.0,259.56410256410254,416.2051282051282,12349.97435897436
20/06/2004,13.00.00,6.0,858.1538461538462,48.84615384615385,715.9230769230769,23.0,1153.0,36.0,1502.0,586.0,255.15384615384613,424.6923076923077,12321.538461538461
20/06/2004,14.00.00,7.0,849.7435897435897,46.58974358974359,704.4615384615385,22.0,1166.3333333333335,35.0,1493.0,578.0,250.74358974358972,433.1794871794872,12293.102564102564
20/06/2004,15.00.00,8.0,841.3333333333333,44.333333333333336,693.0,37.0,1179.6666666666667,54.0,1484.0,570.0,246.33333333333331,441.66666666666663,12264.666666666666
20/06/2004,16.00.00,11.0,832.9230769230769,42.07692307692308,681.5384615384615,53.0,1193.0,71.0,1475.0,562.0,241.9230769230769,450.1538461538462,12236.23076923077
20/06/2004,17.00.00,14.0,824.5128205128206,39.82051282051282,670.0769230769231,68.0,1206.3333333333335,86.0,1466.0,554.0,237.5128205128205,458.64102564102564,12207.794871794871
20/06/2004,18.00.00,28.0,816.1025641025641,37.56410256410257,658.6153846153845,125.0,1219.6666666666667,114.0,1457.0,546.0,233.1025641025641,467.12820512820514,12179.358974358975
20/06/2004,19.00.00,25.0,807.6923076923076,35.30769230769231,647.1538461538462,96.0,1233.0,105.0,1448.0,538.0,228.69230769230768,475.61538461538464,12150.923076923076
20/06/2004,20.00.00,16.0,799.2820512820513,33.05128205128206,635.6923076923076,75.0,1246.3333333333335,87.0,1439.0,530.0,224.28205128205127,484.1025641025641,12122.48717948718
20/06/2004,21.00.00,14.0,790.8717948717949,30.794871794871796,624.2307692307693,74.0,1259.6666666666667,85.0,1430.0,522.0,219.87179487179486,492.5897435897436,12094.051282051281
20/06/2004,22.00.00,23.0,782.4615384615385,28.538461538461533,612.7692307692307,92.0,1273.0,91.0,1421.0,514.0,215.46153846153845,501.0769230769231,12065.615384615385
20/06/2004,23.00.00,42.0,774.051282051282,26.282051282051285,601.3076923076924,136.0,1286.3333333333335,108.0,1412.0,506.0,211.05128205128204,509.56410256410254,12037.179487179486
21/06/2004,00.00.00,3.0,765.6410256410256,24.025641025641022,589.8461538461538,119.0,1299.6666666666667,99.0,1403.0,498.0,206.64102564102564,518.051282051282,12008.74358974359
21/06/2004,01.00.00,22.0,757.2307692307693,21.769230769230774,578.3846153846154,76.0,1313.0,83.0,1394.0,490.0,202.23076923076923,526.5384615384615,11980.307692307691
21/06/2004,02.00.00,6.0,748.8205128205128,19.51282051282051,566.9230769230769,21.0,1326.3333333333335,36.0,1385.0,482.0,197.82051282051282,535.0256410256411,11951.871794871795
21/06/2004,03.00.00,3.0,740.4102564102564,17.256410256410263,555.4615384615385,18.0,1339.6666666666667,30.0,1376.0,474.0,193.4102564102564,543.5128205128206,11923.435897435898
21/06/2004,04.00.00,3.0,732.0,15.0,544.0,15.0,1353.0,24.0,1367.0,466.0,189.0,552.0,11895.0
21/06/2004,05.00.00,5.0,809.0,35.0,681.0,52.0,1108.0,43.0,1463.0,609.0,182.0,576.0,11930.0
21/06/2004,06.00.00,13.0,934.0,83.0,911.0,85.0,857.0,64.0,1639.0,863.0,186.0,560.0,11865.0
21/06/2004,07.00.00,25.0,1132.0,173.0,1220.0,177.0,691.0,91.0,1910.0,1203.0,208.0,480.0,11702.0
21/06/2004,08.00.00,37.0,1221.0,233.0,1386.0,232.0,626.0,109.0,2138.0,1412.0,233.0,386.0,10919.0
21/06/2004,09.00.00,25.0,1024.0,138.0,1111.0,201.0,770.0,110.0,1753.0,1069.0,251.0,324.0,10170.0
21/06/2004,10.00.00,18.0,938.0,102.0,987.0,134.0,862.0,111.0,1597.0,817.0,278.0,258.0,9473.0
21/06/2004,11.00.00,15.0,869.0,79.0,897.0,104.0,965.0,106.0,1480.0,649.0,296.0,210.0,8548.0
21/06/2004,12.00.00,15.0,846.0,88.0,930.0,89.0,947.0,104.0,1467.0,598.0,302.0,180.0,7613.0
21/06/2004,13.00.00,12.0,838.0,72.0,868.0,66.0,1005.0,76.0,1454.0,540.0,301.0,185.0,7747.0
21/06/2004,14.00.00,14.0,875.0,83.0,912.0,85.0,978.0,84.0,1504.0,601.0,295.0,194.0,7872.0
21/06/2004,15.00.00,16.0,907.0,96.0,961.0,105.0,920.0,102.0,1564.0,668.0,311.0,182.0,8079.0
21/06/2004,16.00.00,16.0,889.0,90.0,939.0,99.0,920.0,102.0,1492.0,647.0,303.0,190.0,8103.0
21/06/2004,17.00.00,22.0,969.0,124.0,1064.0,132.0,834.0,124.0,1645.0,816.0,301.0,193.0,8083.0
21/06/2004,18.00.00,3.0,1051.0,153.0,1157.0,186.0,760.0,147.0,1787.0,963.0,286.0,223.0,8590.0
21/06/2004,19.00.00,3.0,1043.0,161.0,1181.0,174.0,736.0,138.0,1813.0,1010.0,261.0,283.0,9407.0
21/06/2004,20.00.00,27.0,1043.0,141.0,1121.0,149.0,736.0,126.0,1793.0,967.0,245.0,357.0,10807.0
21/06/2004,21.00.00,21.0,1007.0,114.0,1027.0,114.0,798.0,112.0,1737.0,904.0,231.0,415.0,11582.0
21/06/2004,22.00.00,16.0,966.0,95.0,959.0,92.0,838.0,95.0,1686.0,852.0,218.0,463.0,11913.0
21/06/2004,23.00.00,13.0,920.0,74.0,875.0,75.0,915.0,80.0,1594.0,744.0,209.0,489.0,11945.0
22/06/2004,00.00.00,11.0,889.0,64.0,831.0,74.0,956.0,79.0,1570.0,760.0,205.0,499.0,11903.0
22/06/2004,01.00.00,7.0,825.0,41.0,715.0,35.0,1062.0,49.0,1462.0,613.0,200.0,509.0,11794.0
22/06/2004,02.00.00,4.0,758.0,19.0,580.0,22.0,1215.0,36.0,1374.0,531.0,221.0,443.0,11665.0
22/06/2004,03.00.00,2.0,735.0,14.0,533.0,23.0,1338.0,38.0,1350.0,493.0,210.0,475.0,11666.0
22/06/2004,04.00.00,2.0,719.0,12.0,522.0,24.0,1385.0,40.0,1343.0,509.0,198.0,503.0,11444.0
22/06/2004,05.00.00,3.0,757.0,22.0,596.0,30.0,1236.0,37.0,1381.0,560.0,190.0,528.0,11489.0
22/06/2004,06.00.00,9.0,890.0,64.0,831.0,93.0,922.0,67.0,1594.0,826.0,178.0,565.0,11375.0
22/06/2004,07.00.00,31.0,1181.0,185.0,1255.0,332.0,632.0,106.0,2002.0,1334.0,182.0,558.0,11529.0
22/06/2004,08.00.00,5.0,1332.0,302.0,1556.0,387.0,523.0,134.0,2394.0,1660.0,206.0,477.0,11448.0
22/06/2004,09.00.00,28.0,1128.0,142.0,1124.0,267.0,717.0,123.0,1832.0,1362.0,228.0,419.0,11496.0
22/06/2004,10.00.00,28.0,1128.0,143.0,1126.0,269.0,725.0,136.0,1856.0,1316.0,271.0,317.0,11147.0
22/06/2004,11.00.00,21.0,1064.0,126.0,1069.0,193.0,766.0,109.0,1766.0,1089.0,304.0,264.0,11310.0
22/06/2004,12.00.00,31.0,1139.0,180.0,1240.0,239.0,702.0,144.0,1940.0,1129.0,311.0,262.0,11647.0
22/06/2004,13.00.00,3.0,1121.0,171.0,1214.0,232.0,707.0,154.0,1912.0,1120.0,314.0,253.0,11444.0
22/06/2004,14.00.00,21.0,1032.0,130.0,1083.0,152.0,776.0,126.0,1772.0,916.0,308.0,267.0,11680.0
22/06/2004,15.00.00,17.0,1040.0,112.0,1022.0,115.0,826.0,98.0,1747.0,812.0,318.0,256.0,11868.0
22/06/2004,16.00.00,22.0,1076.0,136.0,1105.0,169.0,762.0,120.0,1782.0,959.0,335.0,229.0,11649.0
22/06/2004,17.00.00,35.0,1177.0,205.0,1310.0,226.0,656.0,145.0,2011.0,1189.0,331.0,235.0,11673.0
22/06/2004,18.00.00,36.0,1196.0,202.0,1303.0,218.0,654.0,139.0,2017.0,1199.0,317.0,259.0,11883.0
22/06/2004,19.00.00,41.0,1204.0,231.0,1381.0,245.0,623.0,148.0,2085.0,1283.0,290.0,304.0,12013.0
22/06/2004,20.00.00,4.0,1166.0,203.0,1304.0,236.0,646.0,139.0,2016.0,1291.0,274.0,336.0,12095.0
22/06/2004,21.00.00,18.0,959.0,93.0,949.0,104.0,857.0,93.0,1640.0,949.0,252.0,364.0,11528.0
22/06/2004,22.00.00,17.0,1004.0,105.0,997.0,104.0,813.0,96.0,1726.0,1018.0,240.0,396.0,11662.0
22/06/2004,23.00.00,24.0,1050.0,136.0,1105.0,144.0,729.0,104.0,1807.0,1122.0,238.0,396.0,11558.0
23/06/2004,00.00.00,12.0,965.0,80.0,900.0,79.0,864.0,83.0,1631.0,968.0,229.0,436.0,11974.0
23/06/2004,01.00.00,8.0,849.0,46.0,744.0,51.0,1004.0,66.0,1496.0,806.0,228.0,439.0,12020.0
23/06/2004,02.00.00,5.0,809.0,32.0,666.0,38.0,1093.0,55.0,1455.0,714.0,218.0,473.0,12189.0
23/06/2004,03.00.00,3.0,777.0,24.0,609.0,31.0,1170.0,46.0,1405.0,644.0,217.0,473.0,12135.0
23/06/2004,04.00.00,3.5,768.0,21.0,591.0,24.0,1183.0,37.0,1402.0,606.0,208.0,503.0,12207.0
23/06/2004,05.00.00,4.0,768.0,22.0,597.0,30.0,1155.0,40.0,1396.0,606.0,217.0,468.0,12031.0
23/06/2004,06.00.00,1.0,917.0,67.0,842.0,73.0,934.0,51.0,1656.0,819.0,203.0,523.0,12367.0
23/06/2004,07.00.00,38.0,1252.0,231.0,1380.0,305.0,579.0,117.0,2210.0,1462.0,205.0,523.0,12450.0
23/06/2004,08.00.00,32.0,1224.0,190.0,1268.0,295.0,605.0,110.0,2046.0,1478.0,217.0,496.0,12673.0
23/06/2004,09.00.00,35.0,1277.0,201.0,1300.0,331.0,608.0,136.0,2090.0,1598.0,240.0,431.0,12677.0
23/06/2004,10.00.00,32.0,1149.0,164.0,1192.0,304.0,672.0,152.0,1944.0,1449.0,285.0,317.0,12144.0
23/06/2004,11.00.00,23.0,1091.0,130.0,1082.0,210.0,746.0,119.0,1790.0,1221.0,322.0,251.0,11890.0
23/06/2004,12.00.00,22.0,1053.0,131.0,1087.0,163.0,763.0,106.0,1762.0,1023.0,349.0,205.0,11279.0
23/06/2004,13.00.00,21.0,1023.0,118.0,1042.0,132.0,796.0,101.0,1711.0,910.0,354.0,199.0,11222.0
23/06/2004,14.00.00,19.0,1085.0,127.0,1075.0,126.0,767.0,110.0,1786.0,913.0,344.0,225.0,12050.0
23/06/2004,15.00.00,24.0,1116.0,141.0,1120.0,150.0,724.0,124.0,1854.0,1035.0,348.0,228.0,12488.0
23/06/2004,16.00.00,25.0,1111.0,144.0,1131.0,171.0,735.0,137.0,1825.0,1085.0,343.0,224.0,11907.0
23/06/2004,17.00.00,36.0,1210.0,207.0,1316.0,234.0,645.0,159.0,2030.0,1278.0,325.0,253.0,12165.0
23/06/2004,18.00.00,39.0,1250.0,216.0,1339.0,251.0,616.0,152.0,2075.0,1383.0,313.0,273.0,12234.0
23/06/2004,19.00.00,44.0,1297.0,242.0,1408.0,294.0,595.0,166.0,2134.0,1473.0,302.0,290.0,12224.0
23/06/2004,20.00.00,48.0,1313.0,218.0,1345.0,300.0,603.0,163.0,2118.0,1507.0,285.0,333.0,12775.0
23/06/2004,21.00.00,25.0,1146.0,130.0,1084.0,159.0,713.0,121.0,1829.0,1215.0,273.0,353.0,12606.0
23/06/2004,22.00.00,28.0,1199.0,151.0,1152.0,176.0,685.0,125.0,1897.0,1242.0,261.0,378.0,12575.0
23/06/2004,23.00.00,32.0,1274.0,166.0,1197.0,192.0,626.0,120.0,2023.0,1356.0,247.0,471.0,14400.0
24/06/2004,00.00.00,26.0,1243.0,127.0,1072.0,152.0,675.0,103.0,1978.0,1195.0,236.0,598.0,17193.0
24/06/2004,01.00.00,15.0,1054.0,86.0,923.0,63.0,783.0,64.0,1793.0,899.0,233.0,605.0,17060.0
24/06/2004,02.00.00,1.0,962.0,53.0,778.0,35.0,929.0,44.0,1645.0,726.0,233.0,594.0,16753.0
24/06/2004,03.00.00,8.0,915.0,36.0,690.0,28.0,983.0,39.5,1570.0,743.0,229.0,577.0,15902.0
24/06/2004,04.00.00,6.0,871.0,28.0,639.0,21.0,1062.0,35.0,1528.0,684.0,237.0,535.0,15460.0
24/06/2004,05.00.00,6.0,877.0,31.0,658.0,41.0,1047.0,46.0,1530.0,779.0,212.0,609.0,15092.0
24/06/2004,06.00.00,7.0,893.0,37.0,696.0,48.0,1008.0,54.0,1548.0,801.0,221.0,562.0,14800.0
24/06/2004,07.00.00,12.0,1030.0,69.0,851.0,102.0,824.0,68.0,1700.0,983.0,219.0,570.0,14742.0
24/06/2004,08.00.00,15.0,1059.0,86.0,926.0,111.0,783.0,77.0,1750.0,989.0,247.0,459.0,14061.0
24/06/2004,09.00.00,13.0,1020.0,71.0,860.0,93.0,864.0,74.0,1649.0,875.0,270.0,408.0,14286.0
24/06/2004,10.00.00,16.0,1045.0,66.0,840.0,118.0,879.0,92.0,1656.0,807.0,291.0,374.0,14833.0
24/06/2004,11.00.00,15.0,1029.0,72.0,866.0,93.0,874.0,83.0,1651.0,727.0,311.0,324.0,14351.0
24/06/2004,12.00.00,12.0,959.0,50.0,763.0,56.0,976.0,58.0,1561.0,549.0,319.0,303.0,14125.0
24/06/2004,13.00.00,11.0,975.0,57.0,798.0,51.0,939.0,55.0,1576.0,570.0,328.0,289.0,14120.0
24/06/2004,14.00.00,12.0,988.0,60.0,813.0,52.0,927.0,61.0,1596.0,596.0,334.0,278.0,14119.0
24/06/2004,15.00.00,13.0,971.0,61.0,818.0,59.0,942.0,65.0,1565.0,585.0,353.0,237.0,13331.0
24/06/2004,16.00.00,14.0,999.0,80.0,899.0,62.0,869.0,74.0,1629.0,637.0,358.0,224.0,12915.0
24/06/2004,17.00.00,16.0,989.0,78.0,889.0,85.0,889.0,89.0,1602.0,664.0,353.0,208.0,11664.0
24/06/2004,18.00.00,21.0,1075.0,111.0,1020.0,109.0,802.0,103.0,1732.0,797.0,333.0,239.0,12085.0
24/06/2004,19.00.00,3.0,1190.0,159.0,1177.0,168.0,695.0,128.0,1934.0,1046.0,303.0,308.0,13044.0
24/06/2004,20.00.00,28.0,1172.0,137.0,1108.0,166.0,706.0,122.0,1878.0,1058.0,283.0,345.0,13084.0
24/06/2004,21.00.00,38.0,1256.0,216.0,1340.0,149.0,594.0,125.0,2176.0,1214.0,271.0,389.0,13758.0
24/06/2004,22.00.00,32.0,1190.0,168.0,1203.0,118.0,658.0,119.0,1967.0,1056.0,254.0,432.0,13805.0
24/06/2004,23.00.00,41.0,1249.0,205.0,1310.0,160.0,601.0,126.0,2114.0,1280.0,246.0,453.0,13767.0
25/06/2004,00.00.00,26.0,1072.0,141.0,1120.0,124.0,711.0,100.0,1838.0,1045.0,237.0,460.0,13346.0
25/06/2004,01.00.00,2.0,1035.0,109.0,1011.0,95.0,750.0,94.0,1752.0,1039.0,230.0,481.0,13322.0
25/06/2004,02.00.00,9.0,839.0,36.0,690.0,34.0,1030.0,52.0,1457.0,640.0,248.0,434.0,13366.0
25/06/2004,03.00.00,7.0,833.0,33.0,671.0,39.5,1061.0,58.0,1482.0,705.0,231.0,474.0,13208.0
25/06/2004,04.00.00,6.0,804.0,24.0,616.0,45.0,1144.0,64.0,1427.0,662.0,217.0,502.0,12917.0
25/06/2004,05.00.00,6.0,811.0,30.0,651.0,35.0,1097.0,46.0,1442.0,579.0,219.0,507.0,13138.0
25/06/2004,06.00.00,16.0,1028.0,89.0,934.0,141.0,818.0,88.0,1743.0,987.0,201.0,570.0,13216.0
25/06/2004,07.00.00,26.0,1138.0,148.0,1141.0,199.0,671.0,104.0,1927.0,1197.0,215.0,518.0,13129.0
25/06/2004,08.00.00,29.0,1203.0,162.0,1185.0,224.0,649.0,125.0,1968.0,1328.0,229.0,487.0,13416.0
25/06/2004,09.00.00,28.0,1193.0,146.0,1136.0,245.0,667.0,151.0,1924.0,1370.0,257.0,410.0,13351.0
25/06/2004,10.00.00,19.0,1049.0,80.0,898.0,153.0,858.0,113.0,1671.0,921.0,299.0,332.0,13793.0
25/06/2004,11.00.00,19.0,1090.0,91.0,942.0,145.0,828.0,102.0,1713.0,876.0,329.0,280.0,13789.0
25/06/2004,12.00.00,21.0,1070.0,100.0,976.0,130.0,808.0,108.0,1688.0,819.0,340.0,256.0,13363.0
25/06/2004,13.00.00,19.0,1014.0,98.0,970.0,95.0,826.0,93.0,1684.0,763.0,347.0,226.0,12297.0
25/06/2004,14.00.00,16.0,972.0,83.0,912.0,88.0,882.0,89.0,1596.0,675.0,355.0,203.0,11586.0
25/06/2004,15.00.00,16.0,951.0,75.0,880.0,89.0,920.0,84.0,1539.0,637.0,359.0,188.0,10912.0
25/06/2004,16.00.00,21.0,1033.0,117.0,1038.0,127.0,802.0,111.0,1690.0,826.0,362.0,186.0,10945.0
25/06/2004,17.00.00,24.0,983.0,133.0,1094.0,149.0,817.0,115.0,1659.0,854.0,354.0,153.0,8613.0
25/06/2004,18.00.00,28.0,973.0,144.0,1128.0,170.0,813.0,127.0,1642.0,894.0,329.0,155.0,7649.0
25/06/2004,19.00.00,34.0,1083.0,179.0,1237.0,210.0,737.0,129.0,1786.0,1077.0,299.0,198.0,8211.0
25/06/2004,20.00.00,34.0,1062.0,159.0,1176.0,230.0,763.0,140.0,1743.0,1121.0,281.0,224.0,8394.0
25/06/2004,21.00.00,27.0,1011.0,142.0,1122.0,203.0,808.0,137.0,1680.0,1071.0,261.0,247.0,8233.0
25/06/2004,22.00.00,26.0,1054.0,138.0,1110.0,174.0,765.0,130.0,1670.0,1167.0,250.0,287.0,8944.0
25/06/2004,23.00.00,23.0,1013.0,117.0,1038.0,164.0,793.0,121.0,1598.0,1162.0,243.0,310.0,9268.0
26/06/2004,00.00.00,12.0,870.0,62.0,823.0,76.0,975.0,79.0,1398.0,848.0,240.0,312.0,9190.0
26/06/2004,01.00.00,1.0,857.0,51.0,769.0,52.0,1006.0,69.0,1390.0,759.0,224.0,349.0,9362.0
26/06/2004,02.00.00,9.0,835.0,45.0,739.0,47.0,1036.0,61.0,1382.0,694.0,212.0,376.0,9355.0
26/06/2004,03.00.00,11.0,844.0,49.0,759.0,42.0,1005.0,59.5,1409.0,848.0,195.0,423.0,9461.0
26/06/2004,04.00.00,7.5,763.0,25.0,622.0,37.0,1129.0,58.0,1321.0,689.0,212.0,394.0,9802.0
26/06/2004,05.00.00,4.0,769.0,23.0,606.0,41.0,1171.0,58.0,1314.0,610.0,195.0,424.0,9515.0
26/06/2004,06.00.00,9.0,891.0,55.0,790.0,74.0,960.0,70.0,1466.0,816.0,186.0,458.0,9723.0
26/06/2004,07.00.00,18.0,1037.0,104.0,993.0,168.0,779.0,104.0,1680.0,1158.0,197.0,441.0,10039.0
26/06/2004,08.00.00,22.0,1090.0,124.0,1065.0,176.0,728.0,109.0,1773.0,1228.0,219.0,394.0,10243.0
26/06/2004,09.00.00,24.0,1117.0,140.0,1118.0,184.0,716.0,129.0,1791.0,1323.0,245.0,343.0,10407.0
26/06/2004,10.00.00,23.0,1109.0,127.0,1074.0,187.0,761.0,144.0,1734.0,1274.0,300.0,256.0,10674.0
26/06/2004,11.00.00,16.0,961.0,90.0,939.0,118.0,912.0,101.0,1508.0,846.0,345.0,189.0,10168.0
26/06/2004,12.00.00,14.0,985.0,85.0,919.0,89.0,918.0,90.0,1540.0,737.0,363.0,175.0,10411.0
26/06/2004,13.00.00,14.0,960.0,82.0,909.0,70.0,910.0,86.0,1523.0,675.0,377.0,160.0,10231.0
26/06/2004,14.00.00,1.0,927.0,59.0,806.0,51.0,1013.0,69.0,1446.0,559.0,383.0,158.0,10465.0
26/06/2004,15.00.00,1.0,958.0,56.0,795.0,52.0,1002.0,65.0,1481.0,604.0,384.0,175.0,11609.0
26/06/2004,16.00.00,12.0,1019.0,67.0,842.0,70.0,935.0,73.0,1565.0,729.0,372.0,205.0,12813.0
26/06/2004,17.00.00,13.0,1010.0,61.0,816.0,80.0,955.0,73.0,1567.0,741.0,340.0,264.0,13781.0
26/06/2004,18.00.00,15.0,1030.0,67.0,844.0,90.0,917.0,78.0,1599.0,747.0,323.0,304.0,14450.0
26/06/2004,19.00.00,19.0,1100.0,92.0,946.0,111.0,827.0,98.0,1726.0,932.0,305.0,339.0,14564.0
26/06/2004,20.00.00,18.0,1079.0,82.0,909.0,107.0,861.0,99.0,1686.0,928.0,292.0,378.0,15098.0
26/06/2004,21.00.00,14.0,1036.0,70.0,859.0,73.0,900.0,83.0,1645.0,860.0,284.0,391.0,14881.0
26/06/2004,22.00.00,17.0,1085.0,95.0,959.0,75.0,827.0,88.0,1747.0,963.0,277.0,406.0,14828.0
26/06/2004,23.00.00,27.0,1214.0,151.0,1151.0,144.0,683.0,117.0,1938.0,1309.0,272.0,425.0,15069.0
27/06/2004,00.00.00,21.0,1127.0,117.0,1041.0,120.0,728.0,97.0,1830.0,1266.0,265.0,448.0,15280.0
27/06/2004,01.00.00,14.0,1038.0,93.0,950.0,71.0,776.0,75.0,1750.0,1181.0,255.0,476.0,15318.0
27/06/2004,02.00.00,1.0,948.0,64.0,829.0,40.0,873.0,53.0,1638.0,937.0,252.0,478.0,15076.0
27/06/2004,03.00.00,1.0,953.0,67.0,844.0,37.0,848.0,49.0,1685.0,995.0,232.0,537.0,15046.0
27/06/2004,04.00.00,8.0,869.0,42.0,723.0,34.0,975.0,45.0,1522.0,789.0,232.0,523.0,14668.0
27/06/2004,05.00.00,5.0,809.0,26.0,628.0,27.0,1127.0,42.0,1490.0,682.0,240.0,503.0,14811.0
27/06/2004,06.00.00,6.0,833.0,28.0,641.0,30.0,1088.0,44.0,1496.0,717.0,235.0,512.0,14634.0
27/06/2004,07.00.00,6.0,857.0,31.0,661.0,40.0,1083.0,50.0,1511.0,696.0,235.0,508.0,14520.0
27/06/2004,08.00.00,1.0,966.0,62.0,820.0,56.0,913.0,60.0,1634.0,807.0,247.0,476.0,14597.0
27/06/2004,09.00.00,16.0,1063.0,79.0,894.0,104.0,823.0,100.0,1688.0,1025.0,272.0,411.0,14611.0
27/06/2004,10.00.00,19.0,1110.0,105.0,996.0,121.0,782.0,111.0,1771.0,1090.0,310.0,324.0,14294.0
27/06/2004,11.00.00,17.0,1055.0,90.0,941.0,100.0,844.0,110.0,1648.0,932.0,352.0,248.0,13854.0
27/06/2004,12.00.00,11.0,939.0,63.0,828.0,59.0,991.0,74.0,1486.0,639.0,378.0,185.0,11977.0
27/06/2004,13.00.00,8.0,816.0,35.0,684.0,42.0,1195.0,56.0,1285.0,467.0,390.0,151.0,10424.0
27/06/2004,14.00.00,7.0,841.0,40.0,712.0,38.0,1175.0,50.0,1339.0,476.0,413.0,128.0,9933.0
27/06/2004,15.00.00,7.0,842.0,42.0,722.0,40.0,1163.0,54.0,1294.0,490.0,418.0,119.0,9476.0
27/06/2004,16.00.00,12.0,990.0,69.0,852.0,70.0,967.0,90.0,1488.0,669.0,422.0,142.0,11609.0
27/06/2004,17.00.00,16.0,1042.0,79.0,894.0,95.0,916.0,109.0,1537.0,800.0,414.0,155.0,12089.0
27/06/2004,18.00.00,16.0,1089.0,79.0,893.0,90.0,879.0,110.0,1609.0,791.0,389.0,214.0,14605.0
27/06/2004,19.00.00,17.0,1102.0,103.0,990.0,90.0,799.0,103.0,1685.0,849.0,343.0,260.0,13865.0
27/06/2004,20.00.00,2.0,1095.0,105.0,996.0,111.0,799.0,120.0,1695.0,934.0,327.0,277.0,13439.0
27/06/2004,21.00.00,23.0,1116.0,127.0,1075.0,135.0,761.0,134.0,1784.0,1081.0,305.0,304.0,13031.0
27/06/2004,22.00.00,24.0,1105.0,119.0,1046.0,146.0,777.0,137.0,1751.0,1102.0,290.0,336.0,13277.0
27/06/2004,23.00.00,17.0,1018.0,93.0,950.0,100.0,830.0,99.0,1636.0,914.0,282.0,366.0,13781.0
28/06/2004,00.00.00,12.0,991.0,79.0,896.0,69.0,857.0,78.0,1616.0,926.0,272.0,389.0,13821.0
28/06/2004,01.00.00,1.0,923.0,50.0,765.0,47.0,952.0,63.0,1508.0,786.0,267.0,400.0,13754.0
28/06/2004,02.00.00,6.0,874.0,34.0,679.0,26.0,1049.0,41.0,1444.0,619.0,260.0,412.0,13598.0
28/06/2004,03.00.00,5.0,846.0,32.0,662.0,25.0,1068.0,40.0,1464.0,633.0,228.0,501.0,13677.0
28/06/2004,04.00.00,4.0,838.0,27.0,632.0,24.0,1079.0,39.0,1438.0,634.0,240.0,466.0,13700.0
28/06/2004,05.00.00,5.0,827.0,31.0,656.0,55.0,1075.0,60.0,1447.0,722.0,240.0,464.0,13689.0
28/06/2004,06.00.00,7.0,901.0,50.0,763.0,47.0,984.0,54.0,1552.0,717.0,237.0,471.0,13602.0
28/06/2004,07.00.00,32.0,1291.0,207.0,1316.0,209.0,603.0,119.0,2172.0,1445.0,236.0,473.0,13634.0
28/06/2004,08.00.00,56.0,1441.0,324.0,1606.0,348.0,503.0,159.0,2568.0,1786.0,255.0,431.0,13891.0
28/06/2004,09.00.00,46.0,1363.0,242.0,1410.0,337.0,565.0,182.0,2199.0,1791.0,285.0,368.0,14128.0
28/06/2004,10.00.00,33.0,1218.0,166.0,1198.0,280.0,671.0,183.0,1907.0,1413.0,326.0,280.0,13566.0
28/06/2004,11.00.00,21.0,1132.0,132.0,1091.0,169.0,751.0,144.0,1795.0,1092.0,363.0,234.0,13902.0
28/06/2004,12.00.00,19.0,1103.0,123.0,1060.0,126.0,770.0,118.0,1748.0,940.0,375.0,215.0,13673.0
28/06/2004,13.00.00,19.0,1081.0,121.0,1053.0,108.0,770.0,106.0,1773.0,883.0,396.0,190.0,13447.0
28/06/2004,14.00.00,16.0,1079.0,111.0,1018.0,93.0,793.0,97.0,1739.0,850.0,401.0,193.0,14013.0
28/06/2004,15.00.00,2.0,1167.0,131.0,1087.0,112.0,741.0,129.0,1820.0,928.0,404.0,200.0,14854.0
28/06/2004,16.00.00,18.0,1148.0,116.0,1037.0,110.0,772.0,130.0,1720.0,835.0,399.0,201.0,14495.0
28/06/2004,17.00.00,29.0,1221.0,177.0,1230.0,188.0,670.0,163.0,1905.0,1157.0,391.0,196.0,13542.0
28/06/2004,18.00.00,34.0,1255.0,195.0,1283.0,203.0,640.0,160.0,2023.0,1232.0,370.0,219.0,13503.0
28/06/2004,19.00.00,31.0,1245.0,197.0,1287.0,167.0,635.0,140.0,2067.0,1288.0,339.0,268.0,13899.0
28/06/2004,20.00.00,25.0,1162.0,151.0,1151.0,116.0,687.0,115.0,1912.0,1143.0,319.0,306.0,14201.0
28/06/2004,21.00.00,18.0,1079.0,111.0,1020.0,89.0,754.0,92.0,1760.0,1014.0,297.0,339.0,13874.0
28/06/2004,22.00.00,18.0,1091.0,117.0,1038.0,103.0,744.0,99.0,1786.0,1088.0,286.0,368.0,14160.0
28/06/2004,23.00.00,2.0,1085.0,117.0,1039.0,100.0,745.0,96.0,1790.0,1092.0,278.0,387.0,14187.0
29/06/2004,00.00.00,15.0,1050.0,97.0,966.0,86.0,780.0,80.0,1748.0,1090.0,278.0,400.0,14691.0
29/06/2004,01.00.00,8.0,941.0,60.0,814.0,52.0,873.0,65.0,1592.0,979.0,275.0,413.0,14962.0
29/06/2004,02.00.00,4.0,891.0,39.0,705.0,27.0,980.0,46.0,1534.0,806.0,273.0,416.0,14906.0
29/06/2004,03.00.00,3.0,842.0,26.0,624.0,31.0,1080.0,51.5,1480.0,712.0,260.0,442.0,14657.0
29/06/2004,04.00.00,4.0,850.0,28.0,639.0,35.0,1048.0,57.0,1519.0,853.0,248.0,480.0,14857.0
29/06/2004,05.00.00,5.0,863.0,30.0,652.0,42.0,1055.0,54.0,1504.0,816.0,259.0,451.0,14889.0
29/06/2004,06.00.00,7.0,956.0,54.0,784.0,57.0,928.0,62.0,1634.0,934.0,253.0,476.0,15108.0
29/06/2004,07.00.00,34.0,1384.0,235.0,1391.0,228.0,552.0,102.0,2316.0,1548.0,247.0,495.0,15201.0
29/06/2004,08.00.00,57.0,1502.0,335.0,1631.0,350.0,459.0,140.0,2622.0,1858.0,271.0,431.0,15224.0
29/06/2004,09.00.00,32.0,1219.0,155.0,1163.0,232.0,642.0,121.0,1963.0,1410.0,283.0,398.0,15053.0
29/06/2004,10.00.00,27.0,1237.0,153.0,1157.0,206.0,663.0,132.0,1968.0,1334.0,324.0,323.0,15484.0
29/06/2004,11.00.00,21.0,1181.0,128.0,1078.0,159.0,706.0,122.0,1870.0,1140.0,354.0,278.0,15733.0
29/06/2004,12.00.00,28.0,1251.0,152.0,1154.0,184.0,682.0,148.0,1955.0,1111.0,355.0,274.0,15635.0
29/06/2004,13.00.00,25.0,1214.0,157.0,1170.0,136.0,681.0,133.0,1963.0,1054.0,378.0,244.0,15722.0
29/06/2004,14.00.00,21.0,1166.0,123.0,1062.0,124.0,726.0,130.0,1825.0,924.0,372.0,255.0,15914.0
29/06/2004,15.00.00,25.0,1226.0,153.0,1157.0,133.0,683.0,141.0,1912.0,1041.0,372.0,256.0,16014.0
29/06/2004,16.00.00,27.0,1265.0,176.0,1229.0,156.0,636.0,172.0,2040.0,1282.0,380.0,250.0,16312.0
29/06/2004,17.00.00,37.0,1317.0,215.0,1338.0,200.0,593.0,198.0,2132.0,1362.0,371.0,269.0,16635.0
29/06/2004,18.00.00,37.0,1372.0,232.0,1382.0,202.0,568.0,181.0,2268.0,1441.0,369.0,278.0,17099.0
29/06/2004,19.00.00,46.0,1443.0,256.0,1443.0,286.0,543.0,202.0,2332.0,1559.0,347.0,319.0,17325.0
29/06/2004,20.00.00,26.0,1200.0,143.0,1126.0,141.0,664.0,120.0,1979.0,1198.0,319.0,384.0,17897.0
29/06/2004,21.00.00,25.0,1216.0,144.0,1130.0,117.0,655.0,115.0,1994.0,1246.0,305.0,423.0,18173.0
29/06/2004,22.00.00,23.0,1160.0,126.0,1070.0,110.0,687.0,112.0,1929.0,1192.0,293.0,458.0,18362.0
29/06/2004,23.00.00,22.0,1194.0,137.0,1106.0,100.0,667.0,97.0,1985.0,1194.0,282.0,481.0,18144.0
30/06/2004,00.00.00,25.0,1199.0,131.0,1087.0,112.0,658.0,100.0,1954.0,1252.0,273.0,510.0,18287.0
30/06/2004,01.00.00,9.0,965.0,61.0,818.0,35.0,844.0,47.0,1681.0,777.0,268.0,524.0,18141.0
30/06/2004,02.00.00,8.0,961.0,58.0,801.0,33.0,850.0,44.0,1683.0,798.0,260.0,549.0,18141.0
30/06/2004,03.00.00,7.0,901.0,37.0,697.0,30.5,952.0,43.0,1586.0,800.0,268.0,519.0,18058.0
30/06/2004,04.00.00,5.0,864.0,26.0,629.0,28.0,1052.0,42.0,1558.0,728.0,269.0,518.0,18050.0
30/06/2004,05.00.00,7.0,952.0,46.0,742.0,49.0,892.0,57.0,1656.0,953.0,246.0,591.0,18013.0
30/06/2004,06.00.00,9.0,1009.0,74.0,875.0,81.0,797.0,61.0,1738.0,1060.0,264.0,531.0,17987.0
30/06/2004,07.00.00,22.0,1225.0,152.0,1155.0,178.0,643.0,106.0,1992.0,1338.0,273.0,464.0,16542.0
30/06/2004,08.00.00,28.0,1245.0,167.0,1202.0,223.0,628.0,136.0,2039.0,1622.0,284.0,404.0,15442.0
30/06/2004,09.00.00,29.0,1265.0,170.0,1209.0,290.0,638.0,157.0,2015.0,1812.0,308.0,371.0,16169.0
30/06/2004,10.00.00,29.0,1276.0,180.0,1241.0,274.0,642.0,171.0,2024.0,1784.0,342.0,307.0,16252.0
30/06/2004,11.00.00,3.0,1232.0,161.0,1183.0,278.0,675.0,190.0,1920.0,1509.0,370.0,265.0,16352.0
30/06/2004,12.00.00,25.0,1193.0,134.0,1097.0,152.0,698.0,155.0,1832.0,1139.0,366.0,278.0,16760.0
30/06/2004,13.00.00,23.0,1162.0,140.0,1117.0,118.0,700.0,139.0,1857.0,1044.0,369.0,269.0,16477.0
30/06/2004,14.00.00,21.0,1126.0,134.0,1097.0,141.0,723.0,152.0,1810.0,1015.0,393.0,222.0,15520.0
30/06/2004,15.00.00,19.0,1089.0,104.0,993.0,131.0,801.0,143.0,1675.0,825.0,385.0,224.0,15018.0
30/06/2004,16.00.00,23.0,1134.0,127.0,1073.0,171.0,747.0,168.0,1765.0,1022.0,397.0,204.0,14594.0
30/06/2004,17.00.00,42.0,1388.0,245.0,1418.0,287.0,568.0,226.0,2250.0,1913.0,388.0,242.0,16433.0
30/06/2004,18.00.00,49.0,1506.0,278.0,1499.0,267.0,506.0,207.0,2485.0,2043.0,335.0,380.0,19390.0
30/06/2004,19.00.00,49.0,1352.0,233.0,1385.0,280.0,563.0,197.0,2205.0,1661.0,340.0,329.0,17251.0
30/06/2004,20.00.00,35.0,1217.0,176.0,1227.0,224.0,641.0,158.0,2040.0,1404.0,319.0,337.0,15663.0
30/06/2004,21.00.00,25.0,1149.0,145.0,1132.0,137.0,688.0,124.0,1936.0,1233.0,302.0,376.0,15870.0
30/06/2004,22.00.00,25.0,1156.0,144.0,1129.0,118.0,688.0,110.0,1941.0,1181.0,289.0,410.0,16096.0
30/06/2004,23.00.00,26.0,1180.0,142.0,1122.0,128.0,678.0,112.0,1921.0,1272.0,278.0,452.0,16604.0
01/07/2004,00.00.00,23.0,1109.0,129.0,1080.0,111.0,696.0,102.0,1874.0,1190.0,271.0,474.0,16701.0
01/07/2004,01.00.00,15.0,1032.0,99.0,974.0,66.0,763.0,77.0,1800.0,982.0,262.0,494.0,16555.0
01/07/2004,02.00.00,9.0,893.0,51.0,767.0,36.0,918.0,50.0,1607.0,805.0,269.0,493.0,17196.0
01/07/2004,03.00.00,6.0,848.0,28.0,642.0,33.5,1079.0,45.0,1536.0,654.0,263.0,508.0,17058.0
01/07/2004,04.00.00,6.0,850.0,32.0,664.0,31.0,1038.0,40.0,1568.0,727.0,249.0,546.0,16908.0
01/07/2004,05.00.00,8.0,938.0,54.0,782.0,75.0,879.0,66.0,1685.0,1001.0,234.0,586.0,16651.0
01/07/2004,06.00.00,9.0,948.0,64.0,828.0,66.0,858.0,60.0,1711.0,994.0,244.0,552.0,16604.0
01/07/2004,07.00.00,24.0,1225.0,171.0,1214.0,154.0,625.0,85.0,2090.0,1322.0,251.0,543.0,17057.0
01/07/2004,08.00.00,39.0,1380.0,223.0,1359.0,239.0,538.0,120.0,2337.0,1617.0,266.0,512.0,17565.0
01/07/2004,09.00.00,29.0,1276.0,146.0,1138.0,246.0,628.0,134.0,2021.0,1430.0,282.0,471.0,17752.0
01/07/2004,10.00.00,27.0,1246.0,133.0,1093.0,261.0,667.0,149.0,1942.0,1357.0,316.0,394.0,17969.0
01/07/2004,11.00.00,2.0,1141.0,105.0,996.0,179.0,767.0,125.0,1805.0,994.0,342.0,318.0,16837.0
01/07/2004,12.00.00,24.0,1199.0,142.0,1124.0,159.0,680.0,132.0,1940.0,1054.0,366.0,271.0,16352.0
01/07/2004,13.00.00,2.0,1156.0,122.0,1056.0,111.0,710.0,114.0,1842.0,945.0,376.0,269.0,17150.0
01/07/2004,14.00.00,18.0,1158.0,101.0,983.0,101.0,751.0,110.0,1803.0,808.0,381.0,263.0,17213.0
01/07/2004,15.00.00,19.0,1163.0,117.0,1039.0,118.0,723.0,121.0,1814.0,888.0,378.0,269.0,17392.0
01/07/2004,16.00.00,18.0,1078.0,109.0,1009.0,120.0,767.0,127.0,1730.0,787.0,378.0,227.0,14653.0
01/07/2004,17.00.00,29.0,1244.0,173.0,1219.0,177.0,651.0,157.0,1949.0,1077.0,369.0,247.0,15134.0
01/07/2004,18.00.00,33.0,1236.0,180.0,1239.0,186.0,637.0,169.0,1986.0,1106.0,345.0,285.0,15310.0
01/07/2004,19.00.00,44.0,1364.0,229.0,1376.0,235.0,580.0,179.0,2168.0,1356.0,325.0,309.0,14875.0
01/07/2004,20.00.00,34.0,1193.0,165.0,1196.0,195.0,675.0,149.0,1888.0,1152.0,309.0,304.0,13380.0
01/07/2004,21.00.00,19.0,1078.0,102.0,985.0,106.0,778.0,111.0,1697.0,925.0,287.0,347.0,13457.0
01/07/2004,22.00.00,21.0,1140.0,116.0,1035.0,107.0,726.0,112.0,1779.0,1059.0,277.0,393.0,14372.0
01/07/2004,23.00.00,25.0,1239.0,143.0,1127.0,134.0,648.0,120.0,1930.0,1201.0,268.0,451.0,15645.0
02/07/2004,00.00.00,23.0,1171.0,133.0,1093.0,117.0,669.0,105.0,1862.0,1205.0,261.0,453.0,15115.0
02/07/2004,01.00.00,17.0,1065.0,100.0,977.0,83.0,736.0,90.0,1733.0,1103.0,259.0,461.0,15174.0
02/07/2004,02.00.00,15.0,1024.0,76.0,882.0,77.0,791.0,87.0,1662.0,1072.0,253.0,476.0,15130.0
02/07/2004,03.00.00,8.0,873.0,34.0,679.0,57.0,1010.0,70.5,1501.0,713.0,266.0,430.0,14773.0
02/07/2004,04.00.00,6.5,874.0,33.0,668.0,37.0,1043.0,54.0,1513.0,737.0,253.0,472.0,15025.0
02/07/2004,05.00.00,5.0,887.0,29.0,647.0,50.0,1046.0,61.0,1500.0,740.0,251.0,480.0,15115.0
02/07/2004,06.00.00,8.0,993.0,56.0,795.0,60.0,888.0,63.0,1629.0,770.0,248.0,506.0,15654.0
02/07/2004,07.00.00,26.0,1299.0,175.0,1225.0,179.0,620.0,102.0,2077.0,1327.0,257.0,497.0,16150.0
02/07/2004,08.00.00,49.0,1529.0,290.0,1526.0,300.0,476.0,149.0,2559.0,1763.0,274.0,455.0,16396.0
02/07/2004,09.00.00,29.0,1320.0,170.0,1210.0,263.0,595.0,147.0,2052.0,1477.0,293.0,400.0,16082.0
02/07/2004,10.00.00,28.0,1226.0,156.0,1168.0,265.0,650.0,158.0,1952.0,1311.0,336.0,287.0,14693.0
02/07/2004,11.00.00,18.0,1105.0,101.0,980.0,164.0,777.0,112.0,1745.0,980.0,346.0,277.0,14991.0
02/07/2004,12.00.00,18.0,1160.0,117.0,1040.0,122.0,720.0,108.0,1810.0,961.0,356.0,272.0,15557.0
02/07/2004,13.00.00,19.0,1125.0,120.0,1051.0,125.0,730.0,120.0,1771.0,923.0,369.0,233.0,14313.0
02/07/2004,14.00.00,17.0,1099.0,110.0,1015.0,125.0,763.0,117.0,1732.0,839.0,388.0,207.0,14036.0
02/07/2004,15.00.00,17.0,1124.0,112.0,1021.0,115.0,745.0,119.0,1735.0,827.0,381.0,226.0,14868.0
02/07/2004,16.00.00,19.0,1105.0,105.0,995.0,162.0,778.0,149.0,1681.0,821.0,371.0,230.0,14229.0
02/07/2004,17.00.00,21.0,1035.0,118.0,1043.0,149.0,804.0,174.0,1647.0,749.0,348.0,193.0,10543.0
02/07/2004,18.00.00,24.0,1065.0,138.0,1110.0,161.0,757.0,163.0,1691.0,871.0,336.0,207.0,10590.0
02/07/2004,19.00.00,3.0,1051.0,173.0,1220.0,201.0,739.0,161.0,1729.0,1077.0,314.0,185.0,8376.0
02/07/2004,20.00.00,28.0,1073.0,142.0,1124.0,209.0,752.0,154.0,1688.0,1175.0,295.0,238.0,9623.0
02/07/2004,21.00.00,19.0,1008.0,107.0,1004.0,133.0,817.0,124.0,1588.0,1125.0,274.0,271.0,9736.0
02/07/2004,22.00.00,21.0,1090.0,127.0,1073.0,133.0,745.0,122.0,1693.0,1124.0,261.0,311.0,10338.0
02/07/2004,23.00.00,18.0,1048.0,101.0,983.0,134.0,780.0,119.0,1643.0,1064.0,255.0,340.0,10935.0
03/07/2004,00.00.00,25.0,1131.0,131.0,1087.0,164.0,705.0,131.0,1738.0,1240.0,240.0,378.0,11125.0
03/07/2004,01.00.00,11.0,953.0,74.0,874.0,72.0,854.0,84.0,1528.0,899.0,242.0,373.0,11118.0
03/07/2004,02.00.00,7.0,897.0,46.0,745.0,50.0,968.0,77.0,1461.0,807.0,234.0,406.0,11571.0
03/07/2004,03.00.00,7.0,900.0,47.0,750.0,38.5,932.0,59.0,1494.0,817.0,218.0,466.0,11991.0
03/07/2004,04.00.00,4.0,828.0,28.0,639.0,27.0,1077.0,41.0,1371.0,573.0,226.0,430.0,11629.0
03/07/2004,05.00.00,7.0,892.0,45.0,739.0,74.0,964.0,68.0,1479.0,768.0,202.0,507.0,11844.0
03/07/2004,06.00.00,7.0,914.0,59.0,809.0,69.0,912.0,69.0,1530.0,807.0,205.0,493.0,11760.0
03/07/2004,07.00.00,18.0,1096.0,111.0,1017.0,162.0,722.0,101.0,1743.0,1204.0,214.0,480.0,12086.0
03/07/2004,08.00.00,23.0,1173.0,144.0,1130.0,208.0,648.0,120.0,1885.0,1401.0,232.0,439.0,12344.0
03/07/2004,09.00.00,19.0,1125.0,111.0,1016.0,168.0,712.0,124.0,1725.0,1256.0,253.0,407.0,12921.0
03/07/2004,10.00.00,17.0,1079.0,99.0,976.0,139.0,781.0,113.0,1669.0,999.0,299.0,311.0,12883.0
03/07/2004,11.00.00,13.0,974.0,88.0,930.0,104.0,872.0,97.0,1536.0,712.0,339.0,213.0,11067.0
03/07/2004,12.00.00,15.0,977.0,99.0,973.0,99.0,865.0,94.0,1550.0,712.0,363.0,160.0,9465.0
03/07/2004,13.00.00,13.0,912.0,74.0,873.0,89.0,946.0,86.0,1436.0,614.0,366.0,152.0,9177.0
03/07/2004,14.00.00,8.0,896.0,61.0,817.0,57.0,992.0,70.0,1426.0,554.0,374.0,158.0,9998.0
03/07/2004,15.00.00,8.0,896.0,62.0,822.0,64.0,1002.0,70.0,1391.0,722.0,379.0,150.0,9721.0
03/07/2004,16.00.00,11.0,956.0,71.0,862.0,65.0,930.0,82.0,1479.0,636.0,380.0,168.0,10933.0
03/07/2004,17.00.00,12.0,970.0,80.0,900.0,79.0,909.0,93.0,1524.0,664.0,369.0,175.0,10789.0
03/07/2004,18.00.00,12.0,929.0,73.0,869.0,80.0,942.0,89.0,1454.0,624.0,353.0,170.0,9561.0
03/07/2004,19.00.00,14.0,947.0,87.0,926.0,81.0,905.0,90.0,1484.0,659.0,319.0,204.0,9462.0
03/07/2004,20.00.00,11.0,1003.0,75.0,880.0,59.0,864.0,67.0,1537.0,695.0,291.0,296.0,11792.0
03/07/2004,21.00.00,15.0,1045.0,90.0,940.0,90.0,822.0,94.0,1658.0,920.0,274.0,334.0,12022.0
03/07/2004,22.00.00,2.0,1125.0,116.0,1035.0,122.0,728.0,109.0,1726.0,1150.0,267.0,358.0,12318.0
03/07/2004,23.00.00,19.0,1138.0,102.0,985.0,120.0,742.0,103.0,1710.0,1141.0,252.0,427.0,13473.0
04/07/2004,00.00.00,22.0,1217.0,123.0,1060.0,126.0,660.0,101.0,1840.0,1227.0,240.0,519.0,15252.0
04/07/2004,01.00.00,11.0,983.0,64.0,831.0,68.0,847.0,71.0,1585.0,887.0,245.0,444.0,13476.0
04/07/2004,02.00.00,11.0,1007.0,72.0,864.0,65.0,816.0,71.0,1639.0,987.0,226.0,510.0,13805.0
04/07/2004,03.00.00,8.0,957.0,61.0,816.0,51.5,846.0,60.0,1613.0,903.0,222.0,527.0,13891.0
04/07/2004,04.00.00,6.0,914.0,43.0,725.0,38.0,949.0,49.0,1550.0,780.0,212.0,568.0,14094.0
04/07/2004,05.00.00,6.0,886.0,38.0,702.0,31.0,971.0,43.0,1528.0,767.0,203.0,596.0,13994.0
04/07/2004,06.00.00,6.0,899.0,40.0,708.0,40.0,972.0,44.0,1559.0,780.0,213.0,567.0,14178.0
04/07/2004,07.00.00,6.0,942.0,42.0,723.0,36.0,968.0,42.0,1573.0,698.0,230.0,546.0,15177.0
04/07/2004,08.00.00,11.0,1022.0,61.0,817.0,64.0,835.0,69.0,1669.0,821.0,237.0,543.0,15731.0
04/07/2004,09.00.00,1.0,1009.0,60.0,810.0,56.0,859.0,65.0,1634.0,772.0,254.0,493.0,15732.0
04/07/2004,10.00.00,1.0,1025.0,59.0,809.0,56.0,877.0,68.0,1606.0,690.0,296.0,377.0,15440.0
04/07/2004,11.00.00,1.0,977.0,54.0,783.0,43.0,939.0,58.0,1543.0,586.0,339.0,262.0,13664.0
04/07/2004,12.00.00,8.0,936.0,49.0,757.0,40.0,1007.0,52.0,1459.0,523.0,358.0,224.0,12933.0
04/07/2004,13.00.00,7.0,884.0,39.0,703.0,34.0,1076.0,46.0,1394.0,488.0,379.0,188.0,12220.0
04/07/2004,14.00.00,4.0,809.0,32.0,664.0,28.0,1185.0,40.0,1270.0,427.0,385.0,148.0,9942.0
04/07/2004,15.00.00,5.0,852.0,41.0,718.0,32.0,1109.0,47.0,1307.0,468.0,393.0,145.0,10149.0
04/07/2004,16.00.00,6.0,872.0,40.0,708.0,39.0,1106.0,56.0,1331.0,489.0,389.0,156.0,10613.0
04/07/2004,17.00.00,7.0,839.0,48.0,752.0,52.0,1102.0,64.0,1298.0,515.0,379.0,127.0,8211.0
04/07/2004,18.00.00,9.0,854.0,55.0,788.0,60.0,1064.0,71.0,1310.0,562.0,358.0,134.0,7749.0
04/07/2004,19.00.00,16.0,971.0,91.0,942.0,104.0,900.0,103.0,1541.0,776.0,323.0,197.0,9345.0
04/07/2004,20.00.00,16.0,985.0,91.0,944.0,102.0,866.0,97.0,1541.0,833.0,301.0,235.0,9869.0
04/07/2004,21.00.00,17.0,1027.0,101.0,981.0,120.0,817.0,108.0,1631.0,1023.0,282.0,287.0,10806.0
04/07/2004,22.00.00,13.0,1012.0,74.0,876.0,89.0,853.0,87.0,1580.0,967.0,260.0,357.0,11842.0
04/07/2004,23.00.00,19.0,1086.0,99.0,973.0,121.0,766.0,104.0,1656.0,1089.0,253.0,392.0,12452.0
05/07/2004,00.00.00,15.0,1025.0,90.0,939.0,107.0,790.0,93.0,1635.0,1103.0,247.0,387.0,11845.0
05/07/2004,01.00.00,6.0,848.0,37.0,692.0,41.0,1034.0,55.0,1412.0,734.0,255.0,357.0,11499.0
05/07/2004,02.00.00,4.0,839.0,30.0,652.0,34.0,1075.0,49.0,1405.0,671.0,225.0,432.0,11589.0
05/07/2004,03.00.00,3.0,814.0,25.0,618.0,37.5,1097.0,52.5,1400.0,696.0,216.0,461.0,11761.0
05/07/2004,04.00.00,3.5,816.0,26.0,624.0,41.0,1073.0,56.0,1422.0,729.0,197.0,514.0,11688.0
05/07/2004,05.00.00,4.0,799.0,24.0,613.0,38.0,1120.0,43.0,1387.0,641.0,216.0,457.0,11665.0
05/07/2004,06.00.00,7.0,879.0,56.0,792.0,59.0,906.0,57.0,1521.0,825.0,211.0,473.0,11654.0
05/07/2004,07.00.00,2.0,1104.0,143.0,1125.0,165.0,697.0,80.0,1815.0,1179.0,216.0,441.0,11269.0
05/07/2004,08.00.00,39.0,1344.0,277.0,1496.0,287.0,519.0,134.0,2311.0,1651.0,237.0,379.0,10988.0
05/07/2004,09.00.00,36.0,1226.0,191.0,1272.0,317.0,632.0,157.0,1901.0,1474.0,260.0,301.0,9953.0
05/07/2004,10.00.00,32.0,1157.0,159.0,1176.0,330.0,691.0,175.0,1779.0,1370.0,306.0,232.0,10010.0
05/07/2004,11.00.00,22.0,1059.0,123.0,1060.0,204.0,798.0,147.0,1638.0,1141.0,341.0,191.0,10048.0
05/07/2004,12.00.00,22.0,1076.0,122.0,1057.0,189.0,778.0,140.0,1633.0,1076.0,362.0,180.0,10636.0
05/07/2004,13.00.00,21.0,1066.0,117.0,1041.0,165.0,783.0,137.0,1641.0,1036.0,374.0,173.0,10914.0
05/07/2004,14.00.00,18.0,1049.0,104.0,994.0,139.0,813.0,123.0,1580.0,881.0,395.0,156.0,11020.0
05/07/2004,15.00.00,2.0,1097.0,127.0,1074.0,156.0,776.0,138.0,1671.0,960.0,404.0,149.0,11033.0
05/07/2004,16.00.00,18.0,1087.0,111.0,1018.0,130.0,791.0,132.0,1624.0,883.0,401.0,161.0,11699.0
05/07/2004,17.00.00,3.0,1269.0,190.0,1269.0,173.0,633.0,174.0,1942.0,1221.0,393.0,189.0,13251.0
05/07/2004,18.00.00,43.0,1328.0,241.0,1405.0,302.0,584.0,203.0,2072.0,1518.0,373.0,199.0,12437.0
05/07/2004,19.00.00,35.0,1200.0,191.0,1270.0,239.0,654.0,176.0,1906.0,1264.0,336.0,229.0,11747.0
05/07/2004,20.00.00,25.0,1098.0,136.0,1105.0,139.0,732.0,125.0,1768.0,1061.0,307.0,289.0,12501.0
05/07/2004,21.00.00,18.0,1058.0,107.0,1004.0,92.0,776.0,98.0,1684.0,947.0,288.0,328.0,12776.0
05/07/2004,22.00.00,19.0,1081.0,113.0,1025.0,104.0,738.0,103.0,1757.0,1059.0,273.0,368.0,13207.0
05/07/2004,23.00.00,19.0,1062.0,96.0,962.0,108.0,776.0,104.0,1674.0,1030.0,262.0,397.0,13249.0
06/07/2004,00.00.00,19.0,1078.0,98.0,971.0,107.0,752.0,105.0,1694.0,1065.0,254.0,430.0,13700.0
06/07/2004,01.00.00,9.0,917.0,49.0,761.0,55.0,931.0,75.0,1497.0,893.0,258.0,410.0,13461.0
06/07/2004,02.00.00,7.0,881.0,41.0,718.0,43.0,965.0,60.0,1510.0,837.0,233.0,484.0,13677.0
06/07/2004,03.00.00,6.0,865.0,33.0,671.0,33.0,1012.0,48.0,1477.0,807.0,235.0,478.0,13607.0
06/07/2004,04.00.00,4.0,829.0,22.0,602.0,23.0,1123.0,36.0,1410.0,596.0,235.0,467.0,13361.0
06/07/2004,05.00.00,7.0,913.0,46.0,743.0,65.0,931.0,66.0,1540.0,884.0,218.0,523.0,13539.0
06/07/2004,06.00.00,16.0,1077.0,102.0,985.0,165.0,742.0,97.0,1780.0,1170.0,218.0,525.0,13529.0
06/07/2004,07.00.00,38.0,1337.0,233.0,1386.0,274.0,565.0,115.0,2196.0,1596.0,229.0,491.0,13546.0
06/07/2004,08.00.00,51.0,1467.0,310.0,1575.0,369.0,472.0,145.0,2460.0,1873.0,249.0,433.0,13422.0
06/07/2004,09.00.00,34.0,1257.0,176.0,1227.0,308.0,611.0,162.0,1954.0,1608.0,267.0,394.0,13556.0
06/07/2004,10.00.00,26.0,1227.0,143.0,1125.0,227.0,675.0,147.0,1835.0,1470.0,305.0,329.0,14135.0
06/07/2004,11.00.00,22.0,1188.0,137.0,1108.0,178.0,693.0,132.0,1818.0,1275.0,342.0,272.0,14404.0
06/07/2004,12.00.00,34.0,1301.0,193.0,1276.0,267.0,631.0,179.0,1953.0,1407.0,382.0,209.0,13701.0
06/07/2004,13.00.00,34.0,1201.0,193.0,1278.0,278.0,657.0,174.0,1892.0,1302.0,396.0,169.0,12028.0
06/07/2004,14.00.00,18.0,1058.0,113.0,1026.0,165.0,794.0,132.0,1622.0,931.0,399.0,158.0,11410.0
06/07/2004,15.00.00,2.0,1037.0,127.0,1075.0,172.0,789.0,151.0,1604.0,917.0,402.0,139.0,10200.0
06/07/2004,16.00.00,24.0,1055.0,153.0,1157.0,216.0,762.0,168.0,1674.0,985.0,396.0,132.0,9332.0
06/07/2004,17.00.00,38.0,1179.0,225.0,1364.0,306.0,661.0,192.0,1845.0,1265.0,395.0,126.0,8894.0
06/07/2004,18.00.00,44.0,1298.0,250.0,1430.0,317.0,632.0,194.0,1946.0,2475.0,379.0,139.0,9015.0
06/07/2004,19.00.00,39.0,1213.0,211.0,1327.0,251.0,654.0,155.0,1864.0,2021.0,342.0,179.0,9444.0
06/07/2004,20.00.00,4.0,1233.0,238.0,1398.0,230.0,613.0,159.0,1975.0,1834.0,326.0,206.0,9939.0
06/07/2004,21.00.00,25.0,1086.0,149.0,1145.0,154.0,737.0,125.0,1717.0,1426.0,304.0,232.0,9889.0
06/07/2004,22.00.00,21.0,1056.0,128.0,1078.0,137.0,765.0,108.0,1668.0,1272.0,288.0,251.0,9793.0
06/07/2004,23.00.00,24.0,1138.0,143.0,1128.0,133.0,681.0,110.0,1737.0,1490.0,278.0,299.0,11018.0
07/07/2004,00.00.00,21.0,1112.0,143.0,1128.0,117.0,675.0,99.0,1771.0,1440.0,269.0,326.0,11381.0
07/07/2004,01.00.00,16.0,992.0,92.0,948.0,106.0,773.0,95.0,1609.0,1271.0,263.0,337.0,11377.0
07/07/2004,02.00.00,8.0,895.0,51.0,767.0,55.0,931.0,69.0,1463.0,985.0,257.0,339.0,11065.0
07/07/2004,03.00.00,5.0,843.0,30.0,655.0,41.0,1046.0,57.0,1377.0,826.0,248.0,360.0,11109.0
07/07/2004,04.00.00,4.0,828.0,26.0,626.0,27.0,1073.0,45.0,1362.0,754.0,255.0,346.0,11096.0
07/07/2004,05.00.00,5.0,894.0,40.0,709.0,46.0,997.0,53.0,1432.0,853.0,240.0,378.0,11077.0
07/07/2004,06.00.00,13.0,1072.0,99.0,976.0,144.0,740.0,88.0,1673.0,1340.0,239.0,393.0,11522.0
07/07/2004,07.00.00,41.0,1425.0,273.0,1486.0,392.0,512.0,136.0,2305.0,1869.0,248.0,384.0,11808.0
07/07/2004,08.00.00,41.0,1428.0,279.0,1500.0,358.0,496.0,141.0,2275.0,2021.0,269.0,344.0,12036.0
07/07/2004,09.00.00,4.0,1359.0,245.0,1415.0,381.0,572.0,189.0,2081.0,1902.0,296.0,287.0,11706.0
07/07/2004,10.00.00,22.0,1182.0,142.0,1122.0,261.0,730.0,166.0,1707.0,1527.0,346.0,211.0,11398.0
07/07/2004,11.00.00,2.0,1117.0,119.0,1045.0,207.0,761.0,154.0,1623.0,1260.0,383.0,170.0,11216.0
07/07/2004,12.00.00,2.0,1119.0,131.0,1088.0,155.0,741.0,149.0,1640.0,1124.0,404.0,145.0,10736.0
07/07/2004,13.00.00,22.0,1068.0,151.0,1152.0,193.0,739.0,142.0,1683.0,1309.0,426.0,96.0,8012.0
07/07/2004,14.00.00,22.0,1090.0,141.0,1120.0,195.0,743.0,130.0,1629.0,1283.0,425.0,102.0,8478.0
07/07/2004,15.00.00,18.0,1056.0,113.0,1024.0,159.0,792.0,121.0,1555.0,1068.0,410.0,116.0,8872.0
07/07/2004,16.00.00,18.0,1098.0,108.0,1007.0,120.0,799.0,116.0,1546.0,937.0,413.0,130.0,10154.0
07/07/2004,17.00.00,33.0,1318.0,215.0,1339.0,228.0,635.0,177.0,1925.0,1416.0,392.0,145.0,10106.0
07/07/2004,18.00.00,43.0,1348.0,218.0,1347.0,348.0,599.0,233.0,1903.0,1611.0,369.0,179.0,10960.0
07/07/2004,19.00.00,53.0,1502.0,298.0,1546.0,337.0,538.0,223.0,2199.0,1919.0,356.0,204.0,11646.0
07/07/2004,20.00.00,43.0,1373.0,225.0,1364.0,282.0,597.0,184.0,2005.0,1745.0,337.0,226.0,11658.0
07/07/2004,21.00.00,36.0,1397.0,218.0,1346.0,228.0,580.0,165.0,2017.0,1837.0,315.0,278.0,12671.0
07/07/2004,22.00.00,24.0,1286.0,171.0,1214.0,168.0,620.0,132.0,1880.0,1759.0,311.0,293.0,13055.0
07/07/2004,23.00.00,21.0,1222.0,154.0,1161.0,173.0,661.0,122.0,1827.0,1593.0,302.0,309.0,13026.0
08/07/2004,00.00.00,12.0,1069.0,102.0,983.0,87.0,749.0,88.0,1627.0,1357.0,298.0,302.0,12502.0
08/07/2004,01.00.00,9.0,1011.0,72.0,864.0,65.0,809.0,79.0,1532.0,1231.0,284.0,325.0,12361.0
08/07/2004,02.00.00,6.0,962.0,58.0,803.0,43.0,853.0,60.0,1507.0,1066.0,275.0,340.0,12310.0
08/07/2004,03.00.00,5.0,919.0,42.0,723.0,43.0,910.0,60.0,1443.0,992.0,268.0,353.0,12243.0
08/07/2004,04.00.00,5.5,969.0,51.0,769.0,43.0,866.0,60.0,1485.0,1063.0,245.0,404.0,12251.0
08/07/2004,05.00.00,6.0,986.0,54.0,784.0,66.0,839.0,74.0,1503.0,1204.0,256.0,388.0,12545.0
08/07/2004,06.00.00,6.0,990.0,62.0,821.0,57.0,848.0,62.0,1511.0,1079.0,275.0,346.0,12518.0
08/07/2004,07.00.00,22.0,1296.0,169.0,1208.0,231.0,603.0,115.0,1914.0,1593.0,259.0,374.0,12289.0
08/07/2004,08.00.00,32.0,1371.0,232.0,1384.0,219.0,545.0,119.0,2082.0,1745.0,285.0,325.0,12441.0
08/07/2004,09.00.00,3.0,1385.0,180.0,1240.0,288.0,596.0,155.0,1919.0,1847.0,295.0,327.0,13229.0
08/07/2004,10.00.00,27.0,1381.0,176.0,1227.0,312.0,595.0,162.0,1903.0,1845.0,298.0,331.0,13693.0
08/07/2004,11.00.00,32.0,1396.0,203.0,1306.0,361.0,587.0,189.0,1934.0,1886.0,334.0,268.0,13586.0
08/07/2004,12.00.00,14.0,1070.0,106.0,1000.0,147.0,801.0,115.0,1538.0,1039.0,403.0,158.0,11604.0
08/07/2004,13.00.00,13.0,1076.0,99.0,972.0,111.0,819.0,109.0,1525.0,923.0,418.0,150.0,11989.0
08/07/2004,14.00.00,14.0,1126.0,107.0,1004.0,98.0,788.0,108.0,1609.0,926.0,411.0,157.0,12071.0
08/07/2004,15.00.00,21.0,1225.0,165.0,1196.0,156.0,673.0,145.0,1775.0,1277.0,419.0,148.0,11944.0
08/07/2004,16.00.00,24.0,1202.0,169.0,1206.0,213.0,671.0,167.0,1807.0,1301.0,409.0,146.0,11140.0
08/07/2004,17.00.00,31.0,1308.0,205.0,1310.0,250.0,628.0,200.0,1891.0,1385.0,391.0,169.0,11705.0
08/07/2004,18.00.00,35.0,1440.0,194.0,1281.0,253.0,580.0,178.0,2021.0,1474.0,364.0,273.0,16308.0
08/07/2004,19.00.00,51.0,1611.0,300.0,1552.0,317.0,487.0,206.0,2371.0,1948.0,349.0,293.0,16110.0
08/07/2004,20.00.00,45.0,1387.0,246.0,1419.0,309.0,559.0,192.0,2113.0,1677.0,336.0,264.0,13515.0
08/07/2004,21.00.00,29.0,1268.0,169.0,1206.0,201.0,648.0,137.0,1900.0,1434.0,322.0,276.0,13044.0
08/07/2004,22.00.00,26.0,1237.0,158.0,1175.0,173.0,660.0,128.0,1834.0,1424.0,305.0,297.0,12742.0
08/07/2004,23.00.00,27.0,1302.0,166.0,1198.0,156.0,628.0,121.0,1934.0,1504.0,294.0,356.0,14383.0
09/07/2004,00.00.00,32.0,1347.0,195.0,1282.0,190.0,575.0,136.0,1996.0,1661.0,291.0,348.0,13800.0
09/07/2004,01.00.00,23.0,1355.0,166.0,1198.0,129.0,564.0,109.0,1905.0,1714.0,277.0,419.0,15370.0
09/07/2004,02.00.00,1.0,1023.0,62.0,822.0,65.0,823.0,74.0,1585.0,1050.0,279.0,416.0,15425.0
09/07/2004,03.00.00,5.0,903.0,27.0,631.0,47.0,1070.0,57.0,1458.0,550.0,278.0,437.0,16039.0
09/07/2004,04.00.00,4.0,876.0,23.0,605.0,29.0,1144.0,40.0,1432.0,456.0,274.0,422.0,15177.0
09/07/2004,05.00.00,6.0,932.0,39.0,707.0,58.0,1011.0,61.0,1509.0,554.0,266.0,428.0,14713.0
09/07/2004,06.00.00,1.0,1020.0,72.0,866.0,92.0,847.0,83.0,1636.0,744.0,269.0,403.0,14041.0
09/07/2004,07.00.00,29.0,1264.0,181.0,1241.0,228.0,609.0,129.0,1989.0,1280.0,270.0,373.0,13081.0
09/07/2004,08.00.00,27.0,1179.0,151.0,1153.0,172.0,654.0,122.0,1877.0,1096.0,270.0,353.0,12396.0
09/07/2004,09.00.00,18.0,1079.0,97.0,966.0,154.0,785.0,115.0,1640.0,927.0,274.0,320.0,11545.0
09/07/2004,10.00.00,18.0,1036.0,94.0,955.0,166.0,829.0,130.0,1527.0,840.0,305.0,247.0,10592.0
09/07/2004,11.00.00,17.0,1002.0,96.0,964.0,149.0,828.0,137.0,1546.0,786.0,329.0,201.0,9902.0
09/07/2004,12.00.00,15.0,995.0,95.0,959.0,111.0,856.0,116.0,1544.0,690.0,339.0,184.0,9587.0
09/07/2004,13.00.00,17.0,1008.0,96.0,962.0,145.0,845.0,129.0,1545.0,742.0,344.0,193.0,10325.0
09/07/2004,14.00.00,13.0,978.0,96.0,962.0,105.0,846.0,117.0,1527.0,680.0,342.0,196.0,10399.0
09/07/2004,15.00.00,15.0,989.0,103.0,990.0,113.0,822.0,138.0,1577.0,705.0,332.0,204.0,10195.0
09/07/2004,16.00.00,15.0,961.0,102.0,985.0,115.0,845.0,139.0,1554.0,677.0,324.0,191.0,9150.0
09/07/2004,17.00.00,23.0,1009.0,140.0,1116.0,202.0,779.0,180.0,1602.0,877.0,322.0,171.0,8124.0
09/07/2004,18.00.00,22.0,970.0,140.0,1117.0,180.0,786.0,162.0,1579.0,844.0,310.0,171.0,7526.0
09/07/2004,19.00.00,28.0,1097.0,166.0,1199.0,190.0,699.0,158.0,1738.0,1006.0,283.0,249.0,9412.0
09/07/2004,20.00.00,27.0,1065.0,136.0,1105.0,207.0,723.0,162.0,1672.0,987.0,266.0,302.0,10330.0
09/07/2004,21.00.00,17.0,1036.0,102.0,986.0,113.0,776.0,112.0,1614.0,868.0,248.0,368.0,11357.0
09/07/2004,22.00.00,15.0,1049.0,95.0,958.0,98.0,794.0,104.0,1648.0,861.0,237.0,434.0,12495.0
09/07/2004,23.00.00,23.0,1147.0,118.0,1043.0,152.0,727.0,125.0,1719.0,1042.0,230.0,462.0,12815.0
10/07/2004,00.00.00,23.0,1118.0,130.0,1082.0,161.0,694.0,127.0,1792.0,1080.0,227.0,477.0,12977.0
10/07/2004,01.00.00,15.0,1016.0,96.0,963.0,91.0,776.0,95.0,1661.0,811.0,222.0,495.0,13081.0
10/07/2004,02.00.00,1.0,940.0,67.0,845.0,57.0,845.0,70.0,1539.0,704.0,216.0,519.0,13254.0
10/07/2004,03.00.00,5.0,836.0,29.0,643.0,39.5,1114.0,51.5,1405.0,522.0,223.0,504.0,13379.0
10/07/2004,04.00.00,3.0,831.0,26.0,626.0,22.0,1126.0,33.0,1406.0,484.0,224.0,497.0,13333.0
10/07/2004,05.00.00,4.0,877.0,40.0,711.0,41.0,1018.0,45.0,1475.0,580.0,217.0,520.0,13313.0
10/07/2004,06.00.00,5.0,872.0,43.0,725.0,53.0,976.0,56.0,1471.0,668.0,211.0,532.0,13181.0
10/07/2004,07.00.00,9.0,958.0,59.0,805.0,92.0,886.0,74.0,1551.0,835.0,220.0,510.0,13296.0
10/07/2004,08.00.00,11.0,959.0,68.0,848.0,91.0,859.0,84.0,1572.0,739.0,250.0,416.0,13010.0
10/07/2004,09.00.00,14.0,997.0,88.0,933.0,89.0,799.0,93.0,1612.0,763.0,267.0,364.0,12596.0
10/07/2004,10.00.00,11.0,916.0,67.0,843.0,81.0,891.0,97.0,1511.0,614.0,291.0,297.0,11751.0
10/07/2004,11.00.00,9.0,895.0,64.0,831.0,66.0,946.0,83.0,1473.0,566.0,312.0,234.0,10487.0
10/07/2004,12.00.00,8.0,855.0,60.0,812.0,53.0,982.0,71.0,1416.0,508.0,324.0,205.0,9806.0
10/07/2004,13.00.00,8.0,861.0,60.0,811.0,61.0,997.0,78.0,1409.0,509.0,333.0,192.0,9634.0
10/07/2004,14.00.00,6.0,821.0,50.0,766.0,48.0,1071.0,62.0,1323.0,457.0,331.0,168.0,8391.0
10/07/2004,15.00.00,6.0,835.0,44.0,731.0,39.0,1108.0,54.0,1323.0,438.0,331.0,183.0,9081.0
10/07/2004,16.00.00,5.0,813.0,44.0,732.0,41.0,1118.0,59.0,1303.0,427.0,324.0,180.0,8599.0
10/07/2004,17.00.00,7.0,833.0,55.0,786.0,48.0,1064.0,69.0,1328.0,453.0,318.0,187.0,8624.0
10/07/2004,18.00.00,8.0,859.0,58.0,803.0,50.0,1032.0,67.0,1363.0,479.0,303.0,214.0,9064.0
10/07/2004,19.00.00,9.0,887.0,53.0,778.0,51.0,978.0,58.0,1387.0,500.0,272.0,282.0,10013.0
10/07/2004,20.00.00,13.0,970.0,80.0,900.0,70.0,856.0,77.0,1559.0,647.0,261.0,337.0,11228.0
10/07/2004,21.00.00,13.0,990.0,72.0,866.0,89.0,866.0,94.0,1551.0,728.0,247.0,388.0,11929.0
10/07/2004,22.00.00,14.0,1022.0,80.0,899.0,100.0,846.0,97.0,1588.0,820.0,234.0,432.0,12290.0
10/07/2004,23.00.00,19.0,1075.0,104.0,993.0,139.0,781.0,110.0,1682.0,946.0,231.0,442.0,12317.0
11/07/2004,00.00.00,23.0,1088.0,116.0,1035.0,176.0,751.0,116.0,1713.0,1018.0,227.0,453.0,12299.0
11/07/2004,01.00.00,1.0,925.0,64.0,831.0,71.0,880.0,74.0,1513.0,789.0,216.0,475.0,12118.0
11/07/2004,02.00.00,5.0,853.0,41.0,716.0,37.0,994.0,51.0,1423.0,647.0,220.0,458.0,11965.0
11/07/2004,03.00.00,1.0,918.0,64.0,830.0,33.5,875.0,45.5,1548.0,785.0,204.0,513.0,12131.0
11/07/2004,04.00.00,4.0,796.0,27.0,636.0,30.0,1092.0,40.0,1387.0,576.0,206.0,503.0,12041.0
11/07/2004,05.00.00,3.0,796.0,26.0,628.0,29.0,1136.0,36.0,1385.0,555.0,206.0,506.0,12119.0
11/07/2004,06.00.00,2.0,795.0,23.0,606.0,25.0,1152.0,35.0,1369.0,552.0,213.0,488.0,12189.0
11/07/2004,07.00.00,4.0,842.0,31.0,656.0,40.0,1080.0,48.0,1427.0,620.0,204.0,526.0,12470.0
11/07/2004,08.00.00,3.0,850.0,31.0,659.0,32.0,1077.0,38.0,1402.0,557.0,235.0,440.0,12596.0
11/07/2004,09.00.00,6.0,884.0,40.0,709.0,43.0,1027.0,54.0,1442.0,556.0,257.0,379.0,12334.0
11/07/2004,10.00.00,6.0,907.0,46.0,741.0,44.0,983.0,57.0,1486.0,573.0,279.0,336.0,12433.0
11/07/2004,11.00.00,6.0,846.0,39.0,703.0,35.0,1034.0,54.0,1380.0,514.0,290.0,283.0,11116.0
11/07/2004,12.00.00,5.0,827.0,38.0,697.0,32.0,1070.0,46.0,1371.0,478.0,295.0,259.0,10489.0
11/07/2004,13.00.00,4.0,804.0,28.0,636.0,21.0,1185.0,36.0,1321.0,424.0,318.0,223.0,10366.0
11/07/2004,14.00.00,2.0,775.0,25.0,619.0,10.0,1254.0,19.0,1272.0,386.0,322.0,200.0,9488.0
11/07/2004,15.00.00,4.0,802.0,30.0,651.0,22.0,1206.0,34.0,1282.0,403.0,324.0,193.0,9220.0
11/07/2004,16.00.00,6.0,844.0,47.0,751.0,46.0,1064.0,63.0,1327.0,462.0,330.0,177.0,8758.0
11/07/2004,17.00.00,9.0,881.0,50.0,765.0,66.0,1029.0,86.0,1359.0,489.0,320.0,198.0,9273.0
11/07/2004,18.00.00,7.0,877.0,45.0,736.0,49.0,1077.0,65.0,1347.0,463.0,296.0,241.0,9831.0
11/07/2004,19.00.00,12.0,931.0,77.0,885.0,86.0,892.0,101.0,1467.0,585.0,269.0,271.0,9480.0
11/07/2004,20.00.00,16.0,1011.0,97.0,967.0,111.0,818.0,116.0,1565.0,748.0,253.0,309.0,9815.0
11/07/2004,21.00.00,18.0,1035.0,110.0,1015.0,143.0,757.0,124.0,1651.0,940.0,242.0,359.0,10684.0
11/07/2004,22.00.00,24.0,1153.0,118.0,1042.0,184.0,733.0,136.0,1700.0,1022.0,232.0,432.0,12104.0
11/07/2004,23.00.00,15.0,1020.0,87.0,929.0,134.0,805.0,108.0,1615.0,929.0,227.0,439.0,11962.0
12/07/2004,00.00.00,9.0,954.0,75.0,879.0,78.0,837.0,82.0,1550.0,834.0,216.0,440.0,11244.0
12/07/2004,01.00.00,8.0,903.0,57.0,800.0,50.0,911.0,68.0,1478.0,751.0,207.0,464.0,11198.0
12/07/2004,02.00.00,2.0,779.0,20.0,581.0,13.0,1204.0,22.0,1323.0,505.0,212.0,462.0,11482.0
12/07/2004,03.00.00,1.0,761.0,14.0,540.0,18.5,1269.0,28.0,1303.0,486.0,227.0,423.0,11491.0
12/07/2004,04.00.00,3.0,780.0,18.0,568.0,24.0,1200.0,34.0,1331.0,501.0,199.0,513.0,11803.0
12/07/2004,05.00.00,5.0,835.0,33.0,672.0,43.0,1053.0,43.0,1423.0,628.0,200.0,518.0,11967.0
12/07/2004,06.00.00,14.0,1004.0,94.0,955.0,146.0,758.0,84.0,1671.0,1043.0,185.0,574.0,12076.0
12/07/2004,07.00.00,33.0,1272.0,211.0,1328.0,333.0,567.0,108.0,2085.0,1463.0,196.0,543.0,12278.0
12/07/2004,08.00.00,36.0,1173.0,172.0,1217.0,298.0,625.0,112.0,1945.0,1358.0,213.0,497.0,12452.0
12/07/2004,09.00.00,17.0,986.0,85.0,922.0,178.0,820.0,104.0,1586.0,971.0,217.0,463.0,11867.0
12/07/2004,10.00.00,15.0,942.0,68.0,849.0,177.0,907.0,107.0,1496.0,894.0,234.0,394.0,11172.0
12/07/2004,11.00.00,16.0,957.0,74.0,875.0,172.0,891.0,102.0,1525.0,871.0,257.0,330.0,10763.0
12/07/2004,12.00.00,21.0,1024.0,121.0,1052.0,183.0,779.0,104.0,1690.0,952.0,285.0,273.0,10479.0
12/07/2004,13.00.00,21.0,962.0,96.0,963.0,164.0,835.0,96.0,1592.0,843.0,270.0,279.0,9812.0
12/07/2004,14.00.00,16.0,958.0,74.0,873.0,122.0,868.0,80.0,1550.0,750.0,242.0,369.0,10966.0
12/07/2004,15.00.00,13.0,933.0,64.0,831.0,105.0,888.0,72.0,1514.0,710.0,260.0,349.0,11509.0
12/07/2004,16.00.00,16.0,942.0,83.0,912.0,144.0,842.0,106.0,1551.0,814.0,248.0,331.0,10222.0
12/07/2004,17.00.00,31.0,1073.0,140.0,1117.0,220.0,693.0,119.0,1762.0,1052.0,240.0,363.0,10708.0
12/07/2004,18.00.00,33.0,1086.0,153.0,1159.0,207.0,686.0,119.0,1782.0,1060.0,236.0,355.0,10187.0
12/07/2004,19.00.00,34.0,1091.0,154.0,1161.0,210.0,682.0,128.0,1797.0,1153.0,236.0,357.0,10282.0
12/07/2004,20.00.00,28.0,980.0,109.0,1009.0,175.0,786.0,112.0,1625.0,986.0,233.0,345.0,9768.0
12/07/2004,21.00.00,15.0,904.0,75.0,877.0,117.0,890.0,95.0,1488.0,781.0,225.0,368.0,9880.0
12/07/2004,22.00.00,13.0,865.0,52.0,773.0,93.0,991.0,85.0,1414.0,653.0,213.0,387.0,9686.0
12/07/2004,23.00.00,16.0,898.0,71.0,863.0,118.0,911.0,101.0,1493.0,777.0,209.0,394.0,9596.0
13/07/2004,00.00.00,15.0,945.0,76.0,883.0,132.0,837.0,94.0,1563.0,1015.0,198.0,477.0,10930.0
13/07/2004,01.00.00,1.0,854.0,50.0,764.0,88.0,932.0,76.0,1476.0,922.0,193.0,514.0,11387.0
13/07/2004,02.00.00,5.0,751.0,20.0,587.0,43.0,1165.0,50.0,1353.0,678.0,184.0,534.0,11170.0
13/07/2004,03.00.00,4.0,723.0,15.0,544.0,43.5,1274.0,50.5,1315.0,584.0,188.0,511.0,11000.0
13/07/2004,04.00.00,6.0,754.0,25.0,620.0,44.0,1102.0,51.0,1372.0,725.0,163.0,598.0,11042.0
13/07/2004,05.00.00,7.0,758.0,33.0,670.0,50.0,1070.0,42.0,1365.0,688.0,166.0,568.0,10629.0
13/07/2004,06.00.00,13.0,873.0,73.0,871.0,101.0,871.0,62.0,1528.0,887.0,162.0,574.0,10515.0
13/07/2004,07.00.00,4.0,1176.0,238.0,1398.0,339.0,567.0,111.0,2120.0,1494.0,173.0,543.0,10631.0
13/07/2004,08.00.00,5.0,1257.0,276.0,1495.0,379.0,524.0,129.0,2245.0,1647.0,192.0,488.0,10751.0
13/07/2004,09.00.00,36.0,1137.0,167.0,1200.0,321.0,648.0,135.0,1821.0,1489.0,217.0,424.0,10859.0
13/07/2004,10.00.00,28.0,1064.0,143.0,1126.0,272.0,711.0,139.0,1656.0,1361.0,264.0,299.0,10138.0
13/07/2004,11.00.00,26.0,1026.0,133.0,1094.0,278.0,769.0,134.0,1629.0,1224.0,313.0,191.0,8634.0
13/07/2004,12.00.00,27.0,986.0,145.0,1133.0,253.0,773.0,141.0,1619.0,1174.0,337.0,154.0,7913.0
13/07/2004,13.00.00,23.0,908.0,115.0,1031.0,187.0,857.0,112.0,1469.0,901.0,345.0,133.0,7158.0
13/07/2004,14.00.00,2.0,888.0,108.0,1007.0,149.0,870.0,105.0,1448.0,794.0,338.0,139.0,7172.0
13/07/2004,15.00.00,13.0,843.0,64.0,830.0,89.0,995.0,72.0,1339.0,577.0,301.0,194.0,8157.0
13/07/2004,16.00.00,17.0,905.0,88.0,931.0,124.0,876.0,90.0,1460.0,776.0,283.0,213.0,8054.0
13/07/2004,17.00.00,28.0,1023.0,143.0,1127.0,206.0,760.0,126.0,1635.0,982.0,319.0,183.0,8523.0
13/07/2004,18.00.00,38.0,1125.0,194.0,1279.0,241.0,662.0,154.0,1840.0,1256.0,320.0,201.0,9364.0
13/07/2004,19.00.00,49.0,1211.0,271.0,1483.0,303.0,586.0,173.0,2092.0,1483.0,289.0,241.0,9495.0
13/07/2004,20.00.00,43.0,1140.0,197.0,1289.0,294.0,634.0,162.0,1884.0,1390.0,273.0,271.0,9670.0
13/07/2004,21.00.00,26.0,1029.0,136.0,1105.0,203.0,737.0,128.0,1666.0,1195.0,260.0,285.0,9484.0
13/07/2004,22.00.00,24.0,981.0,121.0,1054.0,176.0,768.0,120.0,1592.0,1135.0,252.0,286.0,9008.0
13/07/2004,23.00.00,19.0,971.0,110.0,1014.0,155.0,788.0,111.0,1585.0,1115.0,243.0,311.0,9316.0
14/07/2004,00.00.00,14.0,927.0,88.0,930.0,108.0,840.0,89.0,1522.0,1026.0,236.0,338.0,9685.0
14/07/2004,01.00.00,11.0,868.0,67.0,846.0,72.0,925.0,69.0,1448.0,836.0,230.0,338.0,9406.0
14/07/2004,02.00.00,9.0,863.0,63.0,824.0,65.0,905.0,70.0,1469.0,925.0,222.0,384.0,10126.0
14/07/2004,03.00.00,7.0,820.0,41.0,716.0,52.0,994.0,64.5,1380.0,933.0,204.0,426.0,10083.0
14/07/2004,04.00.00,5.0,777.0,29.0,645.0,39.0,1076.0,59.0,1334.0,781.0,205.0,423.0,10091.0
14/07/2004,05.00.00,8.0,855.0,50.0,762.0,79.0,942.0,73.0,1444.0,959.0,188.0,490.0,10505.0
14/07/2004,06.00.00,13.0,960.0,99.0,973.0,140.0,769.0,89.0,1616.0,1155.0,188.0,494.0,10624.0
14/07/2004,07.00.00,47.0,1310.0,275.0,1492.0,427.0,527.0,142.0,2194.0,1686.0,199.0,465.0,10710.0
14/07/2004,08.00.00,46.0,1339.0,304.0,1561.0,366.0,498.0,145.0,2357.0,1791.0,221.0,417.0,10980.0
14/07/2004,09.00.00,37.0,1211.0,198.0,1290.0,311.0,606.0,156.0,1913.0,1643.0,240.0,364.0,10706.0
14/07/2004,10.00.00,28.0,1068.0,157.0,1171.0,275.0,711.0,148.0,1717.0,1360.0,302.0,228.0,9616.0
14/07/2004,11.00.00,18.0,932.0,113.0,1026.0,195.0,851.0,122.0,1523.0,944.0,334.0,171.0,8627.0
14/07/2004,12.00.00,19.0,949.0,126.0,1069.0,144.0,819.0,106.0,1547.0,905.0,351.0,150.0,8381.0
14/07/2004,13.00.00,2.0,944.0,119.0,1045.0,162.0,829.0,106.0,1525.0,884.0,341.0,160.0,8408.0
14/07/2004,14.00.00,2.0,966.0,144.0,1131.0,200.0,800.0,127.0,1612.0,968.0,357.0,136.0,7836.0
14/07/2004,15.00.00,21.0,940.0,124.0,1063.0,176.0,848.0,113.0,1539.0,929.0,353.0,138.0,7767.0
14/07/2004,16.00.00,21.0,934.0,117.0,1041.0,203.0,865.0,136.0,1496.0,936.0,323.0,167.0,7946.0
14/07/2004,17.00.00,32.0,1052.0,184.0,1252.0,237.0,739.0,153.0,1729.0,1107.0,360.0,133.0,7773.0
14/07/2004,18.00.00,4.0,1109.0,229.0,1374.0,263.0,676.0,172.0,1795.0,1225.0,358.0,137.0,7868.0
14/07/2004,19.00.00,46.0,1169.0,250.0,1430.0,300.0,636.0,190.0,1901.0,1372.0,323.0,184.0,8753.0
14/07/2004,20.00.00,3.0,1093.0,155.0,1163.0,189.0,717.0,160.0,1705.0,1139.0,297.0,250.0,10246.0
14/07/2004,21.00.00,29.0,1084.0,167.0,1200.0,185.0,686.0,159.0,1753.0,1505.0,278.0,266.0,9748.0
14/07/2004,22.00.00,19.0,970.0,112.0,1023.0,134.0,787.0,123.0,1552.0,1074.0,263.0,273.0,9238.0
14/07/2004,23.00.00,14.0,951.0,90.0,939.0,96.0,849.0,101.0,1488.0,868.0,253.0,300.0,9508.0
15/07/2004,00.00.00,21.0,1038.0,121.0,1053.0,122.0,744.0,116.0,1631.0,1095.0,240.0,349.0,10271.0
15/07/2004,01.00.00,12.0,950.0,89.0,937.0,64.0,802.0,80.0,1566.0,989.0,234.0,386.0,10968.0
15/07/2004,02.00.00,6.0,831.0,37.0,695.0,30.0,1033.0,51.0,1355.0,658.0,235.0,383.0,10972.0
15/07/2004,03.00.00,4.0,813.0,31.0,656.0,26.5,1070.0,44.0,1332.0,603.0,220.0,426.0,11146.0
15/07/2004,04.00.00,4.0,797.0,25.0,621.0,23.0,1105.0,37.0,1303.0,562.0,216.0,440.0,11225.0
15/07/2004,05.00.00,4.0,824.0,31.0,660.0,36.0,1033.0,46.0,1342.0,618.0,214.0,456.0,11493.0
15/07/2004,06.00.00,7.0,879.0,57.0,796.0,58.0,912.0,64.0,1454.0,747.0,211.0,471.0,11641.0
15/07/2004,07.00.00,23.0,1132.0,156.0,1166.0,168.0,652.0,108.0,1827.0,1229.0,213.0,484.0,12119.0
15/07/2004,08.00.00,4.0,1291.0,252.0,1434.0,306.0,526.0,151.0,2239.0,1494.0,229.0,479.0,13208.0
15/07/2004,09.00.00,28.0,1193.0,154.0,1160.0,231.0,630.0,153.0,1927.0,1281.0,244.0,455.0,13721.0
15/07/2004,10.00.00,16.0,1057.0,84.0,914.0,157.0,796.0,116.0,1665.0,954.0,276.0,380.0,13818.0
15/07/2004,11.00.00,16.0,1027.0,80.0,899.0,132.0,822.0,116.0,1563.0,810.0,311.0,296.0,13180.0
15/07/2004,12.00.00,2.0,1084.0,121.0,1052.0,136.0,736.0,130.0,1677.0,882.0,334.0,247.0,12516.0
15/07/2004,13.00.00,2.0,1032.0,126.0,1071.0,127.0,742.0,131.0,1619.0,840.0,357.0,189.0,10865.0
15/07/2004,14.00.00,17.0,977.0,106.0,998.0,125.0,810.0,131.0,1554.0,743.0,362.0,181.0,10724.0
15/07/2004,15.00.00,2.0,1039.0,126.0,1069.0,138.0,773.0,135.0,1646.0,880.0,371.0,177.0,10940.0
15/07/2004,16.00.00,22.0,1056.0,143.0,1127.0,163.0,734.0,152.0,1694.0,928.0,365.0,181.0,10887.0
15/07/2004,17.00.00,32.0,1164.0,203.0,1306.0,259.0,648.0,198.0,1886.0,1218.0,355.0,191.0,10888.0
15/07/2004,18.00.00,36.0,1124.0,205.0,1309.0,236.0,655.0,183.0,1845.0,1170.0,337.0,200.0,10275.0
15/07/2004,19.00.00,38.0,1152.0,221.0,1355.0,245.0,628.0,175.0,1879.0,1620.0,305.0,227.0,9763.0
15/07/2004,20.00.00,48.0,1223.0,238.0,1399.0,344.0,592.0,193.0,1940.0,1508.0,287.0,262.0,10144.0
15/07/2004,21.00.00,28.0,1058.0,147.0,1139.0,188.0,696.0,140.0,1699.0,1318.0,267.0,289.0,9981.0
15/07/2004,22.00.00,26.0,1049.0,151.0,1152.0,149.0,693.0,128.0,1730.0,1189.0,257.0,316.0,10285.0
15/07/2004,23.00.00,19.0,1010.0,108.0,1006.0,102.0,779.0,100.0,1589.0,1000.0,245.0,357.0,10807.0
16/07/2004,00.00.00,17.0,981.0,102.0,985.0,99.0,779.0,97.0,1572.0,1020.0,243.0,363.0,10852.0
16/07/2004,01.00.00,1.0,886.0,65.0,834.0,48.0,904.0,67.0,1440.0,767.0,238.0,369.0,10748.0
16/07/2004,02.00.00,7.0,821.0,39.0,706.0,36.0,1021.0,58.0,1360.0,674.0,237.0,373.0,10760.0
16/07/2004,03.00.00,5.0,784.0,28.0,641.0,33.0,1114.0,51.5,1319.0,588.0,222.0,406.0,10729.0
16/07/2004,04.00.00,4.0,771.0,21.0,593.0,30.0,1155.0,45.0,1291.0,545.0,216.0,422.0,10762.0
16/07/2004,05.00.00,6.0,819.0,34.0,677.0,56.0,1048.0,62.0,1379.0,685.0,203.0,468.0,11000.0
16/07/2004,06.00.00,7.0,836.0,47.0,747.0,51.0,961.0,59.0,1384.0,702.0,207.0,459.0,11088.0
16/07/2004,07.00.00,24.0,1114.0,158.0,1174.0,172.0,667.0,102.0,1819.0,1188.0,205.0,477.0,11419.0
16/07/2004,08.00.00,44.0,1319.0,266.0,1470.0,316.0,520.0,154.0,2276.0,1589.0,224.0,466.0,12470.0
16/07/2004,09.00.00,31.0,1211.0,148.0,1143.0,269.0,632.0,157.0,1860.0,1331.0,242.0,485.0,14452.0
16/07/2004,10.00.00,2.0,1051.0,93.0,950.0,196.0,802.0,138.0,1593.0,1040.0,288.0,330.0,12825.0
16/07/2004,11.00.00,21.0,1108.0,120.0,1049.0,206.0,749.0,142.0,1701.0,1137.0,328.0,252.0,12325.0
16/07/2004,12.00.00,21.0,1014.0,109.0,1012.0,156.0,795.0,125.0,1548.0,851.0,344.0,199.0,10647.0
16/07/2004,13.00.00,21.0,1003.0,119.0,1047.0,120.0,769.0,120.0,1578.0,782.0,365.0,167.0,10045.0
16/07/2004,14.00.00,22.0,1021.0,132.0,1092.0,161.0,764.0,150.0,1606.0,908.0,375.0,143.0,9099.0
16/07/2004,15.00.00,16.0,986.0,89.0,937.0,114.0,833.0,120.0,1473.0,806.0,380.0,155.0,10119.0
16/07/2004,16.00.00,24.0,1098.0,130.0,1084.0,191.0,754.0,173.0,1648.0,985.0,381.0,165.0,10828.0
16/07/2004,17.00.00,33.0,1157.0,182.0,1245.0,236.0,665.0,187.0,1782.0,1211.0,373.0,173.0,10840.0
16/07/2004,18.00.00,4.0,1190.0,237.0,1395.0,287.0,606.0,206.0,1914.0,1411.0,359.0,177.0,10316.0
16/07/2004,19.00.00,41.0,1183.0,216.0,1341.0,266.0,628.0,187.0,1881.0,1395.0,324.0,215.0,10303.0
16/07/2004,20.00.00,42.0,1231.0,216.0,1341.0,274.0,626.0,170.0,1937.0,1578.0,303.0,256.0,10879.0
16/07/2004,21.00.00,29.0,1102.0,165.0,1195.0,196.0,690.0,149.0,1762.0,1325.0,285.0,278.0,10665.0
16/07/2004,22.00.00,23.0,1041.0,123.0,1060.0,144.0,748.0,124.0,1629.0,1185.0,269.0,305.0,10671.0
16/07/2004,23.00.00,22.0,1090.0,136.0,1103.0,142.0,695.0,119.0,1686.0,1235.0,257.0,335.0,10918.0
17/07/2004,00.00.00,21.0,1074.0,128.0,1078.0,124.0,685.0,108.0,1673.0,1317.0,247.0,369.0,11302.0
17/07/2004,01.00.00,16.0,977.0,94.0,956.0,93.0,765.0,93.0,1581.0,1114.0,236.0,392.0,11306.0
17/07/2004,02.00.00,12.0,949.0,83.0,910.0,71.0,816.0,77.0,1552.0,1015.0,222.0,430.0,11363.0
17/07/2004,03.00.00,12.0,912.0,67.0,842.0,63.5,863.0,76.5,1489.0,1015.0,212.0,458.0,11353.0
17/07/2004,04.00.00,9.0,863.0,46.0,746.0,56.0,919.0,76.0,1415.0,961.0,213.0,459.0,11471.0
17/07/2004,05.00.00,6.0,834.0,36.0,689.0,46.0,988.0,58.0,1367.0,796.0,216.0,450.0,11510.0
17/07/2004,06.00.00,7.0,865.0,50.0,764.0,51.0,917.0,63.0,1430.0,826.0,213.0,465.0,11608.0
17/07/2004,07.00.00,13.0,974.0,82.0,908.0,83.0,793.0,75.0,1546.0,1057.0,211.0,469.0,11585.0
17/07/2004,08.00.00,2.0,1079.0,107.0,1004.0,175.0,713.0,111.0,1628.0,1302.0,228.0,430.0,11731.0
17/07/2004,09.00.00,19.0,1084.0,103.0,990.0,148.0,734.0,116.0,1633.0,1284.0,250.0,383.0,11980.0
17/07/2004,10.00.00,22.0,1107.0,129.0,1080.0,167.0,714.0,138.0,1675.0,1348.0,309.0,269.0,11835.0
17/07/2004,11.00.00,19.0,1040.0,110.0,1015.0,120.0,775.0,117.0,1543.0,1025.0,351.0,192.0,10664.0
17/07/2004,12.00.00,15.0,1019.0,83.0,913.0,78.0,840.0,94.0,1428.0,759.0,369.0,172.0,10576.0
17/07/2004,13.00.00,14.0,1003.0,82.0,907.0,76.0,862.0,91.0,1427.0,680.0,393.0,139.0,9715.0
17/07/2004,14.00.00,1.0,925.0,52.0,772.0,45.0,1001.0,60.0,1308.0,516.0,403.0,126.0,9302.0
17/07/2004,15.00.00,1.0,910.0,46.0,743.0,54.0,1039.0,66.0,1282.0,500.0,397.0,135.0,9650.0
17/07/2004,16.00.00,14.0,1012.0,72.0,868.0,70.0,884.0,87.0,1435.0,700.0,411.0,131.0,10124.0
17/07/2004,17.00.00,16.0,1100.0,94.0,954.0,87.0,809.0,106.0,1512.0,1360.0,401.0,149.0,10828.0
17/07/2004,18.00.00,16.0,1046.0,80.0,901.0,69.0,849.0,94.0,1464.0,722.0,374.0,170.0,10757.0
17/07/2004,19.00.00,21.0,1083.0,107.0,1003.0,95.0,787.0,112.0,1524.0,842.0,340.0,192.0,10073.0
17/07/2004,20.00.00,2.0,1050.0,96.0,962.0,107.0,810.0,120.0,1496.0,879.0,317.0,216.0,9959.0
17/07/2004,21.00.00,19.0,1050.0,87.0,927.0,88.0,830.0,106.0,1475.0,836.0,297.0,242.0,9926.0
17/07/2004,22.00.00,23.0,1142.0,116.0,1035.0,100.0,746.0,112.0,1611.0,1062.0,279.0,276.0,10252.0
17/07/2004,23.00.00,24.0,1165.0,118.0,1043.0,125.0,717.0,120.0,1644.0,1188.0,268.0,299.0,10402.0
18/07/2004,00.00.00,22.0,1136.0,105.0,995.0,132.0,727.0,114.0,1591.0,1236.0,258.0,330.0,10826.0
18/07/2004,01.00.00,12.0,986.0,55.0,790.0,57.0,869.0,70.0,1422.0,853.0,263.0,331.0,11199.0
18/07/2004,02.00.00,11.0,971.0,55.0,790.0,46.0,871.0,64.0,1447.0,875.0,243.0,381.0,11398.0
18/07/2004,03.00.00,8.0,908.0,38.0,701.0,40.0,971.0,59.5,1381.0,704.0,247.0,364.0,11158.0
18/07/2004,04.00.00,7.0,882.0,29.0,648.0,34.0,1023.0,55.0,1338.0,666.0,233.0,395.0,11176.0
18/07/2004,05.00.00,6.0,900.0,34.0,674.0,33.0,974.0,50.0,1355.0,679.0,211.0,456.0,11246.0
18/07/2004,06.00.00,7.0,935.0,41.0,716.0,50.0,915.0,62.0,1415.0,877.0,202.0,485.0,11319.0
18/07/2004,07.00.00,4.0,939.0,41.0,718.0,39.0,927.0,53.0,1395.0,826.0,213.0,455.0,11405.0
18/07/2004,08.00.00,6.0,982.0,47.0,750.0,84.0,893.0,85.0,1417.0,881.0,226.0,310.0,8372.0
18/07/2004,09.00.00,9.0,1088.0,71.0,862.0,93.0,786.0,102.0,1519.0,1110.0,257.0,348.0,11292.0
18/07/2004,10.00.00,9.0,1065.0,74.0,872.0,82.0,831.0,97.0,1481.0,927.0,316.0,238.0,10842.0
18/07/2004,11.00.00,8.0,1016.0,73.0,868.0,73.0,889.0,91.0,1407.0,665.0,363.0,163.0,9727.0
18/07/2004,12.00.00,4.0,930.0,42.0,723.0,43.0,1035.0,62.0,1263.0,474.0,379.0,150.0,9728.0
18/07/2004,13.00.00,3.0,928.0,41.0,716.0,39.0,1060.0,57.0,1252.0,459.0,394.0,137.0,9639.0
18/07/2004,14.00.00,1.0,889.0,38.0,698.0,27.0,1132.0,40.0,1234.0,437.0,402.0,123.0,8983.0
18/07/2004,15.00.00,5.0,966.0,58.0,802.0,46.0,968.0,60.0,1383.0,607.0,413.0,119.0,9252.0
18/07/2004,16.00.00,4.0,973.0,56.0,792.0,53.0,977.0,70.0,1356.0,620.0,414.0,118.0,9282.0
18/07/2004,17.00.00,3.0,950.0,48.0,754.0,38.0,1003.0,53.0,1325.0,551.0,401.0,136.0,9953.0
18/07/2004,18.00.00,4.0,982.0,53.0,780.0,39.0,974.0,54.0,1374.0,532.0,376.0,164.0,10458.0
18/07/2004,19.00.00,6.0,990.0,61.0,814.0,49.0,929.0,58.0,1399.0,578.0,339.0,203.0,10522.0
18/07/2004,20.00.00,8.0,1017.0,74.0,873.0,68.0,874.0,73.0,1464.0,721.0,316.0,229.0,10469.0
18/07/2004,21.00.00,12.0,1067.0,90.0,938.0,102.0,825.0,99.0,1520.0,912.0,297.0,248.0,10160.0
18/07/2004,22.00.00,16.0,1147.0,117.0,1040.0,123.0,745.0,102.0,1635.0,1155.0,290.0,270.0,10630.0
18/07/2004,23.00.00,12.0,1132.0,110.0,1014.0,106.0,728.0,101.0,1628.0,1279.0,279.0,304.0,11249.0
19/07/2004,00.00.00,5.0,976.0,60.0,814.0,66.0,855.0,77.0,1448.0,1018.0,280.0,306.0,11396.0
19/07/2004,01.00.00,3.0,920.0,43.0,730.0,43.0,944.0,55.0,1393.0,842.0,268.0,323.0,11235.0
19/07/2004,02.00.00,1.0,879.0,28.0,642.0,33.0,1031.0,51.0,1343.0,740.0,266.0,330.0,11338.0
19/07/2004,03.00.00,1.0,854.0,23.0,604.0,33.0,1090.0,50.5,1317.0,625.0,237.0,386.0,11159.0
19/07/2004,04.00.00,1.0,880.0,29.0,649.0,33.0,1022.0,50.0,1374.0,739.0,222.0,428.0,11317.0
19/07/2004,05.00.00,3.0,925.0,41.0,717.0,75.0,936.0,75.0,1455.0,970.0,212.0,463.0,11501.0
19/07/2004,06.00.00,8.0,1044.0,83.0,912.0,111.0,758.0,89.0,1604.0,1177.0,214.0,465.0,11720.0
19/07/2004,07.00.00,23.0,1279.0,166.0,1197.0,250.0,599.0,112.0,1906.0,1518.0,229.0,430.0,11826.0
19/07/2004,08.00.00,34.0,1403.0,256.0,1443.0,313.0,508.0,142.0,2234.0,1811.0,252.0,386.0,12215.0
19/07/2004,09.00.00,25.0,1282.0,177.0,1230.0,263.0,594.0,145.0,1924.0,1696.0,271.0,349.0,12310.0
19/07/2004,10.00.00,24.0,1262.0,162.0,1187.0,282.0,633.0,165.0,1842.0,1603.0,324.0,248.0,11886.0
19/07/2004,11.00.00,21.0,1195.0,151.0,1153.0,226.0,678.0,159.0,1732.0,1370.0,368.0,180.0,10945.0
19/07/2004,12.00.00,21.363636363636363,1173.0,143.0,1127.0,176.0,709.0,159.0,1678.0,1194.0,391.0,160.0,11100.0
19/07/2004,13.00.00,21.727272727272727,1102.0,108.0,1007.0,120.0,777.0,131.0,1534.0,880.0,392.0,164.0,11439.0
19/07/2004,14.00.00,22.09090909090909,1076.0,101.0,982.0,96.0,799.0,123.0,1523.0,748.0,405.0,149.0,11110.0
19/07/2004,15.00.00,22.454545454545453,1078.0,109.0,1012.0,115.0,777.0,129.0,1523.0,868.0,414.0,138.0,10786.0
19/07/2004,16.00.00,22.81818181818182,1100.0,110.0,1014.0,108.0,761.0,126.0,1533.0,959.0,405.0,149.0,11140.0
19/07/2004,17.00.00,23.18181818181818,1234.0,168.0,1205.0,142.0,658.0,149.0,1781.0,1160.0,396.0,170.0,12064.0
19/07/2004,18.00.00,23.545454545454547,1323.0,207.0,1316.0,219.0,586.0,200.0,1911.0,1453.0,377.0,198.0,12715.0
19/07/2004,19.00.00,23.90909090909091,1263.0,195.0,1283.0,193.0,610.0,174.0,1863.0,1400.0,343.0,242.0,12857.0
19/07/2004,20.00.00,24.272727272727273,1216.0,146.0,1136.0,128.0,658.0,131.0,1737.0,1265.0,317.0,281.0,12912.0
19/07/2004,21.00.00,24.636363636363637,1247.0,143.0,1127.0,127.0,664.0,135.0,1761.0,1366.0,302.0,308.0,13008.0
19/07/2004,22.00.00,25.0,1264.0,159.0,1177.0,132.0,628.0,134.0,1820.0,1593.0,294.0,330.0,13343.0
19/07/2004,23.00.00,25.363636363636363,1111.0,103.0,988.0,77.0,728.0,96.0,1619.0,1336.0,292.0,331.0,13202.0
20/07/2004,00.00.00,25.727272727272727,1068.0,88.0,931.0,72.0,762.0,94.0,1576.0,1317.0,276.0,366.0,13320.0
20/07/2004,01.00.00,26.09090909090909,1015.0,68.0,850.0,57.0,802.0,79.0,1531.0,1173.0,272.0,369.0,13147.0
20/07/2004,02.00.00,26.454545454545453,989.0,63.0,827.0,56.0,827.0,79.0,1513.0,1163.0,254.0,410.0,13079.0
20/07/2004,03.00.00,26.81818181818182,930.0,39.0,708.0,60.0,924.0,84.0,1440.0,1012.0,252.0,415.0,13106.0
20/07/2004,04.00.00,27.18181818181818,952.0,41.0,717.0,64.0,879.0,89.0,1481.0,1164.0,234.0,474.0,13475.0
20/07/2004,05.00.00,27.545454545454547,981.0,47.0,747.0,52.0,856.0,69.0,1493.0,1090.0,251.0,440.0,13794.0
20/07/2004,06.00.00,27.90909090909091,1138.0,99.0,974.0,122.0,683.0,91.0,1716.0,1338.0,239.0,465.0,13637.0
20/07/2004,07.00.00,28.272727272727273,1472.0,248.0,1424.0,314.0,499.0,135.0,2257.0,1808.0,248.0,432.0,13387.0
20/07/2004,08.00.00,28.636363636363637,1626.0,373.0,1713.0,395.0,412.0,166.0,2643.0,2176.0,270.0,387.0,13610.0
20/07/2004,09.00.00,29.0,1480.0,262.0,1460.0,357.0,494.0,189.0,2238.0,2028.0,294.0,336.0,13526.0
20/07/2004,10.00.00,29.363636363636363,1367.0,216.0,1342.0,308.0,567.0,193.0,2002.0,1758.0,348.0,234.0,12781.0
20/07/2004,11.00.00,29.727272727272727,1245.0,161.0,1181.0,184.0,645.0,164.0,1747.0,1350.0,381.0,185.0,12108.0
20/07/2004,12.00.00,30.090909090909093,1194.0,130.0,1083.0,128.0,685.0,139.0,1632.0,1060.0,389.0,180.0,12318.0
20/07/2004,13.00.00,30.454545454545453,1156.0,134.0,1096.0,125.0,713.0,130.0,1615.0,954.0,398.0,160.0,11444.0
20/07/2004,14.00.00,30.81818181818182,1107.0,137.0,1106.0,135.0,727.0,129.0,1615.0,1024.0,417.0,125.0,9941.0
20/07/2004,15.00.00,31.18181818181818,1127.0,140.0,1117.0,158.0,714.0,132.0,1625.0,1092.0,428.0,123.0,10326.0
20/07/2004,16.00.00,31.545454545454547,1083.0,104.0,994.0,106.0,771.0,101.0,1544.0,927.0,414.0,142.0,11128.0
20/07/2004,17.00.00,31.90909090909091,1289.0,175.0,1225.0,163.0,632.0,145.0,1796.0,1274.0,413.0,155.0,12100.0
20/07/2004,18.00.00,32.27272727272727,1209.0,129.0,1082.0,143.0,685.0,133.0,1662.0,978.0,383.0,194.0,12851.0
20/07/2004,19.00.00,32.63636363636364,1221.0,149.0,1145.0,96.0,648.0,110.0,1753.0,1050.0,347.0,233.0,12653.0
20/07/2004,20.00.00,33.0,1255.0,155.0,1164.0,127.0,638.0,126.0,1793.0,1301.0,326.0,263.0,12754.0
20/07/2004,21.00.00,33.36363636363636,1163.0,112.0,1022.0,95.0,695.0,102.0,1644.0,1141.0,309.0,290.0,12750.0
20/07/2004,22.00.00,33.72727272727273,1234.0,143.0,1126.0,104.0,644.0,104.0,1782.0,1252.0,301.0,302.0,12711.0
20/07/2004,23.00.00,34.09090909090909,1240.0,142.0,1124.0,131.0,645.0,112.0,1799.0,1300.0,290.0,334.0,13149.0
21/07/2004,00.00.00,34.45454545454545,1128.0,100.0,978.0,92.0,733.0,89.0,1683.0,1193.0,283.0,368.0,13906.0
21/07/2004,01.00.00,34.81818181818182,1057.0,76.0,881.0,53.0,784.0,67.0,1574.0,1081.0,276.0,382.0,13911.0
21/07/2004,02.00.00,35.18181818181818,1026.0,58.0,801.0,45.0,816.0,63.0,1545.0,1094.0,258.0,431.0,14113.0
21/07/2004,03.00.00,35.54545454545455,925.0,31.0,656.0,32.0,967.0,48.5,1440.0,917.0,274.0,391.0,14072.0
21/07/2004,04.00.00,35.90909090909091,917.0,27.0,635.0,19.0,1006.0,34.0,1421.0,727.0,263.0,409.0,13803.0
21/07/2004,05.00.00,36.27272727272727,1011.0,54.0,782.0,75.0,828.0,73.0,1562.0,1116.0,233.0,501.0,14100.0
21/07/2004,06.00.00,36.63636363636364,1079.0,73.0,869.0,84.0,751.0,76.0,1634.0,1223.0,231.0,497.0,13863.0
21/07/2004,07.00.00,37.0,1322.0,184.0,1250.0,160.0,562.0,102.0,1999.0,1556.0,242.0,464.0,13834.0
21/07/2004,08.00.00,37.36363636363636,1526.0,277.0,1495.0,286.0,471.0,140.0,2405.0,1904.0,258.0,422.0,13774.0
21/07/2004,09.00.00,37.72727272727273,1338.0,169.0,1207.0,212.0,576.0,150.0,1951.0,1697.0,281.0,373.0,13922.0
21/07/2004,10.00.00,38.09090909090909,1421.0,221.0,1354.0,279.0,545.0,194.0,2063.0,1854.0,339.0,268.0,13970.0
21/07/2004,11.00.00,38.45454545454545,1197.0,170.0,1209.0,207.0,656.0,162.0,1770.0,1306.0,380.0,172.0,11227.0
21/07/2004,12.00.00,38.81818181818182,1116.0,124.0,1063.0,140.0,736.0,138.0,1571.0,980.0,389.0,159.0,10896.0
21/07/2004,13.00.00,39.18181818181819,1115.0,115.0,1031.0,110.0,741.0,123.0,1561.0,870.0,404.0,150.0,11125.0
21/07/2004,14.00.00,39.54545454545455,1018.0,75.0,880.0,67.0,865.0,86.0,1421.0,613.0,401.0,152.0,11065.0
21/07/2004,15.00.00,39.90909090909091,1109.0,103.0,989.0,98.0,778.0,107.0,1537.0,819.0,420.0,142.0,11517.0
21/07/2004,16.00.00,40.27272727272727,1105.0,102.0,984.0,97.0,767.0,106.0,1532.0,868.0,427.0,144.0,12092.0
21/07/2004,17.00.00,40.63636363636364,1128.0,115.0,1032.0,87.0,733.0,99.0,1576.0,876.0,416.0,145.0,11483.0
21/07/2004,18.00.00,41.0,1301.0,170.0,1210.0,124.0,623.0,140.0,1813.0,1153.0,396.0,188.0,13413.0
21/07/2004,19.00.00,38.0,1416.0,215.0,1339.0,165.0,544.0,163.0,1998.0,1492.0,361.0,255.0,14949.0
21/07/2004,20.00.00,34.0,1301.0,186.0,1256.0,164.0,593.0,144.0,1914.0,1382.0,333.0,299.0,15079.0
21/07/2004,21.00.00,29.0,1261.0,153.0,1158.0,122.0,628.0,120.0,1837.0,1303.0,312.0,332.0,14831.0
21/07/2004,22.00.00,31.0,1295.0,170.0,1211.0,134.0,602.0,120.0,1917.0,1404.0,301.0,358.0,15034.0
21/07/2004,23.00.00,35.0,1239.0,144.0,1129.0,121.0,637.0,106.0,1839.0,1308.0,289.0,391.0,15370.0
22/07/2004,00.00.00,24.0,1229.0,136.0,1103.0,112.0,627.0,95.0,1866.0,1320.0,278.0,433.0,15929.0
22/07/2004,01.00.00,16.0,1125.0,96.0,963.0,62.0,713.0,70.0,1719.0,1179.0,269.0,461.0,16080.0
22/07/2004,02.00.00,13.0,1044.0,64.0,832.0,50.0,794.0,67.0,1580.0,1160.0,264.0,471.0,15947.0
22/07/2004,03.00.00,9.0,976.0,48.0,754.0,61.0,842.0,68.5,1545.0,1070.0,252.0,514.0,16210.0
22/07/2004,04.00.00,1.0,1015.0,54.0,781.0,72.0,796.0,70.0,1595.0,1181.0,238.0,554.0,16073.0
22/07/2004,05.00.00,8.0,954.0,41.0,715.0,48.0,867.0,50.0,1527.0,1010.0,249.0,506.0,15755.0
22/07/2004,06.00.00,11.0,1032.0,63.0,826.0,58.0,781.0,60.0,1627.0,1075.0,250.0,492.0,15418.0
22/07/2004,07.00.00,44.0,1518.0,269.0,1476.0,306.0,469.0,127.0,2388.0,1839.0,247.0,509.0,15593.0
22/07/2004,08.00.00,40.333333333333336,1602.0,356.0,1678.0,351.0,410.0,149.0,2662.0,2105.0,264.0,463.0,15722.0
22/07/2004,09.00.00,36.666666666666664,1362.0,175.0,1225.0,252.0,551.0,158.0,2003.0,1826.0,281.0,420.0,15735.0
22/07/2004,10.00.00,33.0,1394.0,199.0,1294.0,266.0,555.0,190.0,2031.0,1834.0,340.0,299.0,15614.0
22/07/2004,11.00.00,21.0,1205.0,126.0,1070.0,159.0,682.0,127.0,1735.0,1268.0,373.0,229.0,14373.0
22/07/2004,12.00.00,21.0,1210.0,140.0,1118.0,144.0,658.0,130.0,1742.0,1422.0,401.0,190.0,13849.0
22/07/2004,13.00.00,2.0,1138.0,122.0,1055.0,117.0,712.0,125.0,1624.0,1028.0,420.0,158.0,12759.0
22/07/2004,14.00.00,15.0,1079.0,111.0,1019.0,108.0,749.0,113.0,1559.0,929.0,428.0,143.0,12003.0
22/07/2004,15.00.00,21.0,1158.0,143.0,1126.0,153.0,693.0,143.0,1654.0,1150.0,443.0,130.0,11830.0
22/07/2004,16.00.00,23.0,1186.0,151.0,1151.0,166.0,680.0,157.0,1686.0,1235.0,446.0,126.0,11684.0
22/07/2004,17.00.00,28.0,1261.0,186.0,1258.0,179.0,629.0,170.0,1813.0,1315.0,434.0,148.0,12882.0
22/07/2004,18.00.00,36.0,1339.0,220.0,1352.0,225.0,569.0,187.0,1990.0,1469.0,406.0,182.0,13680.0
22/07/2004,19.00.00,4.0,1342.0,230.0,1377.0,261.0,567.0,181.0,2017.0,1515.0,371.0,213.0,13223.0
22/07/2004,20.00.00,37.0,1317.0,211.0,1327.0,228.0,575.0,158.0,1996.0,1510.0,345.0,255.0,13680.0
22/07/2004,21.00.00,25.0,1210.0,150.0,1148.0,137.0,639.0,112.0,1849.0,1327.0,322.0,304.0,14433.0
22/07/2004,22.00.00,23.0,1220.0,136.0,1105.0,116.0,643.0,100.0,1838.0,1318.0,304.0,354.0,15144.0
22/07/2004,23.00.00,25.0,1276.0,146.0,1135.0,143.0,625.0,105.0,1887.0,1436.0,294.0,387.0,15581.0
23/07/2004,00.00.00,27.0,1270.0,163.0,1189.0,157.0,592.0,107.0,1917.0,1608.0,286.0,387.0,14921.0
23/07/2004,01.00.00,13.0,1053.0,88.0,933.0,72.0,743.0,72.0,1658.0,1257.0,277.0,405.0,14835.0
23/07/2004,02.00.00,8.0,956.0,60.0,813.0,42.0,846.0,59.0,1544.0,1094.0,280.0,398.0,14803.0
23/07/2004,03.00.00,9.0,954.0,55.0,790.0,38.0,826.0,57.0,1564.0,1066.0,248.0,485.0,14953.0
23/07/2004,04.00.00,5.0,912.0,39.0,706.0,34.0,891.0,55.0,1500.0,1022.0,256.0,458.0,14801.0
23/07/2004,05.00.00,8.0,973.0,58.0,802.0,74.0,806.0,70.0,1597.0,1139.0,236.0,515.0,14852.0
23/07/2004,06.00.00,1.0,1037.0,82.0,906.0,75.0,743.0,59.0,1707.0,1158.0,251.0,465.0,14615.0
23/07/2004,07.00.00,29.0,1306.0,201.0,1299.0,199.0,519.0,95.0,2116.0,1602.0,245.0,483.0,14593.0
23/07/2004,08.00.00,38.0,1367.0,255.0,1441.0,262.0,470.0,120.0,2283.0,1770.0,266.0,428.0,14675.0
23/07/2004,09.00.00,35.0,1335.0,216.0,1340.0,236.0,519.0,133.0,2141.0,1651.0,290.0,376.0,14866.0
23/07/2004,10.00.00,24.0,1250.0,155.0,1166.0,186.0,626.0,133.0,1925.0,1435.0,342.0,285.0,15071.0
23/07/2004,11.00.00,18.0,1142.0,112.0,1021.0,132.0,712.0,120.0,1670.0,1159.0,373.0,229.0,14369.0
23/07/2004,12.00.00,21.0,1168.0,154.0,1160.0,140.0,671.0,132.0,1784.0,1193.0,401.0,175.0,12721.0
23/07/2004,13.00.00,21.0,1125.0,146.0,1137.0,143.0,691.0,135.0,1696.0,1094.0,422.0,146.0,11920.0
23/07/2004,14.00.00,15.0,1083.0,125.0,1066.0,99.0,725.0,121.0,1621.0,912.0,419.0,152.0,12173.0
23/07/2004,15.00.00,15.0,1080.0,123.0,1059.0,107.0,733.0,123.0,1622.0,908.0,431.0,138.0,11803.0
23/07/2004,16.00.00,18.0,1085.0,132.0,1091.0,130.0,723.0,129.0,1638.0,1010.0,428.0,138.0,11681.0
23/07/2004,17.00.00,21.0,1115.0,147.0,1140.0,133.0,682.0,129.0,1746.0,1020.0,411.0,165.0,12701.0
23/07/2004,18.00.00,3.0,1259.0,199.0,1295.0,188.0,600.0,156.0,1990.0,1280.0,387.0,203.0,13743.0
23/07/2004,19.00.00,28.0,1241.0,191.0,1271.0,155.0,606.0,131.0,1971.0,1287.0,358.0,241.0,13924.0
23/07/2004,20.00.00,25.0,1156.0,148.0,1144.0,154.0,651.0,115.0,1832.0,1216.0,331.0,283.0,14121.0
23/07/2004,21.00.00,14.0,1055.0,86.0,922.0,95.0,784.0,79.0,1634.0,990.0,301.0,339.0,14257.0
23/07/2004,22.00.00,17.0,1144.0,110.0,1014.0,110.0,712.0,86.0,1744.0,1146.0,290.0,366.0,14431.0
23/07/2004,23.00.00,18.0,1169.0,130.0,1084.0,116.0,655.0,91.0,1831.0,1273.0,285.0,384.0,14680.0
24/07/2004,00.00.00,24.0,1195.0,152.0,1156.0,153.0,621.0,99.0,1897.0,1346.0,278.0,399.0,14682.0
24/07/2004,01.00.00,19.0,1158.0,121.0,1052.0,111.0,649.0,83.0,1785.0,1353.0,270.0,428.0,15030.0
24/07/2004,02.00.00,14.0,1075.0,99.0,973.0,79.0,695.0,74.0,1748.0,1231.0,264.0,445.0,15119.0
24/07/2004,03.00.00,8.0,973.0,60.0,810.0,63.0,820.0,69.0,1599.0,1002.0,258.0,466.0,15269.0
24/07/2004,04.00.00,7.0,989.0,63.0,825.0,47.0,774.0,64.0,1602.0,1126.0,251.0,485.0,15266.0
24/07/2004,05.00.00,8.0,967.0,55.0,789.0,61.0,810.0,61.0,1597.0,995.0,246.0,522.0,15881.0
24/07/2004,06.00.00,7.0,968.0,58.0,803.0,56.0,806.0,62.0,1586.0,1003.0,244.0,505.0,15243.0
24/07/2004,07.00.00,1.0,1062.0,81.0,902.0,69.0,733.0,65.0,1715.0,1055.0,252.0,491.0,15546.0
24/07/2004,08.00.00,17.0,1143.0,100.0,979.0,109.0,677.0,79.0,1829.0,1156.0,266.0,508.0,17419.0
24/07/2004,09.00.00,19.0,1152.0,99.0,976.0,111.0,672.0,90.0,1800.0,1179.0,280.0,469.0,17480.0
24/07/2004,10.00.00,23.0,1238.0,131.0,1088.0,150.0,636.0,116.0,1883.0,1306.0,327.0,345.0,16798.0
24/07/2004,11.00.00,17.0,1103.0,92.0,946.0,87.0,737.0,89.0,1686.0,934.0,366.0,265.0,15990.0
24/07/2004,12.00.00,13.0,1043.0,67.0,843.0,64.0,799.0,68.0,1628.0,689.0,378.0,263.0,16951.0
24/07/2004,13.00.00,12.0,1058.0,65.0,833.0,47.0,804.0,53.0,1623.0,626.0,383.0,271.0,17970.0
24/07/2004,14.00.00,8.0,960.0,34.0,676.0,34.0,983.0,34.0,1488.0,488.0,354.0,324.0,18370.0
24/07/2004,15.00.00,9.0,972.0,38.0,699.0,37.0,982.0,38.0,1505.0,495.0,373.0,288.0,18087.0
24/07/2004,16.00.00,11.0,1012.0,52.0,775.0,49.0,899.0,53.0,1547.0,562.0,366.0,282.0,16970.0
24/07/2004,17.00.00,12.0,1021.0,60.0,814.0,54.0,858.0,62.0,1545.0,615.0,351.0,296.0,16452.0
24/07/2004,18.00.00,13.0,1034.0,60.0,812.0,70.0,866.0,82.0,1563.0,660.0,323.0,334.0,15900.0
24/07/2004,19.00.00,14.0,1026.0,56.0,791.0,76.0,875.0,88.0,1549.0,664.0,299.0,379.0,15745.0
24/07/2004,20.00.00,12.0,966.0,44.0,735.0,59.0,932.0,70.0,1494.0,567.0,282.0,419.0,15776.0
24/07/2004,21.00.00,9.0,948.0,37.0,697.0,44.0,983.0,53.0,1475.0,506.0,272.0,459.0,16316.0
24/07/2004,22.00.00,11.0,984.0,50.0,762.0,47.0,870.0,57.0,1557.0,560.0,273.0,457.0,16308.0
24/07/2004,23.00.00,15.0,1077.0,71.0,859.0,71.0,790.0,73.0,1673.0,724.0,270.0,471.0,16573.0
25/07/2004,00.00.00,17.0,1163.0,79.0,893.0,90.0,706.0,83.0,1760.0,977.0,237.0,693.0,20042.0
25/07/2004,01.00.00,9.0,965.0,37.0,692.0,45.0,927.0,52.0,1549.0,653.0,238.0,635.0,18495.0
25/07/2004,02.00.00,7.0,941.0,36.0,687.0,44.0,949.0,52.0,1530.0,642.0,247.0,569.0,17390.0
25/07/2004,03.00.00,4.0,851.0,21.0,589.0,29.5,1119.0,39.0,1432.0,501.0,250.0,531.0,16541.0
25/07/2004,04.00.00,3.5,870.0,20.0,581.0,15.0,1119.0,26.0,1463.0,450.0,241.0,596.0,17657.0
25/07/2004,05.00.00,3.0,834.0,13.0,527.0,10.0,1242.0,17.0,1458.0,427.0,225.0,691.0,18578.0
25/07/2004,06.00.00,4.0,859.0,17.0,561.0,19.0,1162.0,28.0,1476.0,470.0,234.0,644.0,18350.0
25/07/2004,07.00.00,4.0,843.0,15.0,544.0,20.0,1242.0,29.0,1442.0,447.0,244.0,579.0,17476.0
25/07/2004,08.00.00,5.0,851.0,16.0,551.0,30.0,1224.0,37.0,1443.0,463.0,245.0,569.0,17225.0
25/07/2004,09.00.00,5.0,853.0,17.0,557.0,24.0,1215.0,31.0,1435.0,454.0,249.0,548.0,17063.0
25/07/2004,10.00.00,7.0,908.0,27.0,632.0,35.0,1095.0,46.0,1494.0,500.0,270.0,474.0,16661.0
25/07/2004,11.00.00,9.0,928.0,36.0,687.0,48.0,1025.0,66.0,1491.0,528.0,276.0,437.0,15877.0
25/07/2004,12.00.00,8.0,905.0,30.0,652.0,41.0,1076.0,54.0,1446.0,490.0,282.0,426.0,16062.0
25/07/2004,13.00.00,8.0,901.0,29.0,646.0,37.0,1105.0,50.0,1446.0,488.0,291.0,408.0,16203.0
25/07/2004,14.00.00,7.0,869.0,25.0,619.0,32.0,1163.0,44.0,1417.0,475.0,298.0,386.0,15911.0
25/07/2004,15.00.00,8.0,891.0,31.0,655.0,43.0,1107.0,52.0,1452.0,486.0,315.0,345.0,15666.0
25/07/2004,16.00.00,7.0,855.0,23.0,606.0,28.0,1214.0,37.0,1403.0,438.0,312.0,363.0,16217.0
25/07/2004,17.00.00,8.0,911.0,30.0,654.0,38.0,1102.0,51.0,1466.0,477.0,300.0,413.0,17259.0
25/07/2004,18.00.00,12.0,989.0,40.0,713.0,72.0,954.0,78.0,1552.0,626.0,276.0,475.0,17266.0
25/07/2004,19.00.00,16.0,1048.0,63.0,826.0,89.0,853.0,90.0,1637.0,747.0,288.0,413.0,16164.0
25/07/2004,20.00.00,16.0,1049.0,66.0,839.0,103.0,846.0,110.0,1636.0,858.0,285.0,416.0,15959.0
25/07/2004,21.00.00,15.0,1035.0,73.0,868.0,77.0,833.0,86.0,1653.0,775.0,277.0,434.0,15833.0
25/07/2004,22.00.00,15.0,1034.0,68.0,850.0,84.0,831.0,88.0,1643.0,803.0,273.0,441.0,15751.0
25/07/2004,23.00.00,15.0,1022.0,63.0,826.0,82.0,857.0,91.0,1627.0,777.0,269.0,455.0,15926.0
26/07/2004,00.00.00,15.0,1007.0,59.0,809.0,81.0,876.0,93.0,1611.0,770.0,266.0,472.0,16160.0
26/07/2004,01.00.00,12.0,945.0,48.0,755.0,50.0,935.0,68.0,1553.0,663.0,260.0,480.0,15882.0
26/07/2004,02.00.00,8.0,880.0,29.0,649.0,30.0,1056.0,48.0,1465.0,529.0,262.0,457.0,15324.0
26/07/2004,03.00.00,8.0,837.0,22.0,597.0,22.0,1129.0,35.0,1414.0,478.0,259.0,463.0,15240.0
26/07/2004,04.00.00,8.0,822.0,18.0,569.0,14.0,1204.0,22.0,1396.0,429.0,256.0,468.0,15111.0
26/07/2004,05.00.00,8.0,860.0,25.0,623.0,51.0,1097.0,59.0,1466.0,552.0,253.0,476.0,15159.0
26/07/2004,06.00.00,8.0,1023.0,68.0,847.0,120.0,830.0,102.0,1663.0,916.0,254.0,485.0,15507.0
26/07/2004,07.00.00,8.0,1150.0,112.0,1020.0,180.0,686.0,116.0,1842.0,1169.0,265.0,463.0,15768.0
26/07/2004,08.00.00,8.0,1088.0,97.0,965.0,168.0,734.0,109.0,1744.0,1049.0,279.0,427.0,15754.0
26/07/2004,09.00.00,8.0,993.0,72.0,866.0,111.0,832.0,98.0,1637.0,823.0,288.0,389.0,15184.0
26/07/2004,10.00.00,8.0,962.0,68.0,849.0,111.0,861.0,97.0,1559.0,804.0,317.0,315.0,14487.0
26/07/2004,11.00.00,8.0,974.0,81.0,905.0,97.0,838.0,97.0,1596.0,805.0,339.0,269.0,13964.0
26/07/2004,12.00.00,8.0,998.0,83.0,913.0,90.0,834.0,90.0,1635.0,826.0,347.0,265.0,14408.0
26/07/2004,13.00.00,8.0,964.0,86.0,923.0,87.0,834.0,92.0,1590.0,782.0,354.0,248.0,14017.0
26/07/2004,14.00.00,8.0,903.0,53.0,780.0,67.0,975.0,76.0,1464.0,593.0,352.0,241.0,13510.0
26/07/2004,15.00.00,8.0,973.0,81.0,903.0,84.0,866.0,97.0,1563.0,698.0,363.0,228.0,13564.0
26/07/2004,16.00.00,8.0,976.0,82.0,907.0,86.0,867.0,101.0,1546.0,719.0,354.0,238.0,13443.0
26/07/2004,17.00.00,8.0,1026.0,120.0,1048.0,124.0,767.0,118.0,1651.0,912.0,346.0,235.0,12691.0
26/07/2004,18.00.00,8.0,1163.0,176.0,1227.0,144.0,659.0,129.0,1931.0,1129.0,330.0,282.0,13921.0
26/07/2004,19.00.00,8.0,1082.0,145.0,1134.0,130.0,709.0,131.0,1763.0,1089.0,325.0,279.0,13373.0
26/07/2004,20.00.00,8.0,1029.0,118.0,1042.0,122.0,756.0,130.0,1697.0,1062.0,305.0,299.0,12875.0
26/07/2004,21.00.00,8.0,991.0,94.0,953.0,82.0,815.0,106.0,1616.0,924.0,291.0,331.0,13126.0
26/07/2004,22.00.00,8.0,950.0,70.0,856.0,62.0,881.0,92.0,1549.0,780.0,284.0,358.0,13665.0
26/07/2004,23.00.00,8.0,997.0,80.0,898.0,65.0,813.0,97.0,1613.0,856.0,277.0,379.0,13842.0
27/07/2004,00.00.00,8.0,912.0,60.0,810.0,52.0,873.0,80.0,1511.0,861.0,283.0,355.0,13414.0
27/07/2004,01.00.00,8.0,861.0,43.0,729.0,22.0,942.0,40.0,1479.0,684.0,271.0,386.0,13632.0
27/07/2004,02.00.00,8.0,838.0,41.0,719.0,27.0,949.0,49.0,1466.0,707.0,258.0,409.0,13377.0
27/07/2004,03.00.00,8.0,784.0,20.0,587.0,28.0,1128.0,47.5,1392.0,554.0,260.0,406.0,13467.0
27/07/2004,04.00.00,8.0,800.0,24.0,615.0,29.0,1064.0,46.0,1396.0,614.0,246.0,434.0,13248.0
27/07/2004,05.00.00,8.0,825.0,27.0,634.0,29.0,1035.0,37.0,1402.0,606.0,251.0,423.0,13260.0
27/07/2004,06.00.00,8.0,996.0,69.0,853.0,135.0,796.0,92.0,1621.0,1023.0,231.0,488.0,13638.0
27/07/2004,07.00.00,8.0,1086.0,92.0,947.0,181.0,724.0,115.0,1724.0,1134.0,247.0,468.0,14337.0
27/07/2004,08.00.00,8.0,1041.0,96.0,962.0,119.0,728.0,102.0,1694.0,936.0,246.0,451.0,13714.0
27/07/2004,09.00.00,8.0,991.0,91.0,944.0,116.0,765.0,104.0,1608.0,868.0,262.0,385.0,12932.0
27/07/2004,10.00.00,8.0,999.0,93.0,953.0,143.0,780.0,109.0,1600.0,879.0,293.0,310.0,12445.0
27/07/2004,11.00.00,8.0,981.0,85.0,918.0,126.0,839.0,108.0,1572.0,785.0,312.0,266.0,11920.0
27/07/2004,12.00.00,8.0,926.0,69.0,853.0,94.0,894.0,90.0,1478.0,651.0,311.0,262.0,11619.0
27/07/2004,13.00.00,8.0,939.0,69.0,853.0,96.0,890.0,81.0,1528.0,679.0,317.0,264.0,12153.0
27/07/2004,14.00.00,8.0,915.0,64.0,828.0,90.0,928.0,87.0,1474.0,630.0,317.0,256.0,11790.0
27/07/2004,15.00.00,8.0,883.0,62.0,820.0,93.0,942.0,82.0,1413.0,594.0,326.0,225.0,10901.0
27/07/2004,16.00.00,8.0,926.0,73.0,869.0,101.0,925.0,99.0,1470.0,655.0,328.0,222.0,10835.0
27/07/2004,17.00.00,8.0,989.0,107.0,1004.0,123.0,818.0,119.0,1577.0,783.0,324.0,224.0,10701.0
27/07/2004,18.00.00,8.0,1003.0,119.0,1045.0,136.0,781.0,128.0,1602.0,865.0,314.0,227.0,10270.0
27/07/2004,19.00.00,8.0,933.0,106.0,1001.0,109.0,819.0,111.0,1536.0,776.0,284.0,247.0,9404.0
27/07/2004,20.00.00,8.0,912.0,93.0,951.0,124.0,846.0,114.0,1479.0,861.0,277.0,242.0,8820.0
27/07/2004,21.00.00,8.0,888.0,67.0,843.0,82.0,892.0,100.0,1438.0,729.0,261.0,283.0,9456.0
27/07/2004,22.00.00,8.0,858.0,72.0,866.0,69.0,874.0,88.0,1421.0,715.0,253.0,284.0,9041.0
27/07/2004,23.00.00,8.0,837.0,59.0,809.0,60.0,940.0,78.0,1355.0,615.0,252.0,277.0,8740.0
28/07/2004,00.00.00,8.0,902.0,87.0,929.0,90.0,835.0,101.0,1482.0,824.0,245.0,280.0,8489.0
28/07/2004,01.00.00,8.0,860.0,68.0,847.0,58.0,873.0,77.0,1426.0,748.0,236.0,319.0,9195.0
28/07/2004,02.00.00,8.0,794.0,38.0,698.0,53.0,999.0,78.0,1336.0,767.0,228.0,347.0,9514.0
28/07/2004,03.00.00,8.0,742.0,22.0,602.0,49.0,1156.0,71.5,1283.0,513.0,236.0,332.0,9577.0
28/07/2004,04.00.00,8.0,779.0,32.0,663.0,45.0,1022.0,65.0,1337.0,671.0,205.0,412.0,9802.0
28/07/2004,05.00.00,8.0,798.0,39.0,706.0,61.0,977.0,74.0,1363.0,798.0,206.0,415.0,9982.0
28/07/2004,06.00.00,8.0,851.0,63.0,827.0,76.0,875.0,83.0,1449.0,912.0,202.0,425.0,9949.0
28/07/2004,07.00.00,8.0,1048.0,136.0,1105.0,144.0,670.0,96.0,1726.0,1151.0,209.0,404.0,9884.0
28/07/2004,08.00.00,8.0,1210.0,267.0,1472.0,221.0,515.0,120.0,2112.0,1525.0,224.0,380.0,10201.0
28/07/2004,09.00.00,8.0,1172.0,228.0,1372.0,282.0,575.0,147.0,1964.0,1465.0,260.0,297.0,9831.0
28/07/2004,10.00.00,8.0,1026.0,162.0,1186.0,235.0,719.0,148.0,1662.0,1138.0,314.0,186.0,8398.0
28/07/2004,11.00.00,8.0,914.0,104.0,994.0,113.0,872.0,91.0,1481.0,763.0,342.0,158.0,8371.0
28/07/2004,12.00.00,8.0,938.0,113.0,1025.0,93.0,829.0,94.0,1517.0,753.0,354.0,153.0,8649.0
28/07/2004,13.00.00,8.0,908.0,96.0,962.0,88.0,877.0,95.0,1409.0,665.0,346.0,155.0,8435.0
28/07/2004,14.00.00,8.0,892.0,78.0,889.0,87.0,909.0,92.0,1383.0,597.0,339.0,162.0,8454.0
28/07/2004,15.00.00,8.0,949.0,107.0,1003.0,109.0,830.0,113.0,1473.0,730.0,353.0,150.0,8463.0
28/07/2004,16.00.00,8.0,956.0,108.0,1007.0,106.0,838.0,111.0,1464.0,730.0,368.0,137.0,8335.0
28/07/2004,17.00.00,8.0,1070.0,173.0,1218.0,182.0,704.0,166.0,1697.0,1108.0,344.0,164.0,8761.0
28/07/2004,18.00.00,8.0,1103.0,177.0,1232.0,163.0,679.0,154.5,1732.0,1085.0,353.0,168.0,9448.0
28/07/2004,19.00.00,8.0,1074.0,155.0,1166.0,144.0,687.0,143.0,1713.0,1013.0,323.0,207.0,9875.0
28/07/2004,20.00.00,8.0,1086.0,136.0,1105.0,144.0,710.0,131.0,1682.0,1109.0,296.0,261.0,10682.0
28/07/2004,21.00.00,8.0,960.0,96.0,964.0,84.0,780.0,102.0,1532.0,913.0,286.0,272.0,10480.0
28/07/2004,22.00.00,8.0,974.0,95.0,958.0,74.0,783.0,94.0,1528.0,908.0,276.0,274.0,9926.0
28/07/2004,23.00.00,8.0,939.0,85.0,918.0,80.0,805.0,96.0,1472.0,923.0,263.0,290.0,9807.0
29/07/2004,00.00.00,8.0,954.0,90.0,940.0,78.0,776.0,88.0,1518.0,959.0,254.0,301.0,9602.0
29/07/2004,01.00.00,8.0,925.0,78.0,890.0,50.0,808.0,72.0,1480.0,898.0,247.0,321.0,9878.0
29/07/2004,02.00.00,8.0,797.0,26.0,624.0,18.0,1074.0,33.0,1276.0,546.0,257.0,309.0,10048.0
29/07/2004,03.00.00,8.0,787.0,24.0,610.0,19.5,1087.0,33.0,1259.0,543.0,251.0,326.0,10203.0
29/07/2004,04.00.00,8.0,774.0,19.0,577.0,21.0,1158.0,33.0,1265.0,488.0,239.0,344.0,10079.0
29/07/2004,05.00.00,8.0,838.0,37.0,693.0,62.0,995.0,60.0,1371.0,704.0,214.0,403.0,10157.0
29/07/2004,06.00.00,8.0,918.0,71.0,860.0,74.0,807.0,72.0,1488.0,943.0,212.0,412.0,10246.0
29/07/2004,07.00.00,8.0,1125.0,166.0,1199.0,171.0,601.0,97.0,1850.0,1304.0,216.0,409.0,10468.0
29/07/2004,08.00.00,8.0,1281.0,266.0,1469.0,287.0,491.0,136.0,2179.0,1669.0,240.0,366.0,10763.0
29/07/2004,09.00.00,8.0,1145.0,179.0,1238.0,230.0,600.0,140.0,1809.0,1507.0,268.0,295.0,10209.0
29/07/2004,10.00.00,8.0,1088.0,179.0,1238.0,261.0,654.0,171.0,1709.0,1359.0,318.0,194.0,8936.0
29/07/2004,11.00.00,8.0,1043.0,140.0,1117.0,178.0,742.0,150.0,1586.0,1076.0,344.0,166.0,8892.0
29/07/2004,12.00.00,8.0,998.0,101.0,981.0,116.0,786.0,117.0,1480.0,797.0,353.0,167.0,9402.0
29/07/2004,13.00.00,8.0,998.0,95.0,958.0,96.0,800.0,106.0,1484.0,677.0,364.0,168.0,10033.0
29/07/2004,14.00.00,8.0,960.0,71.0,860.0,83.0,887.0,95.0,1417.0,559.0,348.0,195.0,10667.0
29/07/2004,15.00.00,8.0,1062.0,123.0,1060.0,120.0,725.0,137.0,1601.0,830.0,386.0,161.0,10853.0
29/07/2004,16.00.00,8.0,1050.0,117.0,1039.0,108.0,756.0,129.0,1558.0,734.0,385.0,165.0,11037.0
29/07/2004,17.00.00,8.0,1096.0,128.0,1078.0,115.0,713.0,135.0,1600.0,801.0,374.0,181.0,11467.0
29/07/2004,18.00.00,8.0,1081.0,140.0,1117.0,102.0,689.0,127.0,1668.0,828.0,357.0,198.0,11399.0
29/07/2004,19.00.00,8.0,1096.0,139.0,1112.0,118.0,687.0,122.0,1694.0,865.0,320.0,249.0,11663.0
29/07/2004,20.00.00,8.0,1051.0,117.0,1039.0,107.0,720.0,118.0,1641.0,916.0,297.0,281.0,11544.0
29/07/2004,21.00.00,8.0,1106.0,138.0,1109.0,129.0,658.0,135.0,1752.0,1106.0,285.0,321.0,12296.0
29/07/2004,22.00.00,8.0,1177.0,148.0,1142.0,133.0,601.0,134.0,1868.0,1226.0,276.0,405.0,14715.0
29/07/2004,23.00.00,8.0,1111.0,119.0,1046.0,98.0,651.0,105.0,1754.0,1106.0,263.0,456.0,15349.0
30/07/2004,00.00.00,8.0,1083.0,111.0,1019.0,110.0,677.0,104.0,1720.0,1087.0,257.0,461.0,15025.0
30/07/2004,01.00.00,8.0,1005.0,80.0,900.0,62.0,747.0,81.0,1620.0,1000.0,251.0,463.0,14486.0
30/07/2004,02.00.00,8.0,942.0,56.0,791.0,55.0,841.0,69.0,1551.0,859.0,235.0,513.0,14670.0
30/07/2004,03.00.00,8.0,907.0,71.0,863.0,45.0,782.0,60.0,1669.0,919.0,231.0,521.0,14518.0
30/07/2004,04.00.00,8.0,867.0,35.0,680.0,35.0,932.0,51.0,1477.0,777.0,237.0,512.0,14795.0
30/07/2004,05.00.00,8.0,882.0,41.0,716.0,52.0,894.0,52.0,1494.0,790.0,230.0,522.0,14516.0
30/07/2004,06.00.00,8.0,894.0,49.0,761.0,36.0,862.0,48.0,1504.0,768.0,230.0,499.0,13849.0
30/07/2004,07.00.00,8.0,1263.0,194.0,1279.0,182.0,559.0,105.0,2132.0,1388.0,230.0,509.0,14105.0
30/07/2004,08.00.00,8.0,1380.0,263.0,1463.0,297.0,470.0,150.0,2322.0,1691.0,244.0,493.0,14814.0
30/07/2004,09.00.00,8.0,1333.0,220.0,1350.0,237.0,511.0,160.0,2186.0,1655.0,268.0,466.0,16157.0
30/07/2004,10.00.00,8.0,1264.0,181.0,1244.0,235.0,584.0,167.0,1972.0,1496.0,322.0,326.0,15412.0
30/07/2004,11.00.00,8.0,1115.0,121.0,1053.0,158.0,686.0,141.0,1722.0,1086.0,348.0,260.0,14241.0
30/07/2004,12.00.00,8.0,1078.0,94.0,956.0,89.0,742.0,104.0,1628.0,763.0,361.0,248.0,14628.0
30/07/2004,13.00.00,8.0,1055.0,101.0,980.0,80.0,742.0,101.0,1610.0,688.0,377.0,218.0,13977.0
30/07/2004,14.00.00,8.0,1031.0,105.0,995.0,93.0,752.0,118.0,1580.0,694.0,369.0,218.0,13384.0
30/07/2004,15.00.00,8.0,1033.0,108.0,1006.0,96.0,749.0,121.0,1564.0,725.0,391.0,187.0,12884.0
30/07/2004,16.00.00,8.0,1043.0,96.0,962.0,98.0,777.0,124.0,1554.0,686.0,393.0,189.0,13180.0
30/07/2004,17.00.00,8.0,1118.0,130.0,1084.0,104.0,684.0,127.0,1723.0,838.0,382.0,218.0,14312.0
30/07/2004,18.00.00,8.0,1137.0,155.0,1165.0,121.0,649.0,137.0,1840.0,974.0,366.0,233.0,14042.0
30/07/2004,19.00.00,8.0,1153.0,165.0,1194.0,116.0,628.0,137.0,1874.0,1038.0,333.0,287.0,14454.0
30/07/2004,20.00.00,8.0,1145.0,145.0,1134.0,121.0,647.0,135.0,1828.0,1108.0,309.0,342.0,15064.0
30/07/2004,21.00.00,8.0,1149.0,132.0,1092.0,114.0,667.0,118.0,1808.0,1135.0,291.0,389.0,15384.0
30/07/2004,22.00.00,8.0,1149.0,148.0,1143.0,112.0,620.0,111.0,1827.0,1143.0,281.0,403.0,15086.0
30/07/2004,23.00.00,8.0,1052.0,107.0,1002.0,81.0,716.0,85.0,1667.0,908.0,270.0,416.0,14596.0
31/07/2004,00.00.00,8.0,993.5,85.5,917.0,220.0,762.5,158.0,1616.5,843.0,263.5,442.0,14913.0
31/07/2004,01.00.00,8.0,935.0,64.0,832.0,81.0,809.0,77.0,1566.0,778.0,257.0,468.0,15230.0
31/07/2004,02.00.00,8.0,935.0,55.0,787.0,43.0,864.0,56.0,1588.0,728.0,251.0,511.0,16044.0
31/07/2004,03.00.00,8.0,930.0,52.0,772.0,34.5,854.0,46.5,1613.0,728.0,237.0,565.0,16341.0
31/07/2004,04.00.00,8.0,880.0,39.0,704.0,26.0,913.0,37.0,1529.0,676.0,238.0,553.0,16068.0
31/07/2004,05.00.00,8.0,916.0,47.0,748.0,40.0,878.0,49.0,1559.0,742.0,237.0,546.0,15823.0
31/07/2004,06.00.00,12.0,975.0,73.0,871.0,72.0,771.0,71.0,1666.0,942.0,226.0,588.0,15903.0
31/07/2004,07.00.00,1.0,948.0,64.0,829.0,68.0,801.0,71.0,1600.0,926.0,240.0,534.0,15748.0
31/07/2004,08.00.00,15.0,1069.0,92.0,947.0,89.0,728.0,86.0,1763.0,1039.0,252.0,510.0,16131.0
31/07/2004,09.00.00,28.0,1210.0,125.0,1067.0,151.0,642.0,125.0,1879.0,1158.0,273.0,471.0,16807.0
31/07/2004,10.00.00,34.0,1272.0,157.0,1170.0,215.0,620.0,160.0,1957.0,1347.0,328.0,334.0,16330.0
31/07/2004,11.00.00,33.0,1240.0,159.0,1175.0,196.0,614.0,174.0,1895.0,1262.0,360.0,280.0,16304.0
31/07/2004,12.00.00,29.0,1171.0,146.0,1135.0,161.0,654.0,146.0,1797.0,1073.0,385.0,238.0,15944.0
31/07/2004,13.00.00,22.0,1072.0,117.0,1039.0,120.0,745.0,127.0,1611.0,817.0,398.0,205.0,14687.0
31/07/2004,14.00.00,16.0,970.0,74.0,873.0,88.0,859.0,114.0,1423.0,606.0,381.0,220.0,14402.0
31/07/2004,15.00.00,9.0,938.0,61.0,816.0,38.0,917.0,65.0,1418.0,506.0,400.0,200.0,14517.0
31/07/2004,16.00.00,11.0,976.0,69.0,852.0,47.0,866.0,77.0,1467.0,559.0,404.0,198.0,14724.0
31/07/2004,17.00.00,1.0,958.0,62.0,820.0,40.0,886.0,68.0,1452.0,530.0,391.0,207.0,14270.0
31/07/2004,18.00.00,13.0,1014.0,81.0,903.0,58.0,816.0,92.0,1554.0,612.0,373.0,243.0,15222.0
31/07/2004,19.00.00,16.0,1091.0,102.0,987.0,71.0,737.0,104.0,1711.0,774.0,340.0,309.0,16158.0
31/07/2004,20.00.00,18.0,1080.0,107.0,1004.0,90.0,724.0,114.0,1704.0,899.0,318.0,345.0,15911.0
31/07/2004,21.00.00,22.0,1128.0,130.0,1082.0,95.0,675.0,105.0,1817.0,1066.0,301.0,377.0,15799.0
31/07/2004,22.00.00,18.0,1105.0,114.0,1027.0,85.0,684.0,85.0,1758.0,1040.0,286.0,423.0,16251.0
31/07/2004,23.00.00,23.0,1141.0,133.0,1095.0,119.0,642.0,92.0,1816.0,1139.0,277.0,446.0,16304.0
01/08/2004,00.00.00,2.0,1104.0,112.0,1020.0,106.0,681.0,82.0,1771.0,1086.0,266.0,475.0,16265.0
01/08/2004,01.00.00,18.0,1065.0,98.0,970.0,77.0,698.0,70.0,1724.0,1049.0,257.0,507.0,16491.0
01/08/2004,02.00.00,9.0,971.0,62.0,821.0,28.0,820.0,40.0,1637.0,811.0,251.0,539.0,16890.0
01/08/2004,03.00.00,5.0,891.0,36.0,691.0,24.5,941.0,33.0,1553.0,629.0,248.0,587.0,18089.0
01/08/2004,04.00.00,6.0,936.0,40.0,713.0,21.0,883.0,26.0,1584.0,723.0,235.0,636.0,18223.0
01/08/2004,05.00.00,4.0,845.0,26.0,625.0,17.0,993.0,21.0,1513.0,646.0,243.0,594.0,17838.0
01/08/2004,06.00.00,4.0,872.0,26.0,627.0,24.0,997.0,30.0,1530.0,670.0,233.0,620.0,17547.0
01/08/2004,07.00.00,4.0,903.0,29.0,648.0,19.0,975.0,21.0,1559.0,603.0,241.0,631.0,18619.0
01/08/2004,08.00.00,8.0,971.0,42.0,722.0,39.0,876.0,35.0,1624.0,687.0,250.0,607.0,18920.0
01/08/2004,09.00.00,8.0,1006.0,55.0,789.0,46.0,824.0,36.0,1657.0,733.0,273.0,524.0,18707.0
01/08/2004,10.00.00,9.0,1012.0,58.0,804.0,53.0,832.0,48.0,1638.0,766.0,324.0,373.0,17808.0
01/08/2004,11.00.00,7.0,975.0,45.0,737.0,32.0,896.0,39.0,1531.0,621.0,354.0,313.0,17736.0
01/08/2004,12.00.00,6.0,944.0,43.0,730.0,30.0,933.0,34.0,1495.0,560.0,374.0,282.0,17808.0
01/08/2004,13.00.00,5.0,857.0,35.0,685.0,24.0,1055.0,33.0,1331.0,451.0,392.0,202.0,14104.0
01/08/2004,14.00.00,6.0,824.0,35.0,683.0,34.0,1119.0,42.0,1270.0,393.0,381.0,185.0,12141.0
01/08/2004,15.00.00,7.0,868.0,39.0,707.0,63.0,1063.0,85.0,1325.0,417.0,402.0,177.0,12989.0
01/08/2004,16.00.00,9.0,908.0,47.0,748.0,69.0,1020.0,92.0,1373.0,451.0,397.0,191.0,13646.0
01/08/2004,17.00.00,9.0,912.0,53.0,776.0,61.0,991.0,84.0,1379.0,461.0,385.0,198.0,13260.0
01/08/2004,18.00.00,12.0,986.0,64.0,830.0,73.0,906.0,100.0,1482.0,536.0,366.0,246.0,14872.0
01/08/2004,19.00.00,14.0,1037.0,80.0,900.0,75.0,817.0,95.0,1584.0,619.0,331.0,327.0,16200.0
01/08/2004,20.00.00,15.0,1088.0,92.0,948.0,69.0,743.0,77.0,1667.0,766.0,307.0,387.0,16780.0
01/08/2004,21.00.00,17.0,1093.0,91.0,944.0,71.0,711.0,85.0,1655.0,785.0,295.0,427.0,17316.0
01/08/2004,22.00.00,17.0,1142.0,91.0,945.0,73.0,682.0,83.0,1736.0,793.0,278.0,526.0,19398.0
01/08/2004,23.00.00,17.0,1170.0,95.0,959.0,86.0,666.0,88.0,1798.0,838.0,274.0,555.0,19998.0
02/08/2004,00.00.00,19.0,1142.0,91.0,945.0,65.0,672.0,68.0,1775.0,799.0,273.0,571.0,20426.0
02/08/2004,01.00.00,12.0,986.0,50.0,762.0,74.0,821.0,97.0,1573.0,553.0,267.0,601.0,20670.0
02/08/2004,02.00.00,7.0,942.0,37.0,696.0,45.0,916.0,51.0,1542.0,465.0,262.0,616.0,20575.0
02/08/2004,03.00.00,3.0,882.0,22.0,595.0,23.5,1097.0,28.0,1463.0,406.0,255.0,628.0,20236.0
02/08/2004,04.00.00,2.0,854.0,16.0,553.0,2.0,1203.0,5.0,1418.0,396.0,255.0,618.0,19831.0
02/08/2004,05.00.00,4.0,910.0,27.0,630.0,29.0,1061.0,35.0,1504.0,468.0,251.0,624.0,19602.0
02/08/2004,06.00.00,8.0,1005.0,56.0,791.0,42.0,829.0,56.0,1650.0,638.0,246.0,627.0,19158.0
02/08/2004,07.00.00,19.0,1193.0,130.0,1085.0,146.0,610.0,110.0,1947.0,1097.0,257.0,589.0,19156.0
02/08/2004,08.00.00,19.0,1297.0,178.0,1233.0,154.5,544.0,117.0,2129.0,1248.0,271.0,544.0,19206.0
02/08/2004,09.00.00,19.0,1180.0,115.0,1031.0,163.0,633.0,124.0,1866.0,1067.0,284.0,507.0,19329.0
02/08/2004,10.00.00,19.0,1134.0,111.0,1017.0,144.0,689.0,115.0,1774.0,964.0,327.0,369.0,17953.0
02/08/2004,11.00.00,19.0,1113.0,110.0,1013.0,125.0,702.0,119.0,1781.0,903.0,340.0,327.0,17146.0
02/08/2004,12.00.00,17.0,1084.0,107.0,1004.0,90.0,706.0,107.0,1761.0,839.0,356.0,292.0,16684.0
02/08/2004,13.00.00,14.0,1009.0,85.0,921.0,76.0,778.0,99.0,1635.0,692.0,371.0,256.0,15868.0
02/08/2004,14.00.00,12.0,1002.0,87.0,928.0,73.0,798.0,95.0,1636.0,629.0,361.0,264.0,15505.0
02/08/2004,15.00.00,14.0,1007.0,94.0,956.0,73.0,763.0,105.0,1654.0,666.0,379.0,238.0,15392.0
02/08/2004,16.00.00,14.0,996.0,95.0,959.0,80.0,779.0,117.0,1636.0,684.0,380.0,222.0,14483.0
02/08/2004,17.00.00,19.0,1050.0,129.0,1082.0,121.0,705.0,157.0,1731.0,816.0,369.0,227.0,13887.0
02/08/2004,18.00.00,22.0,1100.0,137.0,1107.0,129.0,676.0,173.0,1801.0,876.0,355.0,257.0,14626.0
02/08/2004,19.00.00,19.0,1085.0,122.0,1057.0,103.0,689.0,139.0,1775.0,836.0,328.0,322.0,15779.0
02/08/2004,20.00.00,17.0,1079.0,118.0,1042.0,87.0,697.0,116.0,1773.0,846.0,305.0,382.0,16376.0
02/08/2004,21.00.00,12.0,1086.0,99.0,974.0,58.0,707.0,91.0,1733.0,795.0,288.0,435.0,16989.0
02/08/2004,22.00.00,3.0,1092.0,107.0,1005.0,64.0,669.0,98.0,1746.0,836.0,280.0,462.0,17210.0
02/08/2004,23.00.00,1.0,1097.0,94.0,956.0,58.0,708.0,93.0,1724.0,818.0,271.0,494.0,17398.0
03/08/2004,00.00.00,1.0,1075.0,81.0,904.0,44.0,720.0,74.0,1692.0,777.0,264.0,522.0,17708.0
03/08/2004,01.00.00,1.077922077922078,1008.0,66.0,838.0,28.0,774.0,50.0,1640.0,733.0,262.0,523.0,17561.0
03/08/2004,02.00.00,1.155844155844156,895.0,33.0,672.0,19.0,941.0,36.0,1469.0,703.0,271.0,474.0,16809.0
03/08/2004,03.00.00,1.2337662337662338,838.0,17.0,559.0,33.5,1186.0,45.5,1428.0,559.0,280.0,452.0,16832.0
03/08/2004,04.00.00,1.3116883116883118,866.0,23.0,603.0,48.0,1077.0,55.0,1459.0,589.0,258.0,509.0,16605.0
03/08/2004,05.00.00,1.3896103896103895,872.0,25.0,617.0,77.0,1026.0,86.0,1456.0,585.0,272.0,472.0,16803.0
03/08/2004,06.00.00,1.4675324675324675,922.0,32.0,664.0,110.0,973.0,137.0,1503.0,644.0,270.0,483.0,16946.0
03/08/2004,07.00.00,1.5454545454545454,1362.0,193.0,1277.0,282.0,529.0,140.0,2188.0,1392.0,259.0,515.0,17000.0
03/08/2004,08.00.00,1.6233766233766234,1349.0,213.0,1333.0,275.0,487.0,142.0,2256.0,1533.0,274.0,486.0,17447.0
03/08/2004,09.00.00,1.7012987012987013,1298.0,172.0,1215.0,253.0,539.0,185.0,2068.0,1404.0,291.0,455.0,17998.0
03/08/2004,10.00.00,1.7792207792207793,1234.0,152.0,1154.0,211.0,596.0,173.0,1965.0,1204.0,328.0,369.0,18030.0
03/08/2004,11.00.00,1.8571428571428572,1147.0,106.0,999.0,176.0,697.0,158.0,1788.0,915.0,347.0,321.0,17410.0
03/08/2004,12.00.00,1.935064935064935,1173.0,123.0,1061.0,153.0,650.0,127.0,1858.0,940.0,337.0,351.0,18022.0
03/08/2004,13.00.00,2.012987012987013,1118.0,105.0,995.0,144.0,689.0,111.0,1779.0,863.0,351.0,324.0,17996.0
03/08/2004,14.00.00,2.090909090909091,1078.0,93.0,951.0,127.0,722.0,114.0,1718.0,747.0,354.0,309.0,17505.0
03/08/2004,15.00.00,2.1688311688311686,1076.0,93.0,951.0,112.0,730.0,109.0,1675.0,704.0,365.0,287.0,17256.0
03/08/2004,16.00.00,2.2467532467532467,1103.0,110.0,1014.0,130.0,684.0,123.0,1749.0,791.0,380.0,247.0,16073.0
03/08/2004,17.00.00,2.324675324675325,1117.0,121.0,1052.0,148.0,671.0,137.0,1780.0,824.0,375.0,244.0,15515.0
03/08/2004,18.00.00,2.4025974025974026,1166.0,137.0,1108.0,140.0,622.0,134.0,1854.0,913.0,355.0,289.0,16468.0
03/08/2004,19.00.00,2.4805194805194803,1157.0,129.0,1082.0,125.0,631.0,114.0,1854.0,907.0,319.0,375.0,17442.0
03/08/2004,20.00.00,2.5584415584415585,1136.0,103.0,990.0,111.0,672.0,100.0,1807.0,918.0,301.0,450.0,18891.0
03/08/2004,21.00.00,2.6363636363636362,1122.0,95.0,959.0,102.0,685.0,92.0,1798.0,914.0,288.0,489.0,19105.0
03/08/2004,22.00.00,2.7142857142857144,1121.0,103.0,989.0,108.0,659.0,97.0,1821.0,955.0,288.0,488.0,19039.0
03/08/2004,23.00.00,2.792207792207792,1150.0,112.0,1020.0,132.0,645.0,111.0,1835.0,1063.0,280.0,490.0,18237.0
04/08/2004,00.00.00,2.87012987012987,1074.0,92.0,949.0,104.0,678.0,89.0,1751.0,982.0,275.0,515.0,18664.0
04/08/2004,01.00.00,2.948051948051948,1039.0,80.0,899.0,92.0,714.0,87.0,1717.0,914.0,273.0,515.0,18440.0
04/08/2004,02.00.00,3.0259740259740258,963.0,58.0,804.0,78.0,791.0,69.0,1658.0,861.0,267.0,533.0,18366.0
04/08/2004,03.00.00,3.103896103896104,889.0,40.0,710.0,78.78787878787878,889.0,70.39393939393939,1566.0,713.0,259.0,551.0,18117.0
04/08/2004,04.00.00,3.1818181818181817,868.0,30.0,652.0,79.57575757575758,962.0,71.78787878787878,1526.0,740.0,270.0,518.0,18147.0
04/08/2004,05.00.00,3.25974025974026,877.0,30.0,654.0,80.36363636363636,987.0,73.18181818181819,1529.0,801.0,268.0,509.0,17693.0
04/08/2004,06.00.00,3.3376623376623376,1056.0,78.0,893.0,81.15151515151516,733.0,74.57575757575758,1743.0,1132.0,250.0,570.0,17792.0
04/08/2004,07.00.00,3.4155844155844157,1288.0,193.0,1278.0,81.93939393939394,521.0,75.96969696969697,2182.0,1473.0,262.0,528.0,17729.0
04/08/2004,08.00.00,3.4935064935064934,1381.0,260.0,1454.0,82.72727272727272,455.0,77.36363636363636,2404.0,1607.0,283.0,476.0,17981.0
04/08/2004,09.00.00,3.571428571428571,1113.0,106.0,1001.0,83.51515151515152,663.0,78.75757575757575,1783.0,1146.0,299.0,421.0,17474.0
04/08/2004,10.00.00,3.6493506493506493,1062.0,82.0,909.0,84.3030303030303,764.0,80.15151515151516,1687.0,867.0,330.0,354.0,17504.0
04/08/2004,11.00.00,3.727272727272727,1094.0,99.0,976.0,85.0909090909091,719.0,81.54545454545455,1753.0,869.0,356.0,306.0,17493.0
04/08/2004,12.00.00,3.8051948051948052,1050.0,86.0,923.0,85.87878787878788,747.0,82.93939393939394,1662.0,744.0,371.0,279.0,17309.0
04/08/2004,13.00.00,3.883116883116883,1056.0,87.0,926.0,86.66666666666667,748.0,84.33333333333333,1643.0,702.0,379.0,257.0,16651.0
04/08/2004,14.00.00,3.961038961038961,944.0,60.0,814.0,87.45454545454545,852.0,85.72727272727272,1489.0,554.0,372.0,236.0,14764.0
04/08/2004,15.00.00,4.038961038961039,1003.0,80.0,901.0,88.24242424242425,813.0,87.12121212121212,1589.0,661.0,391.0,217.0,15031.0
04/08/2004,16.00.00,4.116883116883117,1018.0,76.0,881.0,89.03030303030303,828.0,88.51515151515152,1590.0,630.0,393.0,220.0,15366.0
04/08/2004,17.00.00,4.194805194805195,1108.0,107.0,1003.0,89.81818181818181,727.0,89.9090909090909,1710.0,803.0,382.0,238.0,15666.0
04/08/2004,18.00.00,4.2727272727272725,1049.0,87.0,927.0,90.60606060606061,750.0,91.30303030303031,1659.0,727.0,340.0,332.0,17395.0
04/08/2004,19.00.00,4.35064935064935,1078.0,80.0,897.0,91.39393939393939,732.0,92.6969696969697,1751.0,894.0,255.0,586.0,18891.0
04/08/2004,20.00.00,4.428571428571429,999.0,72.0,867.0,92.18181818181819,785.0,94.0909090909091,1644.0,864.0,272.0,460.0,16376.0
04/08/2004,21.00.00,4.5064935064935066,943.0,57.0,798.0,92.96969696969697,846.0,95.48484848484848,1571.0,743.0,276.0,452.0,16479.0
04/08/2004,22.00.00,4.584415584415584,987.0,55.0,790.0,93.75757575757575,838.0,96.87878787878788,1608.0,830.0,254.0,527.0,16867.0
04/08/2004,23.00.00,4.662337662337663,939.0,46.0,743.0,94.54545454545455,894.0,98.27272727272728,1539.0,675.0,261.0,494.0,16491.0
05/08/2004,00.00.00,4.74025974025974,1015.0,66.0,840.0,95.33333333333333,783.0,99.66666666666667,1664.0,839.0,250.0,536.0,16721.0
05/08/2004,01.00.00,4.818181818181818,935.0,45.0,737.0,96.12121212121212,869.0,101.06060606060606,1548.0,758.0,254.0,529.0,16980.0
05/08/2004,02.00.00,4.896103896103896,908.0,38.0,700.0,96.9090909090909,922.0,102.45454545454545,1547.0,644.0,254.0,544.0,17384.0
05/08/2004,03.00.00,4.974025974025974,853.0,23.0,605.0,97.69696969696969,1032.0,103.84848484848484,1488.0,615.0,254.0,546.0,17432.0
05/08/2004,04.00.00,5.0519480519480515,851.0,21.0,592.0,98.48484848484848,1054.0,105.24242424242425,1482.0,578.0,245.0,571.0,17327.0
05/08/2004,05.00.00,5.12987012987013,957.0,39.0,705.0,99.27272727272728,857.0,106.63636363636364,1578.0,843.0,228.0,637.0,17392.0
05/08/2004,06.00.00,5.207792207792208,1059.0,65.0,836.0,100.06060606060606,742.0,108.03030303030303,1675.0,1113.0,226.0,641.0,17358.0
05/08/2004,07.00.00,5.285714285714286,1261.0,145.0,1134.0,100.84848484848484,557.0,109.42424242424244,2015.0,1388.0,243.0,580.0,17429.0
05/08/2004,08.00.00,5.363636363636363,1215.0,151.0,1150.0,101.63636363636364,574.0,110.81818181818181,1962.0,1310.0,265.0,504.0,17215.0
05/08/2004,09.00.00,5.441558441558441,1097.0,90.0,940.0,102.42424242424242,676.0,112.21212121212122,1727.0,1056.0,281.0,454.0,16970.0
05/08/2004,10.00.00,5.51948051948052,1135.0,114.0,1030.0,103.21212121212122,662.0,113.60606060606061,1789.0,1104.0,317.0,367.0,16843.0
05/08/2004,11.00.00,5.597402597402597,1117.0,112.0,1020.0,104.0,706.0,115.0,1731.0,973.0,358.0,287.0,16626.0
05/08/2004,12.00.00,5.675324675324675,1108.0,102.0,985.0,98.0,727.0,108.0,1708.0,1001.0,368.0,272.0,16623.0
05/08/2004,13.00.00,5.753246753246753,1038.0,82.0,906.0,66.0,808.0,86.0,1567.0,747.0,383.0,245.0,16220.0
05/08/2004,14.00.00,5.8311688311688314,985.0,66.0,838.0,60.0,850.0,84.0,1541.0,653.0,342.0,308.0,16299.0
05/08/2004,15.00.00,5.909090909090909,1100.0,64.0,832.0,85.0,767.0,97.0,1695.0,934.0,287.0,514.0,19871.0
05/08/2004,16.00.00,5.987012987012987,1067.0,70.0,855.0,90.0,748.0,102.0,1700.0,811.0,239.0,691.0,20202.0
05/08/2004,17.00.00,6.064935064935065,1140.0,96.0,963.0,122.0,669.0,102.0,1815.0,918.0,215.0,788.0,19939.0
05/08/2004,18.00.00,6.142857142857142,1113.0,94.0,954.0,117.0,682.0,99.0,1801.0,899.0,216.0,785.0,19940.0
05/08/2004,19.00.00,6.220779220779221,1124.0,102.0,984.0,115.0,678.0,97.0,1826.0,902.0,215.0,784.0,19818.0
05/08/2004,20.00.00,6.298701298701299,1056.0,77.0,886.0,127.0,732.0,101.0,1721.0,900.0,208.0,809.0,19637.0
05/08/2004,21.00.00,6.376623376623376,1002.0,54.0,783.0,79.0,805.0,92.0,1623.0,875.0,207.0,818.0,19717.0
05/08/2004,22.00.00,6.454545454545454,971.0,55.0,789.0,61.0,816.0,70.0,1594.0,879.0,231.0,701.0,19582.0
05/08/2004,23.00.00,6.532467532467533,1001.0,57.0,799.0,67.0,829.0,72.0,1619.0,859.0,227.0,684.0,18627.0
06/08/2004,00.00.00,6.6103896103896105,1058.0,72.0,867.0,93.0,731.0,80.0,1685.0,1048.0,221.0,726.0,19105.0
06/08/2004,01.00.00,6.688311688311688,1030.0,68.0,848.0,77.0,734.0,71.0,1691.0,1048.0,218.0,741.0,19150.0
06/08/2004,02.00.00,6.766233766233766,950.0,50.0,762.0,60.0,827.0,69.0,1616.0,959.0,219.0,728.0,18944.0
06/08/2004,03.00.00,6.844155844155844,912.0,41.0,716.0,52.5,875.0,62.0,1586.0,898.0,217.0,732.0,18763.0
06/08/2004,04.00.00,6.922077922077922,893.0,34.0,676.0,45.0,930.0,55.0,1567.0,859.0,214.0,755.0,19033.0
06/08/2004,05.00.00,7.0,938.0,44.0,734.0,65.0,847.0,57.0,1607.0,947.0,214.0,755.0,19069.0
06/08/2004,06.00.00,12.0,1065.0,77.0,889.0,94.0,722.0,56.0,1760.0,1081.0,219.0,749.0,19396.0
06/08/2004,07.00.00,23.0,1240.0,136.0,1102.0,205.0,588.0,72.0,1989.0,1257.0,220.0,759.0,19817.0
06/08/2004,08.00.00,3.0,1307.0,191.0,1270.0,240.0,516.0,84.0,2191.0,1404.0,225.0,749.0,20190.0
06/08/2004,09.00.00,29.0,1229.0,163.0,1188.0,237.0,557.0,97.0,2033.0,1412.0,245.0,662.0,20011.0
06/08/2004,10.00.00,26.0,1220.0,142.0,1122.0,245.0,601.0,107.0,1974.0,1428.0,256.0,612.0,19808.0
06/08/2004,11.00.00,26.0,1218.0,156.0,1168.0,206.0,607.0,117.0,2000.0,1451.0,293.0,484.0,19367.0
06/08/2004,12.00.00,26.0,1171.0,144.0,1129.0,156.0,631.0,120.0,1911.0,1346.0,335.0,360.0,18395.0
06/08/2004,13.00.00,21.0,1067.0,105.0,995.0,126.0,717.0,110.0,1730.0,1093.0,356.0,298.0,17045.0
06/08/2004,14.00.00,17.0,1054.0,102.0,985.0,108.0,735.0,104.0,1742.0,940.0,337.0,334.0,17186.0
06/08/2004,15.00.00,19.0,1051.0,107.0,1003.0,102.0,711.0,110.0,1715.0,909.0,341.0,333.0,17509.0
06/08/2004,16.00.00,25.0,1103.0,116.0,1035.0,110.0,672.0,111.0,1834.0,1005.0,315.0,435.0,19797.0
06/08/2004,17.00.00,11.0,970.0,79.0,894.0,57.0,761.0,64.0,1649.0,756.0,325.0,406.0,19481.0
06/08/2004,18.00.00,21.0,1100.0,117.0,1038.0,109.0,668.0,92.0,1873.0,1080.0,298.0,452.0,18642.0
06/08/2004,19.00.00,26.0,1129.0,146.0,1137.0,151.0,606.0,114.0,1952.0,1220.0,277.0,499.0,18189.0
06/08/2004,20.00.00,26.0,1126.0,132.0,1089.0,153.0,620.0,116.0,1886.0,1208.0,264.0,546.0,18459.0
06/08/2004,21.00.00,17.0,1019.0,98.0,971.0,103.0,692.0,94.0,1760.0,1057.0,255.0,580.0,18611.0
06/08/2004,22.00.00,15.0,1011.0,88.0,930.0,76.0,728.0,77.0,1723.0,1009.0,251.0,599.0,18797.0
06/08/2004,23.00.00,18.0,1039.0,104.0,991.0,93.0,685.0,74.0,1820.0,1088.0,241.0,635.0,18828.0
07/08/2004,00.00.00,14.0,974.0,85.0,920.0,75.0,718.0,62.0,1755.0,1062.0,238.0,650.0,18897.0
07/08/2004,01.00.00,12.0,925.0,64.0,831.0,57.0,789.0,57.0,1662.0,975.0,234.0,649.0,18430.0
07/08/2004,02.00.00,7.0,810.0,34.0,674.0,32.0,976.0,45.0,1530.0,793.0,244.0,586.0,17714.0
07/08/2004,03.00.00,6.0,800.0,26.0,627.0,37.0,1032.0,47.0,1519.0,787.0,233.0,633.0,17895.0
07/08/2004,04.00.00,7.0,813.0,29.0,645.0,42.0,990.0,49.0,1530.0,802.0,219.0,671.0,17414.0
07/08/2004,05.00.00,5.0,788.0,23.0,604.0,37.0,1068.0,45.0,1507.0,754.0,236.0,612.0,17588.0
07/08/2004,06.00.00,6.0,815.0,33.0,670.0,44.0,971.0,44.0,1538.0,774.0,226.0,634.0,17136.0
07/08/2004,07.00.00,9.0,868.0,51.0,771.0,51.0,840.0,43.0,1608.0,860.0,229.0,626.0,17253.0
07/08/2004,08.00.00,12.0,951.0,77.0,886.0,74.0,742.0,51.0,1705.0,988.0,233.0,618.0,17504.0
07/08/2004,09.00.00,2.0,1075.0,105.0,996.0,115.0,649.0,84.0,1838.0,1113.0,254.0,562.0,17961.0
07/08/2004,10.00.00,19.0,1058.0,109.0,1012.0,109.0,676.0,96.0,1782.0,1063.0,306.0,419.0,18104.0
07/08/2004,11.00.00,17.0,1012.0,84.0,914.0,80.0,760.0,88.0,1653.0,858.0,335.0,340.0,17300.0
07/08/2004,12.00.00,12.0,929.0,60.0,811.0,57.0,862.0,67.0,1541.0,642.0,355.0,298.0,17004.0
07/08/2004,13.00.00,11.0,902.0,60.0,813.0,56.0,875.0,64.0,1518.0,588.0,375.0,247.0,15637.0
07/08/2004,14.00.00,1.0,836.0,47.0,750.0,43.0,960.0,54.0,1390.0,484.0,351.0,252.0,14020.0
07/08/2004,15.00.00,1.0,858.0,53.0,776.0,43.0,947.0,56.0,1431.0,498.0,381.0,211.0,13863.0
07/08/2004,16.00.00,1.0,886.0,58.0,803.0,51.0,939.0,68.0,1460.0,538.0,385.0,218.0,14653.0
07/08/2004,17.00.00,12.0,974.0,65.0,833.0,46.0,864.0,67.0,1577.0,565.0,368.0,295.0,18037.0
07/08/2004,18.00.00,16.0,1008.0,84.0,915.0,71.0,783.0,95.0,1643.0,672.0,349.0,334.0,18384.0
07/08/2004,19.00.00,16.0,990.0,83.0,912.0,65.0,777.0,86.0,1648.0,689.0,322.0,374.0,17655.0
07/08/2004,20.00.00,16.0,981.0,84.0,917.0,78.0,740.0,93.0,1649.0,714.0,297.0,417.0,17081.0
07/08/2004,21.00.00,13.0,954.0,64.0,828.0,51.0,793.0,68.0,1589.0,631.0,277.0,474.0,17344.0
07/08/2004,22.00.00,19.0,1030.0,103.0,988.0,84.0,686.0,95.0,1751.0,829.0,273.0,494.0,17602.0
07/08/2004,23.00.00,19.0,1033.0,109.0,1011.0,89.0,681.0,93.0,1768.0,875.0,263.0,513.0,17251.0
08/08/2004,00.00.00,15.0,963.0,74.0,872.0,65.0,767.0,69.0,1617.0,803.0,257.0,541.0,17546.0
08/08/2004,01.00.00,11.0,918.0,58.0,805.0,43.0,816.0,55.0,1571.0,759.0,254.0,551.0,17628.0
08/08/2004,02.00.00,8.0,868.0,45.0,736.0,32.0,894.0,39.0,1548.0,638.0,249.0,573.0,17822.0
08/08/2004,03.00.00,9.0,886.0,46.0,744.0,27.0,869.0,36.0,1590.0,700.0,241.0,618.0,18339.0
08/08/2004,04.00.00,6.0,813.0,24.0,609.0,22.0,1017.0,33.0,1473.0,615.0,239.0,612.0,17871.0
08/08/2004,05.00.00,6.0,815.0,24.0,616.0,21.0,1080.0,29.0,1532.0,596.0,238.0,613.0,17881.0
08/08/2004,06.00.00,7.0,815.0,26.0,627.0,27.0,1049.0,36.0,1518.0,650.0,234.0,617.0,17495.0
08/08/2004,07.00.00,6.0,835.0,28.0,638.0,31.0,1024.0,38.0,1506.0,655.0,243.0,584.0,17508.0
08/08/2004,08.00.00,1.0,921.0,45.0,738.0,46.0,901.0,47.0,1585.0,779.0,251.0,566.0,17798.0
08/08/2004,09.00.00,12.0,963.0,52.0,774.0,62.0,839.0,64.0,1621.0,758.0,273.0,513.0,18350.0
08/08/2004,10.00.00,1.0,935.0,42.0,724.0,43.0,936.0,49.0,1574.0,598.0,295.0,459.0,18662.0
08/08/2004,11.00.00,13.0,1007.0,48.0,751.0,53.0,849.0,64.0,1649.0,643.0,276.0,524.0,19055.0
08/08/2004,12.00.00,14.0,1032.0,46.0,744.0,87.0,813.0,79.0,1695.0,778.0,254.0,680.0,21806.0
08/08/2004,13.00.00,8.0,901.0,36.0,689.0,36.0,964.0,45.0,1543.0,522.0,322.0,403.0,18999.0
08/08/2004,14.00.00,6.0,851.0,26.0,627.0,21.0,1129.0,30.0,1433.0,419.0,316.0,389.0,17838.0
08/08/2004,15.00.00,7.0,877.0,30.0,655.0,27.0,1061.0,35.0,1471.0,444.0,330.0,373.0,18481.0
08/08/2004,16.00.00,8.0,909.0,36.0,690.0,29.0,1039.0,37.0,1488.0,474.0,351.0,321.0,17841.0
08/08/2004,17.00.00,9.0,908.0,41.0,715.0,38.0,988.0,46.0,1479.0,495.0,350.0,311.0,17173.0
08/08/2004,18.00.00,1.0,926.0,50.0,763.0,41.0,949.0,54.0,1491.0,504.0,338.0,321.0,16596.0
08/08/2004,19.00.00,15.0,1010.0,65.0,836.0,66.0,848.0,79.0,1577.0,616.0,311.0,388.0,17295.0
08/08/2004,20.00.00,15.0,1031.0,73.0,868.0,63.0,798.0,79.0,1634.0,690.0,290.0,461.0,18141.0
08/08/2004,21.00.00,17.0,1070.0,81.0,905.0,88.0,745.0,98.0,1702.0,846.0,281.0,506.0,18969.0
08/08/2004,22.00.00,19.0,1124.0,104.0,992.0,87.0,660.0,93.0,1791.0,1013.0,271.0,547.0,19284.0
08/08/2004,23.00.00,17.0,1066.0,90.0,940.0,86.0,683.0,89.0,1744.0,978.0,266.0,564.0,19349.0
09/08/2004,00.00.00,12.0,1001.0,65.0,836.0,49.0,771.0,57.0,1662.0,821.0,258.0,604.0,19759.0
09/08/2004,01.00.00,11.0,967.0,63.0,824.0,40.0,774.0,51.0,1637.0,862.0,255.0,616.0,19804.0
09/08/2004,02.00.00,8.0,901.0,44.0,733.0,27.0,888.0,39.0,1605.0,755.0,249.0,635.0,19647.0
09/08/2004,03.00.00,5.0,835.0,28.0,638.0,25.0,997.0,34.5,1526.0,715.0,243.0,651.0,19475.0
09/08/2004,04.00.00,6.0,820.0,22.0,598.0,23.0,1065.0,30.0,1511.0,684.0,238.0,657.0,19079.0
09/08/2004,05.00.00,7.0,896.0,37.0,694.0,58.0,941.0,46.0,1583.0,853.0,232.0,680.0,19045.0
09/08/2004,06.00.00,12.0,996.0,74.0,872.0,87.0,756.0,55.0,1727.0,990.0,232.0,675.0,18990.0
09/08/2004,07.00.00,23.0,1159.0,151.0,1151.0,143.0,579.0,63.0,2005.0,1206.0,243.0,633.0,18929.0
09/08/2004,08.00.00,25.0,1185.0,151.0,1152.0,96.0,578.0,42.0,2003.0,1274.0,255.0,597.0,19193.0
09/08/2004,09.00.00,24.0,1168.0,147.0,1138.0,16.0,585.0,5.0,1946.0,1336.0,277.0,525.0,19138.0
09/08/2004,10.00.00,14.0,1044.0,98.0,970.0,54.0,715.0,39.0,1751.0,1068.0,318.0,389.0,18005.0
09/08/2004,11.00.00,12.0,983.0,80.0,897.0,42.0,800.0,39.0,1608.0,804.0,327.0,341.0,16592.0
09/08/2004,12.00.00,16.0,1032.0,83.0,912.0,72.0,764.0,71.0,1661.0,826.0,343.0,315.0,16745.0
09/08/2004,13.00.00,14.0,1019.0,77.0,889.0,54.0,787.0,65.0,1630.0,745.0,342.0,315.0,16675.0
09/08/2004,14.00.00,12.0,982.0,67.0,844.0,52.0,835.0,71.0,1567.0,638.0,339.0,323.0,16809.0
09/08/2004,15.00.00,15.0,1016.0,75.0,880.0,64.0,783.0,72.0,1617.0,684.0,344.0,319.0,17005.0
09/08/2004,16.00.00,14.0,1031.0,77.2,889.0,70.0,772.4,76.0,1630.6,751.2,334.8,338.6,17037.4
09/08/2004,17.00.00,15.0,1046.0,79.4,898.0,65.0,761.8,75.0,1644.2,818.4,325.6,358.2,17069.8
09/08/2004,18.00.00,17.0,1061.0,81.6,907.0,80.0,751.2,86.0,1657.8,885.6,316.4,377.8,17102.2
09/08/2004,19.00.00,22.0,1076.0,83.8,916.0,88.0,740.6,96.0,1671.4,952.8,307.2,397.4,17134.6
09/08/2004,20.00.00,19.0,1091.0,86.0,925.0,81.0,730.0,95.0,1685.0,1020.0,298.0,417.0,17167.0
09/08/2004,21.00.00,16.0,1109.0,97.0,965.0,59.0,696.0,74.0,1742.0,1100.0,288.0,459.0,17884.0
09/08/2004,22.00.00,15.0,1098.0,91.0,944.0,69.0,687.0,76.0,1772.0,1086.0,282.0,511.0,19221.0
09/08/2004,23.00.00,14.0,1088.0,91.0,945.0,58.0,674.0,66.0,1765.0,1060.0,275.0,544.0,19705.0
10/08/2004,00.00.00,1.0,1035.0,70.0,859.0,33.0,732.0,49.0,1680.0,996.0,274.0,550.0,19827.0
10/08/2004,01.00.00,7.0,942.0,49.0,758.0,17.0,824.0,29.0,1567.0,856.0,281.0,516.0,19269.0
10/08/2004,02.00.00,5.0,902.0,35.0,680.0,6.0,919.0,11.0,1535.0,722.0,263.0,565.0,19027.0
10/08/2004,03.00.00,5.0,919.0,39.0,704.0,13.0,861.0,18.0,1603.0,860.0,244.0,650.0,19612.0
10/08/2004,04.00.00,5.0,875.0,32.0,665.0,20.0,919.0,25.0,1559.0,772.0,244.0,636.0,19218.0
10/08/2004,05.00.00,7.0,927.0,47.0,747.0,58.0,830.0,34.0,1633.0,910.0,235.0,674.0,19305.0
10/08/2004,06.00.00,12.0,1032.0,76.0,883.0,106.0,718.0,42.0,1742.0,1051.0,234.0,657.0,18720.0
10/08/2004,07.00.00,22.0,1193.0,147.0,1139.0,143.0,563.0,47.0,2009.0,1257.0,245.0,613.0,18522.0
10/08/2004,08.00.00,29.0,1268.0,187.0,1259.0,167.0,519.0,62.0,2114.0,1410.0,260.0,558.0,18536.0
10/08/2004,09.00.00,26.0,1238.0,148.0,1144.0,188.0,565.0,81.0,1939.0,1433.0,285.0,485.0,18607.0
10/08/2004,10.00.00,26.0,1230.0,145.0,1133.0,164.0,604.0,90.0,1909.0,1413.0,336.0,357.0,18229.0
10/08/2004,11.00.00,22.0,1161.0,127.0,1074.0,128.0,646.0,95.0,1777.0,1206.0,365.0,289.0,17359.0
10/08/2004,12.00.00,15.0,1048.0,92.0,949.0,88.0,764.0,86.0,1607.0,831.0,390.0,237.0,16346.0
10/08/2004,13.00.00,9.0,929.0,48.0,752.0,51.0,955.0,64.0,1385.0,544.0,388.0,237.0,16093.0
10/08/2004,14.00.00,1.0,950.0,54.0,783.0,52.0,914.0,62.0,1443.0,525.0,380.0,240.0,15686.0
10/08/2004,15.00.00,11.0,1013.0,72.0,864.0,59.0,819.0,75.0,1544.0,644.0,405.0,233.0,17416.0
10/08/2004,16.00.00,12.0,1034.0,67.0,845.0,67.0,841.0,88.0,1566.0,702.0,398.0,254.0,18213.0
10/08/2004,17.00.00,18.0,1082.0,97.0,965.0,105.0,760.0,126.0,1649.0,844.0,396.0,233.0,16535.0
10/08/2004,18.00.00,18.0,1110.0,109.0,1012.0,91.0,720.0,96.0,1725.0,905.0,388.0,247.0,16772.0
10/08/2004,19.00.00,17.0,1118.0,106.0,999.0,69.0,706.0,79.0,1766.0,878.0,347.0,359.0,19528.0
10/08/2004,20.00.00,17.0,1136.0,97.0,967.0,65.0,703.0,67.0,1801.0,927.0,323.0,436.0,20700.0
10/08/2004,21.00.00,16.0,1106.0,86.0,924.0,58.0,725.0,62.0,1757.0,910.0,307.0,481.0,20821.0
10/08/2004,22.00.00,17.0,1151.0,102.0,984.0,67.0,678.0,64.0,1823.0,1024.0,295.0,506.0,20492.0
10/08/2004,23.00.00,18.0,1144.0,105.0,997.0,64.0,669.0,63.0,1816.0,1021.0,288.0,520.0,20297.0
11/08/2004,00.00.00,15.0,1118.0,88.0,930.0,65.0,697.0,60.0,1748.0,1027.0,282.0,550.0,20697.0
11/08/2004,01.00.00,12.0,1066.0,66.0,839.0,47.0,740.0,49.0,1700.0,993.0,272.0,591.0,20997.0
11/08/2004,02.00.00,8.0,991.0,53.0,778.0,29.0,797.0,36.0,1665.0,910.0,267.0,607.0,20977.0
11/08/2004,03.00.00,5.0,906.0,30.0,650.0,22.5,961.0,30.0,1581.0,768.0,269.0,603.0,21074.0
11/08/2004,04.00.00,5.0,903.0,32.0,662.0,16.0,932.0,24.0,1590.0,760.0,264.0,616.0,20931.0
11/08/2004,05.00.00,7.0,941.0,35.0,685.0,50.0,895.0,32.0,1632.0,834.0,259.0,636.0,21020.0
11/08/2004,06.00.00,11.0,1074.0,72.0,866.0,78.0,717.0,42.0,1768.0,1075.0,261.0,637.0,21170.0
11/08/2004,07.00.00,14.0,1114.0,95.0,958.0,89.0,663.0,42.0,1836.0,1167.0,268.0,605.0,21008.0
11/08/2004,08.00.00,17.0,1162.0,111.0,1019.0,97.0,622.0,51.0,1904.0,1178.0,279.0,565.0,20895.0
11/08/2004,09.00.00,18.0,1165.0,97.0,967.0,93.0,651.0,58.0,1825.0,1120.0,298.0,511.0,21054.0
11/08/2004,10.00.00,18.0,1179.0,95.0,957.0,105.0,680.0,67.0,1819.0,1131.0,336.0,410.0,20995.0
11/08/2004,11.00.00,17.0,1144.0,83.0,913.0,89.0,715.0,68.0,1782.0,972.0,351.0,381.0,21144.0
11/08/2004,12.00.00,13.0,1066.0,60.0,813.0,63.0,792.0,56.0,1657.0,764.0,362.0,349.0,20578.0
11/08/2004,13.00.00,13.0,1056.0,58.0,802.0,52.0,824.0,47.0,1620.0,670.0,380.0,307.0,20022.0
11/08/2004,14.00.00,1.0,995.0,51.0,769.0,48.0,882.0,46.0,1576.0,615.0,366.0,308.0,18617.0
11/08/2004,15.00.00,1.0,967.0,45.0,740.0,50.0,926.0,50.0,1526.0,557.0,388.0,254.0,17282.0
11/08/2004,16.00.00,14.0,1048.0,66.0,839.0,80.0,845.0,65.0,1607.0,700.0,387.0,258.0,17426.0
11/08/2004,17.00.00,16.0,1092.0,80.0,901.0,78.0,777.0,69.0,1691.0,734.0,374.0,299.0,18848.0
11/08/2004,18.00.00,14.0,1056.0,76.0,883.0,64.0,799.0,63.0,1672.0,684.0,362.0,311.0,18371.0
11/08/2004,19.00.00,17.0,1100.0,101.0,982.0,84.0,720.0,69.0,1760.0,823.0,338.0,345.0,17788.0
11/08/2004,20.00.00,14.0,1057.0,78.0,890.0,72.0,778.0,57.0,1701.0,801.0,314.0,407.0,18377.0
11/08/2004,21.00.00,15.0,1068.0,84.0,917.0,70.0,736.0,59.0,1728.0,916.0,308.0,450.0,19733.0
11/08/2004,22.00.00,14.0,1050.0,77.0,887.0,59.0,770.0,54.0,1696.0,820.0,294.0,500.0,20181.0
11/08/2004,23.00.00,15.0,1074.0,76.0,884.0,63.0,764.0,57.0,1726.0,838.0,281.0,541.0,20290.0
12/08/2004,00.00.00,16.0,1053.0,79.0,895.0,58.0,745.0,46.0,1727.0,882.0,273.0,578.0,20646.0
12/08/2004,01.00.00,12.0,1003.0,63.0,825.0,68.0,794.0,65.0,1716.0,801.0,267.0,606.0,20942.0
12/08/2004,02.00.00,9.0,933.0,38.0,701.0,57.0,906.0,62.0,1638.0,690.0,259.0,645.0,21247.0
12/08/2004,03.00.00,6.0,869.0,24.0,614.0,36.0,1001.0,43.5,1565.0,674.0,256.0,635.0,20566.0
12/08/2004,04.00.00,6.5,864.0,25.0,617.0,15.0,1027.0,25.0,1561.0,622.0,267.0,610.0,21010.0
12/08/2004,05.00.00,7.0,931.0,42.0,721.0,47.0,888.0,37.0,1651.0,799.0,258.0,646.0,21195.0
12/08/2004,06.00.00,7.0,921.0,45.0,738.0,39.0,893.0,41.0,1623.0,818.0,265.0,606.0,20630.0
12/08/2004,07.00.00,17.0,1139.0,110.0,1013.0,87.0,672.0,60.0,1932.0,1034.0,264.0,617.0,20929.0
12/08/2004,08.00.00,22.0,1205.0,141.0,1118.0,122.0,585.0,65.0,2019.0,1189.0,275.0,601.0,21719.0
12/08/2004,09.00.00,19.0,1126.0,95.0,957.0,122.0,694.0,71.0,1841.0,1034.0,294.0,531.0,21362.0
12/08/2004,10.00.00,15.0,1066.0,69.0,855.0,101.0,803.0,61.0,1712.0,929.0,334.0,399.0,20177.0
12/08/2004,11.00.00,16.0,1069.0,72.0,867.0,92.0,785.0,65.0,1717.0,880.0,332.0,392.0,19642.0
12/08/2004,12.00.00,13.0,975.0,55.0,788.0,70.0,851.0,54.0,1629.0,701.0,345.0,351.0,18856.0
12/08/2004,13.00.00,11.0,955.0,51.0,766.0,58.0,898.0,58.0,1597.0,620.0,371.0,305.0,18962.0
12/08/2004,14.00.00,1.0,949.0,50.0,764.0,44.0,898.0,56.0,1579.0,573.0,359.0,321.0,18697.0
12/08/2004,15.00.00,1.0,941.0,56.0,792.0,44.0,897.0,60.0,1582.0,544.0,373.0,280.0,17537.0
12/08/2004,16.00.00,11.0,942.0,57.0,800.0,52.0,877.0,69.0,1567.0,581.0,381.0,263.0,17252.0
12/08/2004,17.00.00,13.0,974.0,70.0,855.0,53.0,836.0,67.0,1607.0,610.0,371.0,272.0,16844.0
12/08/2004,18.00.00,15.0,1012.0,81.0,904.0,65.0,794.0,79.0,1653.0,695.0,352.0,312.0,17485.0
12/08/2004,19.00.00,16.0,1017.0,87.0,929.0,67.0,772.0,86.0,1702.0,709.0,321.0,387.0,18190.0
12/08/2004,20.00.00,15.0,1006.0,79.0,896.0,67.0,797.0,79.0,1697.0,736.0,303.0,451.0,19129.0
12/08/2004,21.00.00,13.0,1008.0,75.0,878.0,53.0,792.0,67.0,1691.0,722.0,293.0,502.0,20127.0
12/08/2004,22.00.00,12.0,989.0,60.0,814.0,53.0,845.0,65.0,1657.0,680.0,286.0,537.0,20691.0
12/08/2004,23.00.00,16.0,1080.0,85.0,920.0,60.0,739.0,67.0,1761.0,772.0,278.0,574.0,21107.0
13/08/2004,00.00.00,14.0,1033.0,70.0,856.0,60.0,774.0,62.0,1736.0,769.0,274.0,594.0,21395.0
13/08/2004,01.00.00,11.0,968.0,56.0,794.0,39.0,836.0,48.0,1688.0,654.0,272.0,593.0,21059.0
13/08/2004,02.00.00,7.0,853.0,26.0,626.0,22.0,1045.0,33.0,1557.0,516.0,267.0,610.0,21005.0
13/08/2004,03.00.00,4.0,810.0,15.0,544.0,14.5,1264.0,22.0,1485.0,447.0,260.0,627.0,20737.0
13/08/2004,04.00.00,5.0,817.0,17.0,558.0,7.0,1232.0,11.0,1485.0,452.0,254.0,631.0,20184.0
13/08/2004,05.00.00,5.0,840.0,20.0,586.0,25.0,1154.0,34.0,1499.0,492.0,261.0,603.0,20120.0
13/08/2004,06.00.00,8.0,940.0,40.0,709.0,47.0,956.0,52.0,1641.0,588.0,252.0,671.0,21164.0
13/08/2004,07.00.00,16.0,1076.0,86.0,924.0,101.0,720.0,80.0,1806.0,909.0,260.0,619.0,20511.0
13/08/2004,08.00.00,16.0,1086.0,101.0,981.0,100.0,688.0,86.0,1818.0,1007.0,270.0,575.0,20183.0
13/08/2004,09.00.00,14.0,1031.0,87.0,929.0,79.0,759.0,77.0,1722.0,809.0,305.0,444.0,19076.0
13/08/2004,10.00.00,15.0,1016.0,79.0,896.0,91.0,766.0,93.0,1704.0,820.0,334.0,351.0,17810.0
13/08/2004,11.00.00,12.0,953.0,58.0,801.0,83.0,868.0,109.0,1573.0,657.0,357.0,290.0,16716.0
13/08/2004,12.00.00,11.0,918.0,53.0,779.0,65.0,896.0,89.0,1537.0,551.0,358.0,277.0,16041.0
13/08/2004,13.00.00,8.0,892.0,42.0,724.0,55.0,971.0,71.0,1490.0,511.0,363.0,274.0,16264.0
13/08/2004,14.00.00,7.0,841.0,33.0,673.0,40.0,1061.0,56.0,1394.0,451.0,336.0,288.0,14695.0
13/08/2004,15.00.00,7.0,799.0,40.0,709.0,48.0,1078.0,68.0,1332.0,462.0,352.0,205.0,11418.0
13/08/2004,16.00.00,7.0,838.0,43.0,726.0,46.0,1056.0,61.0,1382.0,440.0,350.0,224.0,12371.0
13/08/2004,17.00.00,1.0,870.0,46.0,745.0,54.0,998.0,70.0,1400.0,472.0,340.0,252.0,13140.0
13/08/2004,18.00.00,1.0,892.0,51.0,771.0,55.0,965.0,76.0,1465.0,494.0,320.0,282.0,13204.0
13/08/2004,19.00.00,12.0,926.0,59.0,805.0,60.0,901.0,78.0,1511.0,524.0,294.0,344.0,13899.0
13/08/2004,20.00.00,11.0,919.0,57.0,796.0,62.0,870.0,80.0,1538.0,560.0,281.0,411.0,15350.0
13/08/2004,21.00.00,1.0,932.0,47.0,746.0,51.0,912.0,71.0,1528.0,534.0,269.0,475.0,16595.0
13/08/2004,22.00.00,12.0,957.0,51.0,767.0,57.0,867.0,74.0,1534.0,577.0,266.0,504.0,17240.0
13/08/2004,23.00.00,14.0,994.0,59.0,806.0,72.0,830.0,90.0,1580.0,674.0,259.0,529.0,17478.0
14/08/2004,00.00.00,13.0,984.0,56.0,795.0,63.0,838.0,78.0,1570.0,676.0,254.0,546.0,17483.0
14/08/2004,01.00.00,1.0,919.0,45.0,737.0,49.0,899.0,63.0,1534.0,611.0,251.0,557.0,17471.0
14/08/2004,02.00.00,6.0,847.0,25.0,618.0,30.0,1075.0,42.0,1442.0,529.0,251.0,553.0,17330.0
14/08/2004,03.00.00,4.0,802.0,17.0,559.0,24.0,1232.0,34.5,1414.0,478.0,250.0,560.0,17428.0
14/08/2004,04.00.00,4.0,795.0,18.0,569.0,18.0,1178.0,27.0,1426.0,497.0,252.0,550.0,17405.0
14/08/2004,05.00.00,4.0,809.0,19.0,578.0,22.0,1170.0,29.0,1445.0,513.0,256.0,535.0,17291.0
14/08/2004,06.00.00,5.0,835.0,26.0,626.0,39.0,1088.0,41.0,1471.0,563.0,247.0,559.0,17114.0
14/08/2004,07.00.00,11.0,967.0,63.0,826.0,68.0,821.0,61.0,1639.0,822.0,240.0,572.0,16835.0
14/08/2004,08.00.00,12.0,969.0,68.0,849.0,84.0,800.0,68.0,1626.0,890.0,250.0,532.0,16630.0
14/08/2004,09.00.00,9.0,913.0,47.0,749.0,54.0,911.0,58.0,1535.0,742.0,280.0,434.0,16162.0
14/08/2004,10.00.00,9.0,933.0,47.0,748.0,51.0,948.0,52.0,1551.0,629.0,316.0,355.0,16269.0
14/08/2004,11.00.00,1.0,922.0,40.0,712.0,52.0,924.0,57.0,1494.0,609.0,350.0,290.0,16017.0
14/08/2004,12.00.00,8.0,914.0,43.0,726.0,44.0,959.0,51.0,1496.0,534.0,353.0,276.0,15512.0
14/08/2004,13.00.00,8.0,873.0,38.0,699.0,47.0,999.0,53.0,1413.0,528.0,362.0,241.0,14235.0
14/08/2004,14.00.00,7.0,831.0,34.0,676.0,37.0,1041.0,49.0,1350.0,463.0,348.0,245.0,13373.0
14/08/2004,15.00.00,7.0,840.0,36.0,685.0,33.0,1051.0,44.0,1339.0,462.0,382.0,196.0,12915.0
14/08/2004,16.00.00,7.0,874.0,36.0,686.0,36.0,1032.0,48.0,1402.0,501.0,389.0,203.0,13820.0
14/08/2004,17.00.00,7.0,896.0,36.0,687.0,33.0,1006.0,46.0,1438.0,493.0,369.0,271.0,16683.0
14/08/2004,18.00.00,9.0,964.0,51.0,769.0,40.0,873.0,56.0,1546.0,572.0,352.0,321.0,17898.0
14/08/2004,19.00.00,12.0,1001.0,66.0,838.0,56.0,801.0,73.0,1614.0,668.0,320.0,382.0,17880.0
14/08/2004,20.00.00,14.0,1005.0,73.0,868.0,71.0,779.0,85.0,1633.0,771.0,298.0,418.0,17269.0
14/08/2004,21.00.00,12.0,979.0,61.0,818.0,57.0,797.0,72.0,1590.0,732.0,282.0,459.0,17272.0
14/08/2004,22.00.00,1.0,935.0,52.0,774.0,43.0,825.0,53.0,1562.0,687.0,271.0,482.0,17075.0
14/08/2004,23.00.00,9.0,939.0,49.0,758.0,40.0,858.0,47.0,1544.0,664.0,267.0,495.0,17048.0
15/08/2004,00.00.00,7.0,878.0,35.0,684.0,26.0,947.0,37.0,1475.0,588.0,261.0,508.0,16917.0
15/08/2004,01.00.00,5.0,848.0,30.0,650.0,24.0,989.0,34.0,1479.0,610.0,257.0,525.0,17077.0
15/08/2004,02.00.00,5.0,826.0,27.0,631.0,24.0,1028.0,33.0,1473.0,593.0,248.0,554.0,17054.0
15/08/2004,03.00.00,4.0,804.0,22.0,597.0,21.0,1077.0,30.0,1454.0,566.0,238.0,575.0,16723.0
15/08/2004,04.00.00,4.0,789.0,20.0,584.0,18.0,1107.0,27.0,1457.0,571.0,224.0,622.0,16648.0
15/08/2004,05.00.00,4.0,785.0,24.0,612.0,18.0,1054.0,27.0,1443.0,614.0,225.0,618.0,16654.0
15/08/2004,06.00.00,4.0,772.0,20.0,584.0,19.0,1149.0,27.0,1414.0,566.0,227.0,592.0,16139.0
15/08/2004,07.00.00,5.0,796.0,25.0,623.0,22.0,1064.0,28.0,1425.0,594.0,230.0,584.0,16223.0
15/08/2004,08.00.00,7.0,875.0,35.0,682.0,34.0,983.0,36.0,1457.0,611.0,239.0,563.0,16489.0
15/08/2004,09.00.00,11.0,955.0,60.0,811.0,61.0,841.0,59.0,1562.0,759.0,263.0,501.0,16889.0
15/08/2004,10.00.00,1.0,938.0,53.0,778.0,46.0,896.0,56.0,1520.0,700.0,321.0,340.0,16039.0
15/08/2004,11.00.00,12.0,954.0,63.0,826.0,56.0,870.0,70.0,1531.0,691.0,358.0,257.0,14861.0
15/08/2004,12.00.00,11.0,875.0,48.0,753.0,31.0,978.0,36.0,1402.0,579.0,383.0,198.0,13067.0
15/08/2004,13.00.00,6.0,810.0,32.0,664.0,11.0,1123.0,17.0,1312.0,478.0,373.0,205.0,12860.0
15/08/2004,14.00.00,4.0,746.0,26.0,624.0,8.0,1227.0,14.0,1209.0,410.0,363.0,184.0,10976.0
15/08/2004,15.00.00,4.0,738.0,24.0,610.0,14.0,1281.0,24.0,1204.0,404.0,368.0,169.0,10347.0
15/08/2004,16.00.00,5.0,771.0,30.0,652.0,21.0,1223.0,36.0,1239.0,440.0,379.0,159.0,10296.0
15/08/2004,17.00.00,6.0,799.0,31.0,658.0,26.0,1216.0,43.0,1254.0,461.0,367.0,171.0,10398.0
15/08/2004,18.00.00,8.0,831.0,34.0,679.0,37.0,1143.0,60.0,1291.0,526.0,338.0,219.0,11303.0
15/08/2004,19.00.00,1.0,885.0,46.0,743.0,53.0,1016.0,81.0,1379.0,647.0,326.0,246.0,11885.0
15/08/2004,20.00.00,11.0,883.0,44.0,731.0,56.0,988.0,87.0,1384.0,693.0,306.0,284.0,12247.0
15/08/2004,21.00.00,11.0,906.0,55.0,790.0,51.0,936.0,85.0,1430.0,729.0,294.0,305.0,12288.0
15/08/2004,22.00.00,16.0,982.0,82.0,906.0,79.0,784.0,91.0,1561.0,1002.0,284.0,344.0,13140.0
15/08/2004,23.00.00,9.0,892.0,50.0,766.0,38.0,880.0,55.0,1399.0,797.0,283.0,341.0,12951.0
16/08/2004,00.00.00,7.0,841.0,40.0,711.0,25.0,956.0,42.0,1367.0,685.0,278.0,352.0,12968.0
16/08/2004,01.00.00,7.0,859.0,37.0,693.0,24.0,988.0,43.0,1377.0,710.0,253.0,397.0,12656.0
16/08/2004,02.00.00,5.0,810.0,31.0,657.0,11.0,1016.0,20.0,1337.0,629.0,245.0,415.0,12589.0
16/08/2004,03.00.00,4.0,759.0,18.0,566.0,13.5,1175.0,21.5,1267.0,503.0,248.0,398.0,12231.0
16/08/2004,04.00.00,3.0,749.0,15.0,543.0,16.0,1238.0,23.0,1244.0,462.0,233.0,419.0,11856.0
16/08/2004,05.00.00,4.0,766.0,24.0,616.0,43.0,1163.0,43.0,1306.0,530.0,215.0,456.0,11558.0
16/08/2004,06.00.00,9.0,865.0,54.0,783.0,86.0,893.0,68.0,1446.0,838.0,213.0,470.0,11793.0
16/08/2004,07.00.00,13.0,924.0,85.0,920.0,92.0,767.0,62.0,1534.0,946.0,222.0,450.0,11867.0
16/08/2004,08.00.00,16.0,973.0,109.0,1010.0,102.0,722.0,65.0,1616.0,1014.0,236.0,408.0,11746.0
16/08/2004,09.00.00,21.0,1028.0,120.0,1048.0,171.0,719.0,93.0,1624.0,1135.0,271.0,324.0,11462.0
16/08/2004,10.00.00,2.0,979.0,106.0,999.0,148.0,796.0,110.0,1515.0,1027.0,334.0,201.0,10142.0
16/08/2004,11.00.00,14.0,892.0,74.0,874.0,119.0,923.0,106.0,1369.0,749.0,353.0,170.0,9546.0
16/08/2004,12.00.00,14.0,892.0,73.0,869.0,71.0,953.0,77.0,1363.0,632.0,374.0,147.0,9295.0
16/08/2004,13.00.00,9.0,836.0,46.0,741.0,53.0,1065.0,60.0,1277.0,479.0,386.0,146.0,9821.0
16/08/2004,14.00.00,8.0,824.0,40.0,708.0,61.0,1091.0,67.0,1256.0,463.0,358.0,178.0,10274.0
16/08/2004,15.00.00,8.0,825.0,38.0,702.0,53.0,1077.0,57.0,1267.0,458.0,384.0,164.0,10957.0
16/08/2004,16.00.00,1.0,871.0,50.0,761.0,61.0,1015.0,60.0,1346.0,520.0,397.0,153.0,10963.0
16/08/2004,17.00.00,13.0,903.0,69.0,853.0,72.0,930.0,69.0,1420.0,606.0,388.0,158.0,10706.0
16/08/2004,18.00.00,13.0,944.0,70.0,857.0,67.0,880.0,77.0,1463.0,631.0,352.0,223.0,12467.0
16/08/2004,19.00.00,13.0,969.0,68.0,850.0,70.0,857.0,77.0,1503.0,695.0,317.0,282.0,12962.0
16/08/2004,20.00.00,16.0,1005.0,85.0,919.0,81.0,788.0,87.0,1543.0,871.0,304.0,309.0,13219.0
16/08/2004,21.00.00,14.0,972.0,80.0,898.0,79.0,807.0,88.0,1508.0,879.0,295.0,321.0,13005.0
16/08/2004,22.00.00,13.0,960.0,57.0,798.0,73.0,854.0,84.0,1459.0,780.0,280.0,349.0,12989.0
16/08/2004,23.00.00,1.0,946.0,51.0,767.0,57.0,870.0,65.0,1443.0,728.0,282.0,366.0,13722.0
17/08/2004,00.00.00,9.0,959.0,55.0,787.0,45.0,830.0,54.0,1460.0,821.0,265.0,407.0,13873.0
17/08/2004,01.00.00,6.0,877.0,31.0,658.0,25.0,964.0,37.0,1349.0,663.0,283.0,367.0,13878.0
17/08/2004,02.00.00,5.0,867.0,29.0,645.0,23.0,1001.0,36.0,1385.0,656.0,257.0,438.0,14233.0
17/08/2004,03.00.00,5.0,836.0,26.0,626.0,20.5,1024.0,32.5,1397.0,639.0,243.0,490.0,14666.0
17/08/2004,04.00.00,4.0,820.0,22.0,597.0,18.0,1069.0,29.0,1346.0,603.0,243.0,483.0,14449.0
17/08/2004,05.00.00,4.0,828.0,25.0,618.0,23.0,1039.0,25.0,1354.0,560.0,236.0,492.0,14153.0
17/08/2004,06.00.00,1.0,929.0,56.0,791.0,59.0,841.0,41.0,1493.0,789.0,222.0,539.0,14201.0
17/08/2004,07.00.00,22.0,1118.0,129.0,1079.0,135.0,638.0,68.0,1761.0,1145.0,225.0,523.0,14100.0
17/08/2004,08.00.00,25.0,1155.0,160.0,1181.0,167.0,580.0,82.0,1850.0,1302.0,243.0,478.0,14321.0
17/08/2004,09.00.00,23.0,1112.0,122.0,1058.0,190.0,654.0,137.0,1695.0,1297.0,273.0,407.0,14548.0
17/08/2004,10.00.00,2.0,1094.0,100.0,979.0,142.0,717.0,119.0,1633.0,1192.0,333.0,282.0,14189.0
17/08/2004,11.00.00,2.4,1022.0,78.0,890.0,140.03333333333333,803.0,117.4,1499.0,862.0,353.0,231.0,12989.0
17/08/2004,12.00.00,2.8,968.0,59.0,805.0,138.06666666666666,875.0,115.8,1391.0,649.0,361.0,213.0,12502.0
17/08/2004,13.00.00,3.2,978.0,66.0,840.0,136.1,852.0,114.2,1422.0,694.0,385.0,180.0,12055.0
17/08/2004,14.00.00,3.6,947.0,48.0,751.0,134.13333333333333,922.0,112.6,1358.0,595.0,365.0,208.0,12446.0
17/08/2004,15.00.00,4.0,997.0,59.0,808.0,132.16666666666666,870.0,111.0,1447.0,662.0,388.0,191.0,13035.0
17/08/2004,16.00.00,4.4,1026.0,60.0,813.0,130.2,843.0,109.4,1463.0,692.0,388.0,198.0,13513.0
17/08/2004,17.00.00,4.800000000000001,973.0,50.0,764.0,128.23333333333335,914.0,107.8,1373.0,619.0,381.0,197.0,12928.0
17/08/2004,18.00.00,5.2,925.0,42.0,721.0,126.26666666666667,969.0,106.2,1317.0,484.0,361.0,207.0,12151.0
17/08/2004,19.00.00,5.6,957.0,50.0,766.0,124.3,929.0,104.6,1380.0,516.0,328.0,243.0,11894.0
17/08/2004,20.00.00,6.0,1029.0,75.0,877.0,122.33333333333334,807.0,103.0,1489.0,776.0,304.0,298.0,12712.0
17/08/2004,21.00.00,6.4,1109.0,93.0,952.0,120.36666666666667,735.0,101.4,1601.0,1041.0,291.0,336.0,13314.0
17/08/2004,22.00.00,6.800000000000001,1105.0,100.0,977.0,118.4,692.0,99.8,1618.0,1138.0,286.0,357.0,13726.0
17/08/2004,23.00.00,7.2,1039.0,82.0,906.0,116.43333333333334,728.0,98.2,1545.0,1091.0,280.0,361.0,13425.0
18/08/2004,00.00.00,7.6000000000000005,965.0,64.0,832.0,114.46666666666667,795.0,96.6,1455.0,978.0,258.0,395.0,12949.0
18/08/2004,01.00.00,8.0,955.0,60.0,812.0,112.5,823.0,95.0,1464.0,936.0,251.0,401.0,12544.0
18/08/2004,02.00.00,8.4,935.0,54.0,782.0,110.53333333333333,847.0,93.4,1428.0,867.0,244.0,425.0,12854.0
18/08/2004,03.00.00,8.8,902.0,44.0,735.0,108.56666666666666,890.0,91.8,1410.0,781.0,230.0,462.0,12783.0
18/08/2004,04.00.00,9.2,875.0,41.0,714.0,106.6,903.0,90.2,1379.0,746.0,225.0,467.0,12610.0
18/08/2004,05.00.00,9.600000000000001,884.0,43.0,729.0,104.63333333333333,920.0,88.6,1389.0,837.0,229.0,457.0,12621.0
18/08/2004,06.00.00,10.0,942.0,63.0,825.0,102.66666666666667,870.0,87.0,1450.0,995.0,238.0,418.0,12149.0
18/08/2004,07.00.00,10.4,1077.0,109.0,1012.0,100.7,708.0,85.4,1633.0,1138.0,244.0,426.0,12866.0
18/08/2004,08.00.00,10.8,1040.0,112.0,1022.0,98.73333333333333,713.0,83.8,1624.0,998.0,273.0,368.0,13189.0
18/08/2004,09.00.00,11.200000000000001,982.0,65.0,836.0,96.76666666666667,840.0,82.19999999999999,1498.0,696.0,296.0,354.0,14426.0
18/08/2004,10.00.00,11.600000000000001,995.0,57.0,800.0,94.80000000000001,896.0,80.6,1501.0,615.0,346.0,283.0,15338.0
18/08/2004,11.00.00,12.0,1024.0,70.0,859.0,92.83333333333334,810.0,79.0,1576.0,710.0,331.0,326.0,16188.0
18/08/2004,12.00.00,12.4,1029.0,56.0,791.0,90.86666666666667,855.0,77.4,1567.0,651.0,333.0,331.0,16642.0
18/08/2004,13.00.00,12.8,1003.0,55.0,787.0,88.9,850.0,75.8,1518.0,636.0,346.0,301.0,16296.0
18/08/2004,14.00.00,13.200000000000001,987.0,54.0,782.0,86.93333333333334,875.0,74.19999999999999,1514.0,593.0,349.0,295.0,16275.0
18/08/2004,15.00.00,13.600000000000001,1023.0,70.0,859.0,84.96666666666667,810.0,72.6,1590.0,684.0,356.0,285.0,16293.0
18/08/2004,16.00.00,14.0,1023.0,74.0,875.0,83.0,785.0,71.0,1590.0,711.0,364.0,271.0,16226.0
18/08/2004,17.00.00,17.0,1064.0,91.0,942.0,94.0,735.0,78.0,1650.0,801.0,368.0,262.0,15984.0
18/08/2004,18.00.00,15.0,1042.0,89.0,936.0,84.0,759.0,72.0,1630.0,770.0,364.0,268.0,16038.0
18/08/2004,19.00.00,17.0,1059.0,92.0,947.0,90.0,733.0,74.0,1671.0,813.0,333.0,328.0,16527.0
18/08/2004,20.00.00,16.0,1050.0,85.0,921.0,91.0,743.0,70.0,1683.0,851.0,313.0,395.0,17798.0
18/08/2004,21.00.00,14.0,1025.0,79.0,896.0,70.0,738.0,55.0,1693.0,823.0,299.0,447.0,18511.0
18/08/2004,22.00.00,14.0,1029.0,61.0,816.0,75.0,804.0,54.0,1624.0,778.0,291.0,484.0,19186.0
18/08/2004,23.00.00,14.0,1055.0,64.0,831.0,72.0,769.0,53.0,1686.0,827.0,280.0,529.0,19640.0
19/08/2004,00.00.00,12.0,1001.0,57.0,799.0,59.0,800.0,46.0,1642.0,753.0,277.0,530.0,19423.0
19/08/2004,01.00.00,9.0,936.0,44.0,730.0,48.0,864.0,38.0,1551.0,726.0,277.0,526.0,19202.0
19/08/2004,02.00.00,6.0,863.0,23.0,608.0,41.0,1035.0,30.0,1465.0,597.0,283.0,495.0,18782.0
19/08/2004,03.00.00,4.0,834.0,18.0,565.0,26.0,1187.0,23.0,1444.0,473.0,288.0,490.0,19112.0
19/08/2004,04.00.00,5.0,841.0,19.0,578.0,11.0,1144.0,16.0,1464.0,463.0,277.0,525.0,19230.0
19/08/2004,05.00.00,5.0,871.0,24.0,611.0,11.0,1077.0,12.0,1494.0,526.0,275.0,530.0,19097.0
19/08/2004,06.00.00,8.0,962.0,47.0,747.0,37.0,862.0,38.0,1605.0,712.0,271.0,544.0,19168.0
19/08/2004,07.00.00,14.0,1083.0,78.0,889.0,72.0,725.0,56.0,1734.0,918.0,276.0,521.0,18936.0
19/08/2004,08.00.00,12.0,1061.0,78.0,891.0,53.0,721.0,57.0,1697.0,894.0,290.0,485.0,19133.0
19/08/2004,09.00.00,1.0,1012.0,63.0,824.0,31.0,803.0,39.0,1612.0,710.0,310.0,429.0,18909.0
19/08/2004,10.00.00,12.0,1031.0,65.0,834.0,47.0,793.0,47.0,1640.0,737.0,325.0,394.0,18982.0
19/08/2004,11.00.00,11.0,1011.0,61.0,816.0,33.0,830.0,35.0,1614.0,680.0,369.0,309.0,18934.0
19/08/2004,12.00.00,12.0,1009.0,63.0,824.0,35.0,822.0,44.0,1606.0,670.0,362.0,306.0,18105.0
19/08/2004,13.00.00,11.0,980.0,56.0,793.0,32.0,858.0,43.0,1549.0,654.0,377.0,277.0,17780.0
19/08/2004,14.00.00,1.0,961.0,58.0,803.0,23.0,852.0,34.0,1552.0,618.0,371.0,272.0,16874.0
19/08/2004,15.00.00,1.0,966.0,54.0,784.0,27.0,870.0,36.0,1530.0,652.0,395.0,243.0,17216.0
19/08/2004,16.00.00,12.0,1022.0,68.0,849.0,32.0,813.0,44.0,1583.0,732.0,399.0,238.0,17127.0
19/08/2004,17.00.00,17.0,1091.0,93.0,953.0,51.0,723.0,63.0,1688.0,853.0,396.0,243.0,17255.0
19/08/2004,18.00.00,17.0,1063.0,85.0,919.0,46.0,735.0,60.0,1676.0,821.0,372.0,291.0,18185.0
19/08/2004,19.00.00,17.0,1116.0,93.0,952.0,62.0,702.0,66.0,1759.0,895.0,339.0,371.0,19264.0
19/08/2004,20.00.00,17.0,1101.0,74.0,875.0,65.0,722.0,68.0,1748.0,927.0,316.0,436.0,19944.0
19/08/2004,21.00.00,16.823529411764707,1072.0,64.0,831.0,65.54117647058824,757.0,68.17241379310344,1677.0,857.0,303.0,473.0,20034.0
19/08/2004,22.00.00,16.647058823529413,1080.0,78.0,890.0,66.08235294117647,723.0,68.34482758620689,1702.0,869.0,298.0,491.0,20248.0
19/08/2004,23.00.00,16.470588235294116,1005.0,56.0,792.0,66.62352941176471,809.0,68.51724137931035,1638.0,725.0,290.0,517.0,20375.0
20/08/2004,00.00.00,16.294117647058822,998.0,53.0,776.0,67.16470588235295,810.0,68.6896551724138,1608.0,665.0,285.0,521.0,20036.0
20/08/2004,01.00.00,16.11764705882353,1000.0,50.0,763.0,67.70588235294117,807.0,68.86206896551724,1619.0,680.0,277.0,537.0,19661.0
20/08/2004,02.00.00,15.941176470588236,932.0,42.0,720.0,68.24705882352941,859.0,69.03448275862068,1562.0,605.0,274.0,535.0,19267.0
20/08/2004,03.00.00,15.764705882352942,808.0,14.0,539.0,68.78823529411764,1206.0,69.20689655172414,1383.0,427.0,285.0,487.0,18720.0
20/08/2004,04.00.00,15.588235294117647,795.0,10.0,494.0,69.32941176470588,1398.0,69.37931034482759,1353.0,400.0,289.0,484.0,18982.0
20/08/2004,05.00.00,15.411764705882353,886.0,24.0,613.0,69.87058823529412,1075.0,69.55172413793103,1484.0,522.0,271.0,548.0,19309.0
20/08/2004,06.00.00,15.235294117647058,974.0,45.0,740.0,70.41176470588235,873.0,69.72413793103448,1595.0,703.0,261.0,590.0,19669.0
20/08/2004,07.00.00,15.058823529411764,1112.0,89.0,936.0,70.95294117647059,683.0,69.89655172413794,1792.0,965.0,267.0,580.0,20023.0
20/08/2004,08.00.00,14.882352941176471,1175.0,129.0,1080.0,71.49411764705883,591.0,70.06896551724138,1931.0,1102.0,279.0,549.0,20353.0
20/08/2004,09.00.00,14.705882352941176,1091.0,86.0,925.0,72.03529411764706,701.0,70.24137931034483,1753.0,1058.0,297.0,505.0,20767.0
20/08/2004,10.00.00,14.529411764705882,1066.0,78.0,890.0,72.5764705882353,747.0,70.41379310344827,1690.0,906.0,322.0,414.0,19624.0
20/08/2004,11.00.00,14.352941176470587,1031.0,77.0,887.0,73.11764705882354,777.0,70.58620689655173,1665.0,844.0,356.0,322.0,18408.0
20/08/2004,12.00.00,14.176470588235293,1004.0,73.0,868.0,73.65882352941176,772.0,70.75862068965517,1632.0,763.0,357.0,314.0,18025.0
20/08/2004,13.00.00,14.0,927.0,38.0,698.0,74.2,919.0,70.93103448275862,1537.0,555.0,355.0,349.0,19841.0
20/08/2004,14.00.00,13.823529411764707,924.0,33.0,673.0,74.74117647058823,960.0,71.10344827586206,1522.0,520.0,350.0,355.0,19620.0
20/08/2004,15.00.00,13.647058823529411,912.0,33.0,671.0,75.28235294117647,964.0,71.27586206896552,1508.0,508.0,351.0,346.0,19255.0
20/08/2004,16.00.00,13.470588235294118,976.0,48.0,752.0,75.82352941176471,876.0,71.44827586206897,1561.0,545.0,368.0,305.0,18572.0
20/08/2004,17.00.00,13.294117647058822,989.0,57.0,798.0,76.36470588235294,840.0,71.62068965517241,1607.0,584.0,345.0,347.0,18667.0
20/08/2004,18.00.00,13.117647058823529,986.0,56.0,794.0,76.90588235294118,845.0,71.79310344827586,1619.0,590.0,330.0,381.0,18813.0
20/08/2004,19.00.00,12.941176470588236,984.0,57.0,800.0,77.4470588235294,836.0,71.96551724137932,1607.0,610.0,308.0,431.0,18761.0
20/08/2004,20.00.00,12.764705882352942,1000.0,70.0,857.0,77.98823529411764,767.0,72.13793103448276,1634.0,689.0,291.0,469.0,18652.0
20/08/2004,21.00.00,12.588235294117647,996.0,68.0,848.0,78.52941176470588,763.0,72.3103448275862,1657.0,713.0,282.0,498.0,18795.0
20/08/2004,22.00.00,12.411764705882351,1013.0,83.0,913.0,79.07058823529411,717.0,72.48275862068965,1685.0,785.0,275.0,504.0,18230.0
20/08/2004,23.00.00,12.235294117647058,1004.0,69.0,851.0,79.61176470588235,767.0,72.65517241379311,1632.0,754.0,273.0,491.0,17503.0
21/08/2004,00.00.00,12.058823529411764,949.0,60.0,814.0,80.15294117647059,824.0,72.82758620689656,1563.0,653.0,267.0,467.0,16121.0
21/08/2004,01.00.00,11.882352941176471,895.0,54.0,783.0,80.69411764705882,863.0,73.0,1502.0,575.0,260.0,450.0,14913.0
21/08/2004,02.00.00,11.705882352941176,863.0,39.0,707.0,81.23529411764706,927.0,73.17241379310344,1407.0,537.0,250.0,473.0,14771.0
21/08/2004,03.00.00,11.529411764705882,786.0,20.0,587.0,81.7764705882353,1150.0,73.34482758620689,1300.0,413.0,253.0,443.0,14032.0
21/08/2004,04.00.00,11.352941176470587,792.0,22.0,597.0,82.31764705882352,1137.0,73.51724137931035,1320.0,417.0,243.0,463.0,13857.0
21/08/2004,05.00.00,11.176470588235293,816.0,30.0,653.0,82.85882352941177,1058.0,73.6896551724138,1332.0,486.0,248.0,434.0,13347.0
21/08/2004,06.00.00,11.0,826.0,35.0,682.0,83.4,1088.0,73.86206896551724,1342.0,532.0,245.0,406.0,12327.0
21/08/2004,07.00.00,10.823529411764707,826.0,38.0,698.0,83.94117647058823,1017.0,74.0344827586207,1331.0,542.0,257.0,369.0,11991.0
21/08/2004,08.00.00,10.647058823529411,809.0,32.0,664.0,84.48235294117647,1061.0,74.20689655172414,1323.0,459.0,268.0,350.0,12175.0
21/08/2004,09.00.00,10.470588235294116,809.0,26.0,624.0,85.02352941176471,1131.0,74.37931034482759,1309.0,415.0,280.0,349.0,13008.0
21/08/2004,10.00.00,10.294117647058822,853.0,35.0,681.0,85.56470588235294,1031.0,74.55172413793103,1368.0,457.0,290.0,341.0,13445.0
21/08/2004,11.00.00,10.117647058823529,814.0,31.0,657.0,86.10588235294118,1086.0,74.72413793103448,1332.0,429.0,304.0,308.0,13155.0
21/08/2004,12.00.00,9.941176470588236,807.0,31.0,658.0,86.6470588235294,1113.0,74.89655172413794,1328.0,428.0,324.0,263.0,12523.0
21/08/2004,13.00.00,9.764705882352942,811.0,30.0,653.0,87.18823529411765,1120.0,75.06896551724138,1336.0,423.0,310.0,289.0,12770.0
21/08/2004,14.00.00,9.588235294117647,796.0,22.0,601.0,87.72941176470587,1171.0,75.24137931034483,1314.0,410.0,293.0,331.0,13220.0
21/08/2004,15.00.00,9.411764705882351,833.0,30.0,649.0,88.27058823529411,1142.0,75.41379310344827,1354.0,437.0,269.0,352.0,12334.0
21/08/2004,16.00.00,9.235294117647058,856.0,35.0,684.0,88.81176470588235,1023.0,75.58620689655173,1368.0,520.0,281.0,342.0,12802.0
21/08/2004,17.00.00,9.058823529411764,830.0,37.0,696.0,89.35294117647058,1060.0,75.75862068965517,1328.0,461.0,285.0,294.0,11298.0
21/08/2004,18.00.00,8.88235294117647,883.0,54.0,782.0,89.89411764705882,958.0,75.93103448275862,1395.0,571.0,273.0,310.0,11110.0
21/08/2004,19.00.00,8.705882352941176,965.0,89.0,936.0,90.43529411764706,808.0,76.10344827586206,1535.0,866.0,254.0,362.0,11562.0
21/08/2004,20.00.00,8.529411764705882,931.0,78.0,890.0,90.97647058823529,831.0,76.27586206896552,1474.0,841.0,246.0,380.0,11580.0
21/08/2004,21.00.00,8.352941176470587,885.0,56.0,791.0,91.51764705882353,941.0,76.44827586206897,1425.0,706.0,243.0,416.0,12467.0
21/08/2004,22.00.00,8.176470588235293,900.0,52.0,773.0,92.05882352941177,944.0,76.62068965517241,1426.0,703.0,249.0,408.0,12696.0
21/08/2004,23.00.00,8.0,904.0,67.0,845.0,92.6,878.0,76.79310344827586,1483.0,775.0,238.0,447.0,13019.0
22/08/2004,00.00.00,7.823529411764705,944.0,80.0,900.0,93.14117647058823,809.0,76.96551724137932,1549.0,830.0,228.0,498.0,13670.0
22/08/2004,01.00.00,7.647058823529411,907.0,64.0,832.0,93.68235294117648,868.0,77.13793103448276,1492.0,808.0,228.0,494.0,13568.0
22/08/2004,02.00.00,7.470588235294118,886.0,52.0,774.0,94.2235294117647,868.0,77.3103448275862,1486.0,815.0,209.0,574.0,14037.0
22/08/2004,03.00.00,7.2941176470588225,882.0,51.0,767.0,94.76470588235294,856.0,77.48275862068965,1492.0,897.0,205.0,606.0,14470.0
22/08/2004,04.00.00,7.117647058823529,843.0,40.0,713.0,95.30588235294118,917.0,77.65517241379311,1426.0,836.0,196.0,637.0,14396.0
22/08/2004,05.00.00,6.9411764705882355,825.0,37.0,694.0,95.84705882352941,935.0,77.82758620689656,1415.0,774.0,194.0,645.0,14394.0
22/08/2004,06.00.00,6.76470588235294,791.0,28.0,638.0,96.38823529411765,1038.0,78.0,1389.0,698.0,186.0,674.0,14302.0
22/08/2004,07.00.00,6.588235294117647,856.0,45.0,735.0,96.92941176470588,936.0,78.17241379310344,1455.0,800.0,196.0,637.0,14419.0
22/08/2004,08.00.00,6.4117647058823515,861.0,47.0,746.0,97.47058823529412,911.0,78.34482758620689,1448.0,771.0,217.0,564.0,14496.0
22/08/2004,09.00.00,6.235294117647058,924.0,60.0,814.0,98.01176470588234,830.0,78.51724137931035,1519.0,798.0,252.0,474.0,14978.0
22/08/2004,10.00.00,6.0588235294117645,941.0,58.0,805.0,98.55294117647058,842.0,78.6896551724138,1512.0,755.0,304.0,341.0,14577.0
22/08/2004,11.00.00,5.882352941176469,879.0,52.0,775.0,99.09411764705882,899.0,78.86206896551724,1407.0,657.0,334.0,251.0,12665.0
22/08/2004,12.00.00,5.705882352941176,816.0,46.0,742.0,99.63529411764705,1009.0,79.0344827586207,1305.0,537.0,355.0,182.0,10376.0
22/08/2004,13.00.00,5.529411764705882,715.0,21.0,589.0,100.17647058823529,1286.0,79.20689655172414,1127.0,390.0,351.0,157.0,8757.0
22/08/2004,14.00.00,5.352941176470587,717.0,18.0,570.0,100.71764705882353,1326.0,79.37931034482759,1110.0,368.0,333.0,171.0,8592.0
22/08/2004,15.00.00,5.1764705882352935,711.0,28.0,640.0,101.25882352941176,1224.0,79.55172413793103,1084.0,391.0,366.0,118.0,7107.0
22/08/2004,16.00.00,5.0,731.0,36.0,686.0,101.8,1212.0,79.72413793103448,1104.0,413.0,383.0,100.0,6591.0
22/08/2004,17.00.00,4.823529411764705,752.0,40.0,713.0,102.34117647058824,1163.0,79.89655172413794,1144.0,435.0,373.0,109.0,6846.0
22/08/2004,18.00.00,4.647058823529411,879.0,53.0,779.0,102.88235294117646,999.0,80.06896551724138,1347.0,535.0,346.0,200.0,10817.0
22/08/2004,19.00.00,4.470588235294116,922.0,74.0,874.0,103.4235294117647,851.0,80.24137931034483,1447.0,663.0,304.0,282.0,12040.0
22/08/2004,20.00.00,4.2941176470588225,958.0,80.0,900.0,103.96470588235294,782.0,80.41379310344828,1493.0,830.0,281.0,343.0,12821.0
22/08/2004,21.00.00,4.117647058823529,949.0,74.0,876.0,104.50588235294117,773.0,80.58620689655173,1500.0,911.0,265.0,366.0,12484.0
22/08/2004,22.00.00,3.9411764705882337,922.0,61.0,818.0,105.04705882352941,826.0,80.75862068965517,1454.0,848.0,257.0,385.0,12548.0
22/08/2004,23.00.00,3.7647058823529402,902.0,55.0,790.0,105.58823529411765,856.0,80.93103448275862,1428.0,799.0,247.0,416.0,12751.0
23/08/2004,00.00.00,3.5882352941176467,932.0,62.0,820.0,106.12941176470588,817.0,81.10344827586206,1462.0,921.0,236.0,454.0,13067.0
23/08/2004,01.00.00,3.4117647058823515,870.0,44.0,733.0,106.6705882352941,903.0,81.27586206896552,1392.0,762.0,234.0,463.0,13134.0
23/08/2004,02.00.00,3.235294117647058,812.0,34.0,675.0,107.21176470588236,995.0,81.44827586206897,1348.0,661.0,216.0,516.0,13171.0
23/08/2004,03.00.00,3.0588235294117645,773.0,24.0,613.0,107.75294117647059,1065.0,81.62068965517241,1321.0,597.0,212.0,533.0,13280.0
23/08/2004,04.00.00,2.8823529411764692,769.0,20.0,582.0,108.29411764705881,1105.0,81.79310344827586,1306.0,616.0,206.0,551.0,13237.0
23/08/2004,05.00.00,2.7058823529411757,763.0,20.0,583.0,108.83529411764707,1093.0,81.96551724137932,1288.0,596.0,221.0,496.0,13022.0
23/08/2004,06.00.00,2.5294117647058822,809.0,38.0,701.0,109.37647058823529,997.0,82.13793103448276,1384.0,649.0,211.0,516.0,12784.0
23/08/2004,07.00.00,2.352941176470587,893.0,76.0,881.0,109.91764705882352,810.0,82.3103448275862,1486.0,792.0,218.0,486.0,12556.0
23/08/2004,08.00.00,2.1764705882352935,1028.0,149.0,1146.0,110.45882352941176,638.0,82.48275862068965,1766.0,1080.0,217.0,491.0,12602.0
23/08/2004,09.00.00,2.0,1011.0,120.0,1051.0,111.0,702.0,82.65517241379311,1659.0,1087.0,253.0,417.0,13243.0
23/08/2004,10.00.00,9.0,994.0,92.0,947.0,98.5,764.0,82.82758620689656,1572.0,983.0,303.0,309.0,13096.0
23/08/2004,11.00.00,16.0,937.0,82.0,908.0,86.0,822.0,83.0,1466.0,826.0,329.0,249.0,12269.0
23/08/2004,12.00.00,13.0,902.0,59.0,808.0,57.0,912.0,64.0,1408.0,632.0,344.0,235.0,12541.0
23/08/2004,13.00.00,1.0,860.0,47.0,748.0,39.0,955.0,50.0,1344.0,532.0,343.0,225.0,11974.0
23/08/2004,14.00.00,9.0,843.0,41.0,716.0,41.0,1005.0,53.0,1305.0,496.0,334.0,216.0,10927.0
23/08/2004,15.00.00,1.0,872.0,49.0,760.0,47.0,979.0,57.0,1314.0,513.0,361.0,184.0,10827.0
23/08/2004,16.00.00,11.0,857.0,52.0,775.0,45.0,979.0,55.0,1258.0,512.0,373.0,154.0,9692.0
23/08/2004,17.00.00,15.0,922.0,75.0,878.0,60.0,880.0,70.0,1363.0,615.0,368.0,162.0,9922.0
23/08/2004,18.00.00,15.0,951.0,74.0,875.0,51.0,856.0,68.0,1406.0,600.0,349.0,209.0,11463.0
23/08/2004,19.00.00,16.0,962.0,78.0,891.0,53.0,813.0,73.0,1442.0,634.0,308.0,265.0,11603.0
23/08/2004,20.00.00,17.0,957.0,86.0,926.0,72.0,758.0,92.0,1480.0,830.0,289.0,283.0,11078.0
23/08/2004,21.00.00,14.0,928.0,65.0,837.0,62.0,808.0,80.0,1410.0,871.0,270.0,307.0,10790.0
23/08/2004,22.00.00,12.0,895.0,68.0,846.0,41.0,819.0,60.0,1371.0,787.0,266.0,306.0,10459.0
23/08/2004,23.00.00,11.0,902.0,57.0,797.0,32.0,845.0,49.0,1355.0,841.0,260.0,331.0,10955.0
24/08/2004,00.00.00,11.0,904.0,58.0,801.0,44.0,852.0,53.0,1400.0,862.0,241.0,379.0,11204.0
24/08/2004,01.00.00,12.0,919.0,57.0,799.0,29.0,844.0,50.0,1409.0,881.0,222.0,431.0,11396.0
24/08/2004,02.00.00,7.0,812.0,32.0,663.0,18.0,982.0,34.0,1265.0,709.0,228.0,413.0,11284.0
24/08/2004,03.00.00,5.0,776.0,21.0,590.0,15.0,1099.0,27.5,1245.0,602.0,212.0,438.0,10880.0
24/08/2004,04.00.00,4.0,762.0,17.0,563.0,12.0,1181.0,21.0,1208.0,492.0,217.0,426.0,10907.0
24/08/2004,05.00.00,7.0,786.0,28.0,642.0,39.0,1057.0,48.0,1270.0,592.0,202.0,471.0,11021.0
24/08/2004,06.00.00,11.0,868.0,57.0,798.0,83.0,866.0,71.0,1392.0,824.0,201.0,478.0,11093.0
24/08/2004,07.00.00,16.0,965.0,100.0,977.0,149.0,725.0,94.0,1515.0,1014.0,206.0,455.0,10925.0
24/08/2004,08.00.00,23.0,1049.0,145.0,1133.0,216.0,630.0,118.0,1662.0,1208.0,224.0,411.0,10979.0
24/08/2004,09.00.00,16.0,1008.0,99.0,973.0,153.0,714.0,105.0,1509.0,1178.0,250.0,366.0,11430.0
24/08/2004,10.00.00,2.0,1008.0,112.0,1021.0,177.0,714.0,122.0,1549.0,1176.0,299.0,262.0,10891.0
24/08/2004,11.00.00,16.0,973.0,83.0,911.0,126.0,800.0,121.0,1441.0,891.0,329.0,218.0,10714.0
24/08/2004,12.00.00,16.0,964.0,95.0,959.0,96.0,787.0,115.0,1438.0,731.0,350.0,179.0,9900.0
24/08/2004,13.00.00,13.0,923.0,71.0,862.0,92.0,875.0,107.0,1363.0,626.0,346.0,182.0,9832.0
24/08/2004,14.00.00,1.0,934.0,60.0,811.0,75.0,896.0,86.0,1343.0,553.0,338.0,228.0,11781.0
24/08/2004,15.00.00,16.0,1036.0,91.0,943.0,109.0,770.0,118.0,1509.0,770.0,363.0,195.0,11539.0
24/08/2004,16.00.00,2.0,1076.0,104.0,994.0,133.0,723.0,129.0,1549.0,938.0,383.0,179.0,11810.0
24/08/2004,17.00.00,17.0,1055.0,87.0,927.0,87.0,757.0,90.0,1520.0,716.0,369.0,209.0,12864.0
24/08/2004,18.00.00,17.0,1081.0,90.0,938.0,80.0,728.0,87.0,1568.0,714.0,339.0,300.0,15600.0
24/08/2004,19.00.00,14.0,1072.0,68.0,850.0,70.0,737.0,65.0,1604.0,702.0,298.0,434.0,17988.0
24/08/2004,20.00.00,13.0,1038.0,52.0,773.0,67.0,749.0,61.0,1568.0,687.0,275.0,504.0,18274.0
24/08/2004,21.00.00,13.0,1059.0,57.0,800.0,66.0,740.0,62.0,1604.0,739.0,275.0,504.0,18284.0
24/08/2004,22.00.00,16.0,1070.0,69.0,852.0,97.0,704.0,85.0,1639.0,867.0,281.0,480.0,17933.0
24/08/2004,23.00.00,18.0,1093.0,78.0,893.0,90.0,677.0,83.0,1678.0,927.0,269.0,496.0,17299.0
25/08/2004,00.00.00,15.0,1016.0,68.0,849.0,99.0,729.0,84.0,1609.0,872.0,260.0,480.0,15899.0
25/08/2004,01.00.00,13.0,988.0,63.0,825.0,71.0,756.0,71.0,1559.0,848.0,249.0,506.0,15747.0
25/08/2004,02.00.00,11.0,930.0,47.0,749.0,59.0,823.0,62.0,1464.0,777.0,237.0,532.0,15418.0
25/08/2004,03.00.00,5.0,815.0,20.0,584.0,42.5,1102.0,51.0,1363.0,513.0,245.0,509.0,15416.0
25/08/2004,04.00.00,6.0,884.0,36.0,686.0,26.0,908.0,40.0,1439.0,651.0,229.0,561.0,15492.0
25/08/2004,05.00.00,7.0,913.0,44.0,730.0,47.0,883.0,50.0,1493.0,774.0,233.0,555.0,15636.0
25/08/2004,06.00.00,11.0,994.0,64.0,829.0,108.0,784.0,78.0,1581.0,982.0,236.0,542.0,15583.0
25/08/2004,07.00.00,19.0,1173.0,119.0,1047.0,160.0,631.0,89.0,1815.0,1175.0,249.0,529.0,16430.0
25/08/2004,08.00.00,35.0,1314.0,210.0,1325.0,204.0,499.0,106.0,2143.0,1390.0,264.0,508.0,17166.0
25/08/2004,09.00.00,29.0,1252.0,156.0,1168.0,193.0,557.0,107.0,1938.0,1352.0,281.0,474.0,17753.0
25/08/2004,10.00.00,22.0,1151.0,121.0,1053.0,146.0,623.0,93.0,1835.0,1152.0,302.0,432.0,18230.0
25/08/2004,11.00.00,2.0,1122.0,93.0,951.0,126.0,687.0,95.0,1729.0,1022.0,312.0,419.0,18710.0
25/08/2004,12.00.00,17.0,1111.0,87.0,927.0,90.0,707.0,78.0,1715.0,922.0,339.0,360.0,18692.0
25/08/2004,13.00.00,16.0,1058.0,79.0,894.0,84.0,736.0,76.0,1648.0,825.0,339.0,341.0,17754.0
25/08/2004,14.00.00,13.0,972.0,62.0,820.0,60.0,811.0,66.0,1535.0,630.0,344.0,306.0,16402.0
25/08/2004,15.00.00,13.0,985.0,63.0,826.0,66.0,808.0,71.0,1544.0,621.0,353.0,285.0,16034.0
25/08/2004,16.00.00,13.0,1004.0,60.0,814.0,57.0,808.0,61.0,1520.0,602.0,363.0,283.0,16851.0
25/08/2004,17.00.00,16.0,1030.0,79.0,897.0,71.0,733.0,73.0,1592.0,668.0,353.0,294.0,16577.0
25/08/2004,18.00.00,13.0,965.0,58.0,802.0,51.0,821.0,54.0,1504.0,564.0,325.0,341.0,16453.0
25/08/2004,19.00.00,14.0,987.0,63.0,824.0,49.0,793.0,53.0,1541.0,581.0,291.0,421.0,16695.0
25/08/2004,20.00.00,14.0,923.0,60.0,811.0,59.0,804.0,69.0,1434.0,604.0,278.0,356.0,13116.0
25/08/2004,21.00.00,13.0,872.0,63.0,824.0,66.0,853.0,77.0,1346.0,590.0,270.0,300.0,10542.0
25/08/2004,22.00.00,14.0,939.0,68.0,849.0,72.0,804.0,83.0,1479.0,650.0,263.0,373.0,12555.0
25/08/2004,23.00.00,15.0,954.0,70.0,855.0,89.0,792.0,94.0,1474.0,745.0,252.0,408.0,12877.0
26/08/2004,00.00.00,15.0,969.0,70.0,857.0,75.0,753.0,84.0,1485.0,821.0,243.0,433.0,12973.0
26/08/2004,01.00.00,9.0,882.0,50.0,763.0,38.0,879.0,55.0,1388.0,656.0,233.0,453.0,12794.0
26/08/2004,02.00.00,6.0,805.0,28.0,637.0,24.0,1048.0,35.0,1276.0,520.0,241.0,440.0,13034.0
26/08/2004,03.00.00,5.0,790.0,21.0,590.0,21.5,1122.0,33.0,1257.0,493.0,238.0,448.0,13061.0
26/08/2004,04.00.00,5.0,779.0,17.0,560.0,19.0,1189.0,31.0,1231.0,487.0,230.0,477.0,13232.0
26/08/2004,05.00.00,5.0,842.0,28.0,640.0,40.0,1070.0,45.0,1293.0,595.0,237.0,467.0,13501.0
26/08/2004,06.00.00,1.0,841.8478260869565,28.217391304347824,641.2826086956521,63.0,1066.5652173913043,59.0,1294.4782608695652,599.3695652173913,236.15217391304347,469.7391304347826,13501.08695652174
26/08/2004,07.00.00,19.0,841.695652173913,28.434782608695652,642.5652173913044,121.0,1063.1304347826087,83.0,1295.9565217391305,603.7391304347826,235.30434782608697,472.4782608695652,13501.173913043478
26/08/2004,08.00.00,26.0,841.5434782608696,28.652173913043477,643.8478260869565,143.0,1059.695652173913,90.0,1297.4347826086957,608.1086956521739,234.45652173913044,475.2173913043478,13501.260869565218
26/08/2004,09.00.00,17.0,841.3913043478261,28.869565217391305,645.1304347826087,104.0,1056.2608695652175,87.0,1298.9130434782608,612.4782608695652,233.6086956521739,477.95652173913044,13501.347826086956
26/08/2004,10.00.00,17.0,841.2391304347826,29.08695652173913,646.4130434782609,111.0,1052.8260869565217,83.0,1300.391304347826,616.8478260869565,232.7608695652174,480.69565217391306,13501.434782608696
26/08/2004,11.00.00,14.0,841.0869565217391,29.304347826086957,647.695652173913,83.0,1049.391304347826,71.0,1301.8695652173913,621.2173913043479,231.91304347826087,483.4347826086956,13501.521739130434
26/08/2004,12.00.00,16.0,840.9347826086956,29.52173913043478,648.9782608695652,90.0,1045.9565217391305,77.0,1303.3478260869565,625.5869565217391,231.06521739130434,486.17391304347825,13501.608695652174
26/08/2004,13.00.00,13.0,840.7826086956521,29.73913043478261,650.2608695652174,82.0,1042.5217391304348,75.0,1304.8260869565217,629.9565217391305,230.2173913043478,488.9130434782609,13501.695652173914
26/08/2004,14.00.00,9.0,840.6304347826087,29.956521739130434,651.5434782608696,48.0,1039.0869565217392,52.0,1306.304347826087,634.3260869565217,229.3695652173913,491.6521739130435,13501.782608695652
26/08/2004,15.00.00,14.0,840.4782608695652,30.17391304347826,652.8260869565217,89.0,1035.6521739130435,76.0,1307.7826086956522,638.695652173913,228.52173913043478,494.39130434782606,13501.869565217392
26/08/2004,16.00.00,1.0,840.3260869565217,30.391304347826086,654.1086956521739,58.0,1032.2173913043478,60.0,1309.2608695652175,643.0652173913044,227.67391304347825,497.1304347826087,13501.95652173913
26/08/2004,17.00.00,22.0,840.1739130434783,30.608695652173914,655.3913043478261,129.0,1028.7826086956522,99.0,1310.7391304347825,647.4347826086956,226.82608695652175,499.8695652173913,13502.04347826087
26/08/2004,18.00.00,19.0,840.0217391304348,30.82608695652174,656.6739130434783,103.0,1025.3478260869565,88.0,1312.2173913043478,651.804347826087,225.97826086956522,502.60869565217394,13502.130434782608
26/08/2004,19.00.00,21.0,839.8695652173913,31.043478260869566,657.9565217391304,115.0,1021.9130434782609,91.0,1313.695652173913,656.1739130434783,225.1304347826087,505.3478260869565,13502.217391304348
26/08/2004,20.00.00,17.0,839.7173913043479,31.26086956521739,659.2391304347826,108.0,1018.4782608695652,91.0,1315.1739130434783,660.5434782608695,224.2826086956522,508.0869565217391,13502.304347826086
26/08/2004,21.00.00,1.0,839.5652173913044,31.47826086956522,660.5217391304348,60.0,1015.0434782608695,68.0,1316.6521739130435,664.9130434782609,223.43478260869566,510.82608695652175,13502.391304347826
26/08/2004,22.00.00,11.0,839.4130434782609,31.695652173913043,661.804347826087,68.0,1011.6086956521739,71.0,1318.1304347826087,669.2826086956522,222.58695652173913,513.5652173913044,13502.478260869566
26/08/2004,23.00.00,7.0,839.2608695652174,31.91304347826087,663.0869565217391,36.0,1008.1739130434783,49.0,1319.608695652174,673.6521739130435,221.73913043478262,516.304347826087,13502.565217391304
27/08/2004,00.00.00,13.0,839.1086956521739,32.130434782608695,664.3695652173913,81.0,1004.7391304347826,71.0,1321.0869565217392,678.0217391304348,220.8913043478261,519.0434782608696,13502.652173913044
27/08/2004,01.00.00,13.0,838.9565217391304,32.34782608695652,665.6521739130435,91.0,1001.304347826087,76.0,1322.5652173913043,682.3913043478261,220.04347826086956,521.7826086956521,13502.739130434782
27/08/2004,02.00.00,1.0,838.804347826087,32.565217391304344,666.9347826086956,65.0,997.8695652173913,67.0,1324.0434782608695,686.7608695652174,219.19565217391303,524.5217391304348,13502.826086956522
27/08/2004,03.00.00,7.0,838.6521739130435,32.78260869565217,668.2173913043479,55.5,994.4347826086956,62.5,1325.5217391304348,691.1304347826087,218.34782608695653,527.2608695652174,13502.91304347826
27/08/2004,04.00.00,6.0,838.5,33.0,669.5,46.0,991.0,58.0,1327.0,695.5,217.5,530.0,13503.0
27/08/2004,05.00.00,7.0,838.3478260869565,33.21739130434783,670.7826086956521,71.0,987.5652173913044,53.0,1328.4782608695652,699.8695652173913,216.65217391304347,532.7391304347826,13503.08695652174
27/08/2004,06.00.00,11.0,838.195652173913,33.434782608695656,672.0652173913044,92.0,984.1304347826087,52.0,1329.9565217391305,704.2391304347826,215.80434782608697,535.4782608695652,13503.173913043478
27/08/2004,07.00.00,24.0,838.0434782608696,33.65217391304348,673.3478260869565,201.0,980.695652173913,68.0,1331.4347826086957,708.6086956521739,214.95652173913044,538.2173913043479,13503.260869565218
27/08/2004,08.00.00,24.0,837.8913043478261,33.869565217391305,674.6304347826087,169.0,977.2608695652174,69.0,1332.9130434782608,712.9782608695652,214.1086956521739,540.9565217391305,13503.347826086956
27/08/2004,09.00.00,23.0,837.7391304347826,34.08695652173913,675.9130434782609,158.0,973.8260869565217,83.0,1334.391304347826,717.3478260869565,213.26086956521738,543.695652173913,13503.434782608696
27/08/2004,10.00.00,22.0,837.5869565217391,34.30434782608695,677.195652173913,147.0,970.3913043478261,99.0,1335.8695652173913,721.7173913043479,212.41304347826087,546.4347826086956,13503.521739130434
27/08/2004,11.00.00,18.0,837.4347826086956,34.52173913043478,678.4782608695652,119.0,966.9565217391305,101.0,1337.3478260869565,726.0869565217391,211.56521739130434,549.1739130434783,13503.608695652174
27/08/2004,12.00.00,2.0,837.2826086956521,34.73913043478261,679.7608695652174,114.0,963.5217391304348,104.0,1338.8260869565217,730.4565217391305,210.7173913043478,551.9130434782609,13503.695652173914
27/08/2004,13.00.00,15.0,837.1304347826087,34.95652173913044,681.0434782608695,92.0,960.0869565217391,89.0,1340.304347826087,734.8260869565217,209.8695652173913,554.6521739130435,13503.782608695652
27/08/2004,14.00.00,14.0,836.9782608695652,35.17391304347826,682.3260869565217,82.0,956.6521739130435,88.0,1341.7826086956522,739.195652173913,209.02173913043478,557.3913043478261,13503.869565217392
27/08/2004,15.00.00,15.0,836.8260869565217,35.391304347826086,683.6086956521739,85.0,953.2173913043478,89.0,1343.2608695652175,743.5652173913044,208.17391304347825,560.1304347826087,13503.95652173913
27/08/2004,16.00.00,16.0,836.6739130434783,35.608695652173914,684.8913043478261,96.0,949.7826086956521,92.0,1344.7391304347825,747.9347826086956,207.32608695652175,562.8695652173913,13504.04347826087
27/08/2004,17.00.00,19.0,836.5217391304348,35.82608695652174,686.1739130434783,104.0,946.3478260869565,109.0,1346.2173913043478,752.304347826087,206.47826086956522,565.6086956521739,13504.130434782608
27/08/2004,18.00.00,2.0,836.3695652173913,36.04347826086956,687.4565217391304,101.0,942.9130434782609,107.0,1347.695652173913,756.6739130434783,205.6304347826087,568.3478260869565,13504.217391304348
27/08/2004,19.00.00,23.0,836.2173913043479,36.26086956521739,688.7391304347826,128.0,939.4782608695652,116.0,1349.1739130434783,761.0434782608695,204.7826086956522,571.0869565217391,13504.304347826086
27/08/2004,20.00.00,24.0,836.0652173913044,36.47826086956522,690.0217391304348,147.0,936.0434782608695,124.0,1350.6521739130435,765.4130434782609,203.93478260869566,573.8260869565217,13504.391304347826
27/08/2004,21.00.00,18.0,835.9130434782609,36.69565217391305,691.304347826087,115.0,932.6086956521739,112.0,1352.1304347826087,769.7826086956522,203.08695652173913,576.5652173913044,13504.478260869566
27/08/2004,22.00.00,17.0,835.7608695652174,36.91304347826087,692.5869565217391,97.0,929.1739130434783,99.0,1353.608695652174,774.1521739130435,202.23913043478262,579.304347826087,13504.565217391304
27/08/2004,23.00.00,12.0,835.6086956521739,37.130434782608695,693.8695652173913,74.0,925.7391304347826,85.0,1355.086956521739,778.5217391304348,201.3913043478261,582.0434782608696,13504.652173913044
28/08/2004,00.00.00,8.0,835.4565217391304,37.34782608695652,695.1521739130435,50.0,922.304347826087,69.0,1356.5652173913043,782.8913043478261,200.54347826086956,584.7826086956522,13504.739130434782
28/08/2004,01.00.00,7.0,835.304347826087,37.565217391304344,696.4347826086956,41.0,918.8695652173913,58.0,1358.0434782608695,787.2608695652174,199.69565217391306,587.5217391304348,13504.826086956522
28/08/2004,02.00.00,6.0,835.1521739130435,37.78260869565217,697.7173913043479,36.0,915.4347826086956,49.0,1359.5217391304348,791.6304347826087,198.84782608695653,590.2608695652174,13504.91304347826
28/08/2004,03.00.00,6.0,835.0,38.0,699.0,38.0,912.0,52.5,1361.0,796.0,198.0,593.0,13505.0
28/08/2004,04.00.00,6.0,792.0,25.0,621.0,40.0,1015.0,56.0,1322.0,714.0,200.0,593.0,13681.0
28/08/2004,05.00.00,4.0,749.0,17.0,559.0,25.0,1145.0,33.0,1255.0,584.0,225.0,486.0,13077.0
28/08/2004,06.00.00,5.0,803.0,34.0,676.0,38.0,975.0,39.0,1303.0,676.0,195.0,570.0,12739.0
28/08/2004,07.00.00,7.0,818.0,43.0,726.0,38.0,921.0,43.0,1330.0,685.0,196.0,561.0,12651.0
28/08/2004,08.00.00,12.0,932.0,71.0,861.0,75.0,767.0,62.0,1483.0,894.0,207.0,533.0,12870.0
28/08/2004,09.00.00,17.0,977.0,83.0,913.0,104.0,744.0,81.0,1512.0,977.0,247.0,418.0,12839.0
28/08/2004,10.00.00,18.0,1011.0,91.0,945.0,134.0,733.0,102.0,1570.0,1034.0,299.0,305.0,12616.0
28/08/2004,11.00.00,15.0,975.0,77.0,887.0,85.0,829.0,86.0,1478.0,737.0,323.0,272.0,12933.0
28/08/2004,12.00.00,12.0,958.0,72.0,867.0,30.0,828.0,37.0,1468.0,660.0,343.0,245.0,13021.0
28/08/2004,13.00.00,11.0,903.0,58.0,805.0,49.0,886.0,64.0,1361.0,581.0,334.0,225.0,11398.0
28/08/2004,14.00.00,11.246575342465754,854.0,35.0,684.0,51.16216216216216,1020.0,64.5,1294.0,456.0,327.0,228.0,11069.0
28/08/2004,15.00.00,11.493150684931507,890.0,47.0,749.0,53.32432432432432,953.0,65.0,1332.0,483.0,345.0,205.0,11028.0
28/08/2004,16.00.00,11.73972602739726,962.0,67.0,845.0,55.486486486486484,877.0,65.5,1379.0,575.0,359.0,203.0,11800.0
28/08/2004,17.00.00,11.986301369863014,1028.0,89.0,934.0,57.648648648648646,786.0,66.0,1481.0,707.0,358.0,230.0,13323.0
28/08/2004,18.00.00,12.232876712328768,1031.0,80.0,901.0,59.81081081081081,775.0,66.5,1502.0,628.0,335.0,290.0,14797.0
28/08/2004,19.00.00,12.479452054794521,1087.0,90.0,938.0,61.972972972972975,690.0,67.0,1613.0,747.0,298.0,396.0,16324.0
28/08/2004,20.00.00,12.726027397260275,1029.0,71.0,862.0,64.13513513513513,727.0,67.5,1539.0,733.0,279.0,431.0,16004.0
28/08/2004,21.00.00,12.972602739726028,1070.0,88.0,932.0,66.29729729729729,685.0,68.0,1648.0,847.0,273.0,445.0,15885.0
28/08/2004,22.00.00,13.219178082191782,1059.0,84.0,914.0,68.45945945945945,697.0,68.5,1617.0,895.0,260.0,476.0,15806.0
28/08/2004,23.00.00,13.465753424657535,1125.0,93.0,952.0,70.62162162162161,646.0,69.0,1690.0,995.0,253.0,529.0,16765.0
29/08/2004,00.00.00,13.712328767123287,1062.0,64.0,829.0,72.78378378378379,714.0,69.5,1592.0,846.0,245.0,563.0,17026.0
29/08/2004,01.00.00,13.95890410958904,1049.0,69.0,853.0,74.94594594594595,699.0,70.0,1605.0,882.0,235.0,598.0,17141.0
29/08/2004,02.00.00,14.205479452054794,999.0,73.0,871.0,77.10810810810811,711.0,70.5,1580.0,909.0,226.0,626.0,16945.0
29/08/2004,03.00.00,14.452054794520548,947.0,59.0,808.0,79.27027027027027,768.0,71.0,1537.0,851.0,218.0,646.0,16721.0
29/08/2004,04.00.00,14.698630136986301,904.0,48.0,753.0,81.43243243243244,809.0,71.5,1529.0,766.0,210.0,669.0,16454.0
29/08/2004,05.00.00,14.945205479452055,894.0,35.0,681.0,83.5945945945946,843.0,72.0,1476.0,765.0,212.0,664.0,16468.0
29/08/2004,06.00.00,15.191780821917808,875.0,30.0,654.0,85.75675675675676,897.0,72.5,1463.0,752.0,210.0,665.0,16344.0
29/08/2004,07.00.00,15.438356164383562,870.0,28.0,637.0,87.91891891891892,947.0,73.0,1445.0,716.0,213.0,641.0,16043.0
29/08/2004,08.00.00,15.684931506849315,952.0,48.0,756.0,90.08108108108108,809.0,73.5,1518.0,825.0,227.0,581.0,15856.0
29/08/2004,09.00.00,15.931506849315069,949.0,39.0,705.0,92.24324324324324,859.0,74.0,1460.0,691.0,251.0,518.0,16304.0
29/08/2004,10.00.00,16.17808219178082,1028.0,69.0,854.0,94.40540540540542,776.0,74.5,1561.0,761.0,295.0,390.0,15868.0
29/08/2004,11.00.00,16.424657534246574,1003.0,68.0,849.0,96.56756756756758,800.0,75.0,1511.0,710.0,323.0,318.0,15128.0
29/08/2004,12.00.00,16.671232876712327,934.0,50.0,763.0,98.72972972972974,872.0,75.5,1435.0,567.0,336.0,289.0,14792.0
29/08/2004,13.00.00,16.91780821917808,872.0,40.0,710.0,100.8918918918919,956.0,76.0,1377.0,493.0,319.0,282.0,13116.0
29/08/2004,14.00.00,17.164383561643834,852.0,35.0,684.0,103.05405405405406,982.0,76.5,1343.0,477.0,325.0,259.0,12437.0
29/08/2004,15.00.00,17.410958904109588,881.0,41.0,715.0,105.21621621621622,955.0,77.0,1352.0,502.0,341.0,234.0,12307.0
29/08/2004,16.00.00,17.65753424657534,942.0,54.0,783.0,107.37837837837839,898.0,77.5,1397.0,568.0,362.0,214.0,12664.0
29/08/2004,17.00.00,17.904109589041095,1038.0,86.0,925.0,109.54054054054055,746.0,78.0,1534.0,714.0,356.0,226.0,12984.0
29/08/2004,18.00.00,18.15068493150685,1042.0,88.0,932.0,111.70270270270271,752.0,78.5,1530.0,717.0,336.0,257.0,13101.0
29/08/2004,19.00.00,18.397260273972602,1181.0,137.0,1107.0,113.86486486486487,590.0,79.0,1807.0,935.0,299.0,352.0,14603.0
29/08/2004,20.00.00,18.643835616438356,1116.0,118.0,1044.0,116.02702702702703,613.0,79.5,1694.0,954.0,283.0,392.0,14826.0
29/08/2004,21.00.00,18.89041095890411,1062.0,86.0,923.0,118.1891891891892,697.0,80.0,1602.0,839.0,270.0,430.0,15118.0
29/08/2004,22.00.00,19.136986301369863,1085.0,92.0,948.0,120.35135135135135,680.0,80.5,1635.0,880.0,262.0,468.0,15669.0
29/08/2004,23.00.00,19.383561643835616,1161.0,122.0,1057.0,122.51351351351352,613.0,81.0,1764.0,1026.0,251.0,515.0,16210.0
30/08/2004,00.00.00,19.63013698630137,1053.0,78.0,891.0,124.67567567567568,690.0,81.5,1589.0,898.0,241.0,553.0,16363.0
30/08/2004,01.00.00,19.876712328767123,956.0,45.0,740.0,126.83783783783784,831.0,82.0,1474.0,717.0,238.0,578.0,16770.0
30/08/2004,02.00.00,20.123287671232877,859.0,29.0,646.0,129.0,951.0,82.5,1376.0,607.0,237.0,562.0,16255.0
30/08/2004,03.00.00,20.36986301369863,813.0,18.0,566.0,131.16216216216216,1123.0,83.0,1328.0,501.0,248.0,522.0,16086.0
30/08/2004,04.00.00,20.616438356164384,815.0,17.0,565.0,133.32432432432432,1127.0,83.5,1350.0,541.0,229.0,594.0,16353.0
30/08/2004,05.00.00,20.863013698630137,902.0,39.0,706.0,135.48648648648648,877.0,84.0,1463.0,708.0,220.0,623.0,16266.0
30/08/2004,06.00.00,21.109589041095887,1017.0,76.0,885.0,137.64864864864865,726.0,84.5,1609.0,884.0,215.0,640.0,16256.0
30/08/2004,07.00.00,21.35616438356164,1336.0,233.0,1385.0,139.81081081081084,477.0,85.0,2133.0,1357.0,226.0,603.0,16287.0
30/08/2004,08.00.00,21.602739726027394,1393.0,307.0,1567.0,141.97297297297297,416.0,85.5,2381.0,1562.0,238.0,565.0,16400.0
30/08/2004,09.00.00,21.849315068493148,1271.0,204.0,1308.0,144.13513513513516,517.0,86.0,2007.0,1411.0,257.0,506.0,16475.0
30/08/2004,10.00.00,22.0958904109589,1169.0,137.0,1107.0,146.2972972972973,607.0,86.5,1818.0,1175.0,278.0,454.0,16751.0
30/08/2004,11.00.00,22.342465753424655,1143.0,118.0,1043.0,148.45945945945948,643.0,87.0,1747.0,1079.0,299.0,396.0,16397.0
30/08/2004,12.00.00,22.58904109589041,1084.0,101.0,980.0,150.6216216216216,679.0,87.5,1653.0,923.0,316.0,347.0,15890.0
30/08/2004,13.00.00,22.835616438356162,1051.0,93.0,950.0,152.7837837837838,715.0,88.0,1644.0,748.0,315.0,344.0,15665.0
30/08/2004,14.00.00,23.082191780821915,1020.0,76.0,882.0,154.94594594594594,765.0,88.5,1553.0,635.0,312.0,350.0,15669.0
30/08/2004,15.00.00,23.32876712328767,1111.0,131.0,1088.0,157.10810810810813,635.0,89.0,1719.0,884.0,330.0,314.0,15583.0
30/08/2004,16.00.00,23.575342465753423,1125.0,122.0,1056.0,159.27027027027026,645.0,89.5,1716.0,929.0,338.0,292.0,15143.0
30/08/2004,17.00.00,23.821917808219176,1099.0,119.0,1048.0,161.43243243243245,657.0,90.0,1711.0,779.0,330.0,295.0,14613.0
30/08/2004,18.00.00,24.06849315068493,1132.0,141.0,1121.0,163.59459459459458,611.0,90.5,1757.0,906.0,323.0,302.0,14347.0
30/08/2004,19.00.00,24.315068493150683,1077.0,113.0,1025.0,165.75675675675677,629.0,91.0,1677.0,772.0,284.0,384.0,14616.0
30/08/2004,20.00.00,24.561643835616437,1076.0,103.0,988.0,167.9189189189189,648.0,91.5,1649.0,883.0,269.0,432.0,15052.0
30/08/2004,21.00.00,24.80821917808219,1070.0,108.0,1008.0,170.0810810810811,656.0,92.0,1649.0,963.0,260.0,436.0,14407.0
30/08/2004,22.00.00,25.054794520547944,1052.0,94.0,956.0,172.24324324324326,675.0,92.5,1581.0,987.0,250.0,476.0,14872.0
30/08/2004,23.00.00,25.301369863013697,988.0,71.0,862.0,174.40540540540542,736.0,93.0,1539.0,893.0,246.0,509.0,15508.0
31/08/2004,00.00.00,25.54794520547945,926.0,51.0,769.0,176.56756756756758,836.0,93.5,1467.0,801.0,240.0,556.0,16381.0
31/08/2004,01.00.00,25.794520547945204,925.0,47.0,749.0,178.72972972972974,826.0,94.0,1482.0,739.0,235.0,583.0,16672.0
31/08/2004,02.00.00,26.041095890410958,869.0,29.0,648.0,180.8918918918919,953.0,94.5,1401.0,644.0,227.0,608.0,16519.0
31/08/2004,03.00.00,26.28767123287671,832.0,21.0,593.0,183.05405405405406,1049.0,95.0,1347.0,558.0,241.0,555.0,16481.0
31/08/2004,04.00.00,26.534246575342465,854.0,29.0,645.0,185.21621621621622,954.0,95.5,1399.0,602.0,225.0,609.0,16424.0
31/08/2004,05.00.00,26.78082191780822,913.0,43.0,726.0,187.3783783783784,861.0,96.0,1487.0,737.0,220.0,645.0,16847.0
31/08/2004,06.00.00,27.027397260273972,976.0,66.0,840.0,189.54054054054055,756.0,96.5,1555.0,885.0,223.0,629.0,16754.0
31/08/2004,07.00.00,27.273972602739725,1309.0,210.0,1323.0,191.7027027027027,505.0,97.0,2098.0,1360.0,231.0,600.0,16711.0
31/08/2004,08.00.00,27.52054794520548,1333.0,262.0,1460.0,193.86486486486487,443.0,97.5,2231.0,1455.0,247.0,551.0,16872.0
31/08/2004,09.00.00,27.767123287671232,1209.0,161.0,1182.0,196.02702702702703,546.0,98.0,1911.0,1255.0,277.0,461.0,16852.0
31/08/2004,10.00.00,28.013698630136986,1180.0,153.0,1157.0,198.1891891891892,568.0,98.5,1874.0,1202.0,298.0,388.0,16029.0
31/08/2004,11.00.00,28.26027397260274,1204.0,165.0,1196.0,200.35135135135135,552.0,99.0,1884.0,1250.0,315.0,326.0,14780.0
31/08/2004,12.00.00,28.506849315068493,1143.0,141.0,1119.0,202.51351351351352,610.0,99.5,1770.0,1103.0,318.0,305.0,14083.0
31/08/2004,13.00.00,28.753424657534246,1120.0,122.0,1058.0,204.67567567567568,626.0,100.0,1716.0,1049.0,314.0,318.0,14410.0
31/08/2004,14.00.00,29.0,1030.0,89.0,935.0,206.83783783783784,726.0,100.5,1583.0,791.0,325.0,287.0,13796.0
31/08/2004,15.00.00,19.0,1058.0,110.0,1016.0,209.0,673.0,101.0,1625.0,832.0,338.0,258.0,13338.0
31/08/2004,16.00.00,14.0,1040.0,76.0,882.0,132.0,756.0,71.0,1560.0,635.0,345.0,286.0,15393.0
31/08/2004,17.00.00,2.0,1093.0,101.0,981.0,166.0,666.0,82.0,1676.0,733.0,327.0,330.0,15987.0
31/08/2004,18.00.00,27.0,1184.0,141.0,1119.0,243.0,594.0,104.0,1806.0,912.0,314.0,354.0,15972.0
31/08/2004,19.00.00,28.0,1180.0,141.0,1121.0,247.0,568.0,105.0,1816.0,947.0,277.0,435.0,15920.0
31/08/2004,20.00.00,2.0,1079.0,103.0,988.0,165.0,633.0,87.0,1694.0,899.0,262.0,478.0,15979.0
31/08/2004,21.00.00,21.0,1095.0,115.0,1032.0,187.0,621.0,98.0,1730.0,984.0,257.0,487.0,15825.0
31/08/2004,22.00.00,2.0,1073.0,109.0,1009.0,206.0,639.0,105.0,1655.0,955.0,252.0,501.0,15800.0
31/08/2004,23.00.00,18.0,1063.0,104.0,991.0,200.0,655.0,104.0,1672.0,966.0,244.0,534.0,16031.0
01/09/2004,00.00.00,19.0,1046.0,95.0,960.0,189.0,671.0,96.0,1637.0,899.0,237.0,554.0,16031.0
01/09/2004,01.00.00,13.0,953.0,70.0,858.0,136.0,742.0,79.0,1544.0,780.0,228.0,585.0,15992.0
01/09/2004,02.00.00,7.0,864.0,33.0,673.0,83.0,947.0,61.0,1412.0,636.0,228.0,585.0,15985.0
01/09/2004,03.00.00,5.0,829.0,26.0,628.0,77.5,994.0,54.5,1378.0,577.0,223.0,597.0,15889.0
01/09/2004,04.00.00,5.0,838.0,28.0,639.0,72.0,963.0,48.0,1391.0,596.0,208.0,649.0,15710.0
01/09/2004,05.00.00,6.0,913.0,43.0,728.0,121.0,802.0,63.0,1418.0,887.0,197.0,668.0,15184.0
01/09/2004,06.00.00,13.0,1039.0,85.0,921.0,268.0,687.0,92.0,1556.0,1115.0,198.0,643.0,14678.0
01/09/2004,07.00.00,36.0,1252.0,209.0,1320.0,451.0,499.0,99.0,2001.0,1374.0,206.0,623.0,14915.0
01/09/2004,08.00.00,49.0,1410.0,352.0,1669.0,458.0,393.0,117.0,2555.0,1644.0,232.0,540.0,15143.0
01/09/2004,09.00.00,39.0,1217.0,187.0,1261.0,487.0,533.0,142.0,1941.0,1375.0,263.0,431.0,14542.0
01/09/2004,10.00.00,22.0,1114.0,128.0,1077.0,319.0,633.0,121.0,1705.0,1199.0,291.0,354.0,14008.0
01/09/2004,11.00.00,19.0,1026.0,112.0,1020.0,269.0,689.0,122.0,1603.0,992.0,300.0,316.0,13176.0
01/09/2004,12.00.00,22.0,1051.0,133.0,1094.0,224.0,646.0,108.0,1675.0,966.0,324.0,263.0,12594.0
01/09/2004,13.00.00,2.0,1027.0,113.0,1024.0,162.0,700.0,80.0,1588.0,814.0,313.0,291.0,13054.0
01/09/2004,14.00.00,17.0,996.0,104.0,992.0,189.0,722.0,93.0,1580.0,727.0,311.0,286.0,12718.0
01/09/2004,15.00.00,2.0,1028.0,123.0,1060.0,213.0,686.0,108.0,1601.0,806.0,333.0,244.0,12320.0
01/09/2004,16.00.00,21.0,1030.0,123.0,1060.0,245.0,705.0,118.0,1588.0,852.0,355.0,212.0,12022.0
01/09/2004,17.00.00,32.0,1133.0,194.0,1280.0,341.0,595.0,149.0,1791.0,1093.0,346.0,220.0,11890.0
01/09/2004,18.00.00,4.0,1180.0,215.0,1339.0,382.0,567.0,171.0,1868.0,1211.0,333.0,236.0,11842.0
01/09/2004,19.00.00,44.0,1261.0,257.0,1446.0,358.0,528.0,154.0,2061.0,1346.0,300.0,285.0,11896.0
01/09/2004,20.00.00,3.0,1093.0,145.0,1133.0,288.0,599.0,122.0,1708.0,1200.0,280.0,330.0,12264.0
01/09/2004,21.00.00,22.0,1068.0,114.0,1029.0,252.0,650.0,126.0,1612.0,1192.0,272.0,374.0,13279.0
01/09/2004,22.00.00,17.0,1031.0,95.0,958.0,201.0,700.0,121.0,1560.0,1074.0,266.0,399.0,13657.0
01/09/2004,23.00.00,19.0,1055.0,116.0,1037.0,225.0,635.0,125.0,1632.0,1161.0,253.0,417.0,13247.0
02/09/2004,00.00.00,2.0,1060.0,114.0,1029.0,242.0,622.0,126.0,1663.0,1210.0,243.0,447.0,13432.0
02/09/2004,01.00.00,15.0,962.0,75.0,880.0,167.0,726.0,96.0,1484.0,1050.0,244.0,456.0,13779.0
02/09/2004,02.00.00,8.0,874.0,53.0,776.0,99.0,846.0,73.0,1416.0,873.0,231.0,499.0,13891.0
02/09/2004,03.00.00,6.0,832.0,31.0,661.0,93.0,977.0,69.0,1312.0,766.0,227.0,513.0,13977.0
02/09/2004,04.00.00,6.0,834.0,40.0,709.0,87.0,907.0,65.0,1348.0,835.0,218.0,541.0,14004.0
02/09/2004,05.00.00,7.0,865.0,46.0,745.0,164.0,866.0,90.0,1394.0,901.0,210.0,569.0,13999.0
02/09/2004,06.00.00,8.0,903.0,58.0,803.0,87.0,819.0,58.0,1471.0,853.0,218.0,555.0,14323.0
02/09/2004,07.00.00,29.0,1236.0,200.0,1297.0,93.0,542.0,27.0,1997.0,1321.0,216.0,572.0,14607.0
02/09/2004,08.00.00,52.0,1464.0,300.0,1552.0,417.0,419.0,67.0,2366.0,1738.0,228.0,542.0,14886.0
02/09/2004,09.00.00,33.0,1258.0,187.0,1261.0,406.0,514.0,96.0,1940.0,1603.0,262.0,450.0,15098.0
02/09/2004,10.00.00,33.40625,1203.0,158.0,1174.0,403.97435897435895,577.0,95.72649572649573,1824.0,1426.0,308.0,348.0,15165.0
02/09/2004,11.00.00,33.8125,1156.0,143.0,1127.0,401.94871794871796,616.0,95.45299145299145,1767.0,1295.0,341.0,288.0,15105.0
02/09/2004,12.00.00,34.21875,1106.0,144.0,1130.0,399.9230769230769,623.0,95.17948717948718,1726.0,1093.0,359.0,247.0,14370.0
02/09/2004,13.00.00,34.625,1008.0,116.0,1037.0,397.8974358974359,697.0,94.90598290598291,1587.0,803.0,337.0,251.0,12915.0
02/09/2004,14.00.00,35.03125,1011.0,111.0,1017.0,395.87179487179486,704.0,94.63247863247864,1569.0,738.0,344.0,240.0,12790.0
02/09/2004,15.00.00,35.4375,1049.0,135.0,1100.0,393.84615384615387,667.0,94.35897435897436,1635.0,870.0,364.0,203.0,12140.0
02/09/2004,16.00.00,35.84375,1053.0,137.0,1108.0,391.8205128205128,694.0,94.08547008547009,1570.0,873.0,387.0,173.0,11729.0
02/09/2004,17.00.00,36.25,1088.0,153.0,1159.0,389.7948717948718,666.0,93.8119658119658,1626.0,889.0,372.0,189.0,11774.0
02/09/2004,18.00.00,36.65625,1248.0,260.0,1454.0,387.7692307692308,550.0,93.53846153846153,1917.0,1599.0,361.0,200.0,11767.0
02/09/2004,19.00.00,37.0625,1374.0,286.0,1517.0,385.7435897435897,490.0,93.26495726495726,2069.0,1704.0,328.0,294.0,14344.0
02/09/2004,20.00.00,37.46875,1213.0,170.0,1210.0,383.71794871794873,572.0,92.99145299145299,1809.0,1424.0,300.0,359.0,14958.0
02/09/2004,21.00.00,37.875,1108.0,120.0,1051.0,381.6923076923077,640.0,92.71794871794872,1616.0,1199.0,287.0,382.0,14794.0
02/09/2004,22.00.00,38.28125,1071.0,101.0,982.0,379.6666666666667,649.0,92.44444444444444,1557.0,1099.0,281.0,404.0,15120.0
02/09/2004,23.00.00,38.6875,1044.0,97.0,967.0,377.64102564102564,672.0,92.17094017094017,1540.0,1133.0,274.0,414.0,14877.0
03/09/2004,00.00.00,39.09375,1045.0,96.0,964.0,375.61538461538464,666.0,91.8974358974359,1554.0,1140.0,264.0,440.0,14919.0
03/09/2004,01.00.00,39.5,1004.0,85.0,921.0,373.5897435897436,699.0,91.62393162393163,1495.0,1092.0,249.0,479.0,14855.0
03/09/2004,02.00.00,39.90625,944.0,57.0,796.0,371.56410256410254,784.0,91.35042735042735,1407.0,1021.0,240.0,503.0,14760.0
03/09/2004,03.00.00,40.3125,868.0,31.0,657.0,369.53846153846155,921.0,91.07692307692308,1356.0,764.0,252.0,479.0,15129.0
03/09/2004,04.00.00,40.71875,850.0,27.0,632.0,367.5128205128205,954.0,90.80341880341881,1316.0,803.0,242.0,506.0,15011.0
03/09/2004,05.00.00,41.125,873.0,33.0,668.0,365.4871794871795,911.0,90.52991452991454,1354.0,744.0,231.0,550.0,15357.0
03/09/2004,06.00.00,41.53125,905.0,51.0,766.0,363.46153846153845,842.0,90.25641025641025,1438.0,818.0,229.0,562.0,15522.0
03/09/2004,07.00.00,41.9375,1249.0,180.0,1239.0,361.43589743589746,540.0,89.98290598290598,1953.0,1285.0,220.0,593.0,15523.0
03/09/2004,08.00.00,42.34375,1488.0,345.0,1653.0,359.4102564102564,388.0,89.7094017094017,2537.0,1782.0,237.0,540.0,15627.0
03/09/2004,09.00.00,42.75,1300.0,200.0,1296.0,357.38461538461536,489.0,89.43589743589743,1989.0,1639.0,267.0,457.0,15747.0
03/09/2004,10.00.00,43.15625,1311.0,189.0,1267.0,355.35897435897436,524.0,89.16239316239316,1941.0,1662.0,314.0,345.0,15599.0
03/09/2004,11.00.00,43.5625,1232.0,170.0,1210.0,353.3333333333333,565.0,88.88888888888889,1832.0,1478.0,345.0,285.0,15324.0
03/09/2004,12.00.00,43.96875,1113.0,134.0,1096.0,351.3076923076923,635.0,88.61538461538461,1636.0,1050.0,364.0,236.0,14064.0
03/09/2004,13.00.00,44.375,1048.0,112.0,1021.0,349.28205128205127,698.0,88.34188034188034,1570.0,846.0,351.0,232.0,12884.0
03/09/2004,14.00.00,44.78125,1054.0,116.0,1036.0,347.2564102564103,697.0,88.06837606837607,1585.0,830.0,357.0,222.0,12765.0
03/09/2004,15.00.00,45.1875,1104.0,135.0,1102.0,345.2307692307692,670.0,87.7948717948718,1609.0,1480.0,376.0,196.0,12534.0
03/09/2004,16.00.00,45.59375,1130.0,139.0,1113.0,343.2051282051282,674.0,87.52136752136752,1623.0,1127.0,388.0,176.0,11979.0
03/09/2004,17.00.00,46.0,1229.0,219.0,1348.0,341.1794871794872,565.0,87.24786324786325,1830.0,1445.0,393.0,160.0,11138.0
03/09/2004,18.00.00,43.0,1347.0,232.0,1382.0,339.1538461538462,529.0,86.97435897435898,1961.0,1543.0,370.0,236.0,14639.0
03/09/2004,19.00.00,49.0,1424.0,245.0,1417.0,337.12820512820514,488.0,86.7008547008547,2092.0,1674.0,332.0,301.0,15095.0
03/09/2004,20.00.00,4.0,1305.0,163.0,1188.0,335.1025641025641,546.0,86.42735042735043,1843.0,1524.0,310.0,331.0,14620.0
03/09/2004,21.00.00,26.0,1180.0,131.0,1088.0,333.0769230769231,619.0,86.15384615384616,1662.0,1339.0,295.0,334.0,13562.0
03/09/2004,22.00.00,13.0,1029.0,81.0,904.0,331.05128205128204,709.0,85.88034188034187,1460.0,992.0,291.0,367.0,14502.0
03/09/2004,23.00.00,15.0,1080.0,81.0,902.0,329.025641025641,702.0,85.6068376068376,1516.0,1048.0,278.0,407.0,15002.0
04/09/2004,00.00.00,22.0,1197.0,114.0,1029.0,327.0,601.0,85.33333333333333,1628.0,1362.0,260.0,453.0,14999.0
04/09/2004,01.00.00,12.0,1006.0,67.0,845.0,324.974358974359,738.0,85.05982905982906,1430.0,978.0,258.0,454.0,14870.0
04/09/2004,02.00.00,9.0,987.0,62.0,820.0,322.94871794871796,772.0,84.78632478632478,1400.0,935.0,254.0,459.0,14684.0
04/09/2004,03.00.00,8.0,958.0,45.0,735.0,320.9230769230769,816.0,84.51282051282051,1409.0,906.0,252.0,464.0,14640.0
04/09/2004,04.00.00,8.0,962.0,47.0,747.0,318.8974358974359,813.0,84.23931623931624,1431.0,913.0,230.0,527.0,14568.0
04/09/2004,05.00.00,8.0,958.0,46.0,744.0,316.87179487179486,809.0,83.96581196581197,1419.0,903.0,221.0,545.0,14337.0
04/09/2004,06.00.00,1.0,976.0,53.0,780.0,314.84615384615387,795.0,83.6923076923077,1467.0,898.0,225.0,536.0,14422.0
04/09/2004,07.00.00,17.0,1088.0,91.0,945.0,312.8205128205128,636.0,83.41880341880342,1613.0,1165.0,220.0,554.0,14436.0
04/09/2004,08.00.00,19.0,1159.0,110.0,1016.0,310.7948717948718,595.0,83.14529914529915,1681.0,1260.0,234.0,516.0,14639.0
04/09/2004,09.00.00,2.0,1156.0,103.0,988.0,308.7692307692308,615.0,82.87179487179488,1634.0,1250.0,267.0,430.0,14808.0
04/09/2004,10.00.00,22.0,1202.0,112.0,1021.0,306.7435897435897,649.0,82.59829059829059,1644.0,1226.0,313.0,329.0,14771.0
04/09/2004,11.00.00,23.0,1226.0,129.0,1080.0,304.71794871794873,622.0,82.32478632478632,1697.0,1188.0,348.0,271.0,14837.0
04/09/2004,12.00.00,23.0,1181.0,132.0,1091.0,302.6923076923077,638.0,82.05128205128204,1637.0,1072.0,383.0,215.0,14263.0
04/09/2004,13.00.00,18.0,1062.0,98.0,969.0,300.6666666666667,729.0,81.77777777777777,1459.0,782.0,371.0,212.0,13107.0
04/09/2004,14.00.00,14.0,1013.0,79.0,897.0,298.64102564102564,798.0,81.5042735042735,1351.0,594.0,373.0,203.0,12771.0
04/09/2004,15.00.00,16.0,1029.0,83.0,913.0,296.61538461538464,787.0,81.23076923076923,1373.0,607.0,383.0,193.0,12736.0
04/09/2004,16.00.00,23.0,1144.0,119.0,1046.0,294.5897435897436,682.0,80.95726495726495,1564.0,879.0,407.0,170.0,12793.0
04/09/2004,17.00.00,24.0,1159.0,123.0,1059.0,292.56410256410254,664.0,80.68376068376068,1580.0,945.0,395.0,185.0,13076.0
04/09/2004,18.00.00,21.0,1113.0,100.0,978.0,290.53846153846155,705.0,80.41025641025641,1538.0,946.0,366.0,226.0,13664.0
04/09/2004,19.00.00,18.0,1100.0,91.0,944.0,288.51282051282055,730.0,80.13675213675214,1524.0,882.0,328.0,282.0,13842.0
04/09/2004,20.00.00,17.0,1037.0,78.0,890.0,286.4871794871795,765.0,79.86324786324786,1408.0,735.0,307.0,307.0,13338.0
04/09/2004,21.00.00,19.0,1055.0,103.0,988.0,284.46153846153845,720.0,79.58974358974359,1490.0,874.0,301.0,287.0,12052.0
04/09/2004,22.00.00,16.0,980.0,80.0,901.0,282.43589743589746,812.0,79.31623931623932,1369.0,731.0,297.0,254.0,10440.0
04/09/2004,23.00.00,26.0,1083.0,133.0,1094.0,280.4102564102564,706.0,79.04273504273505,1537.0,926.0,296.0,243.0,9889.0
05/09/2004,00.00.00,58.0,1399.0,303.0,1558.0,278.38461538461536,473.0,78.76923076923077,2052.0,1652.0,280.0,291.0,10846.0
05/09/2004,01.00.00,3.0,1194.0,185.0,1255.0,276.35897435897436,555.0,78.4957264957265,1694.0,1452.0,272.0,333.0,11788.0
05/09/2004,02.00.00,15.0,970.0,73.0,870.0,274.33333333333337,792.0,78.22222222222223,1376.0,943.0,275.0,309.0,11155.0
05/09/2004,03.00.00,9.0,898.0,42.0,721.0,272.3076923076923,912.0,77.94871794871794,1264.0,594.0,271.0,333.0,11762.0
05/09/2004,04.00.00,11.0,929.0,51.0,769.0,270.28205128205127,879.0,77.67521367521367,1335.0,607.0,264.0,351.0,11919.0
05/09/2004,05.00.00,9.0,913.0,44.0,734.0,268.2564102564103,864.0,77.4017094017094,1338.0,646.0,256.0,376.0,12131.0
05/09/2004,06.00.00,7.0,854.0,22.0,600.0,266.2307692307692,1102.0,77.12820512820512,1252.0,542.0,254.0,386.0,12352.0
05/09/2004,07.00.00,6.0,881.0,29.0,647.0,264.2051282051282,964.0,76.85470085470085,1250.0,550.0,255.0,382.0,12296.0
05/09/2004,08.00.00,7.0,867.0,25.0,618.0,262.1794871794872,1042.0,76.58119658119658,1231.0,488.0,270.0,343.0,12089.0
05/09/2004,09.00.00,8.0,885.0,28.0,638.0,260.1538461538462,1059.0,76.3076923076923,1248.0,484.0,299.0,296.0,12296.0
05/09/2004,10.00.00,9.0,899.0,30.0,654.0,258.12820512820514,1037.0,76.03418803418803,1254.0,481.0,319.0,268.0,12477.0
05/09/2004,11.00.00,1.0,886.0,27.0,633.0,256.1025641025641,1071.0,75.76068376068376,1214.0,453.0,330.0,235.0,11583.0
05/09/2004,12.00.00,9.0,864.0,30.0,651.0,254.0769230769231,1096.0,75.48717948717949,1193.0,443.0,345.0,193.0,10369.0
05/09/2004,13.00.00,7.0,822.0,24.0,611.0,252.05128205128204,1191.0,75.21367521367522,1138.0,403.0,332.0,190.0,9533.0
05/09/2004,14.00.00,6.0,810.0,22.0,597.0,250.02564102564102,1255.0,74.94017094017093,1106.0,361.0,322.0,205.0,9699.0
05/09/2004,15.00.00,6.0,784.0,19.0,576.0,248.0,1327.0,74.66666666666666,1060.0,342.0,326.0,175.0,8467.0
05/09/2004,16.00.00,8.0,823.0,27.0,633.0,245.97435897435898,1228.0,74.39316239316238,1103.0,366.0,330.0,175.0,8683.0
05/09/2004,17.00.00,9.0,863.0,34.0,678.0,243.94871794871796,1153.0,74.11965811965811,1139.0,434.0,329.0,175.0,8622.0
05/09/2004,18.00.00,11.0,880.0,43.0,728.0,241.92307692307693,1046.0,73.84615384615384,1167.0,514.0,316.0,180.0,8243.0
05/09/2004,19.00.00,17.0,951.0,70.0,859.0,239.8974358974359,897.0,73.57264957264957,1267.0,718.0,293.0,204.0,8162.0
05/09/2004,20.00.00,15.0,942.0,55.0,786.0,237.8717948717949,930.0,73.2991452991453,1245.0,705.0,278.0,244.0,9002.0
05/09/2004,21.00.00,16.0,988.0,70.0,859.0,235.84615384615387,845.0,73.02564102564102,1341.0,799.0,271.0,269.0,9524.0
05/09/2004,22.00.00,17.0,1008.0,67.0,845.0,233.82051282051282,832.0,72.75213675213675,1349.0,856.0,263.0,295.0,9959.0
05/09/2004,23.00.00,13.0,965.0,51.0,769.0,231.7948717948718,878.0,72.47863247863248,1315.0,667.0,259.0,329.0,10826.0
06/09/2004,00.00.00,13.0,957.0,41.0,717.0,229.76923076923077,911.0,72.2051282051282,1322.0,579.0,253.0,369.0,11764.0
06/09/2004,01.00.00,1.0,921.0,32.0,666.0,227.74358974358975,954.0,71.93162393162393,1288.0,480.0,248.0,401.0,12378.0
06/09/2004,02.00.00,6.0,854.0,17.0,562.0,225.71794871794873,1106.0,71.65811965811966,1224.0,400.0,243.0,429.0,12906.0
06/09/2004,03.00.00,5.0,826.0,10.0,504.0,223.6923076923077,1250.0,71.38461538461539,1204.0,385.0,240.0,455.0,13404.0
06/09/2004,04.00.00,4.5,828.0,10.0,501.0,221.66666666666669,1281.0,71.11111111111111,1189.0,385.0,239.0,474.0,13881.0
06/09/2004,05.00.00,4.0,892.0,19.0,580.0,219.64102564102564,1076.0,70.83760683760684,1271.0,516.0,235.0,491.0,13991.0
06/09/2004,06.00.00,7.0,954.0,31.0,660.0,217.6153846153846,938.0,70.56410256410257,1342.0,728.0,237.0,492.0,14195.0
06/09/2004,07.00.00,18.0,1120.0,78.0,890.0,215.5897435897436,728.0,70.2905982905983,1546.0,1035.0,236.0,496.0,14247.0
06/09/2004,08.00.00,19.0,1096.0,85.0,921.0,213.56410256410257,716.0,70.01709401709401,1534.0,988.0,243.0,454.0,13650.0
06/09/2004,09.00.00,17.0,1058.0,80.0,898.0,211.53846153846155,749.0,69.74358974358974,1470.0,977.0,263.0,383.0,12932.0
06/09/2004,10.00.00,13.0,977.0,57.0,800.0,209.51282051282053,843.0,69.47008547008546,1372.0,778.0,276.0,342.0,12464.0
06/09/2004,11.00.00,14.0,977.0,66.0,840.0,207.4871794871795,827.0,69.19658119658119,1390.0,736.0,292.0,291.0,11586.0
06/09/2004,12.00.00,13.0,943.0,53.0,777.0,205.46153846153848,880.0,68.92307692307692,1333.0,632.0,292.0,286.0,11423.0
06/09/2004,13.00.00,14.0,964.0,60.0,814.0,203.43589743589746,850.0,68.64957264957265,1369.0,689.0,294.0,283.0,11434.0
06/09/2004,14.00.00,12.0,953.0,54.0,781.0,201.4102564102564,889.0,68.37606837606837,1356.0,641.0,298.0,280.0,11558.0
06/09/2004,15.00.00,13.0,967.0,61.0,814.0,199.3846153846154,854.0,68.1025641025641,1385.0,703.0,301.0,267.0,11217.0
06/09/2004,16.00.00,15.0,996.0,67.0,843.0,197.35897435897436,840.0,67.82905982905983,1394.0,765.0,301.0,272.0,11406.0
06/09/2004,17.00.00,23.0,1091.0,117.0,1039.0,195.33333333333334,699.0,67.55555555555556,1586.0,923.0,296.0,275.0,11229.0
06/09/2004,18.00.00,26.0,1114.0,135.0,1101.0,193.30769230769232,663.0,67.28205128205127,1632.0,1057.0,296.0,277.0,11278.0
06/09/2004,19.00.00,29.0,1133.0,135.0,1101.0,191.2820512820513,647.0,67.008547008547,1669.0,1105.0,280.0,301.0,11226.0
06/09/2004,20.00.00,18.0,1031.0,85.0,921.0,189.25641025641028,731.0,66.73504273504273,1490.0,897.0,268.0,338.0,11723.0
06/09/2004,21.00.00,13.0,952.0,55.0,787.0,187.23076923076923,856.0,66.46153846153845,1342.0,723.0,257.0,358.0,11600.0
06/09/2004,22.00.00,13.0,949.0,58.0,804.0,185.2051282051282,835.0,66.18803418803418,1365.0,740.0,254.0,352.0,11255.0
06/09/2004,23.00.00,12.0,932.0,48.0,752.0,183.17948717948718,889.0,65.91452991452991,1310.0,687.0,250.0,373.0,11614.0
07/09/2004,00.00.00,12.0,966.0,52.0,774.0,181.15384615384616,859.0,65.64102564102564,1352.0,644.0,246.0,405.0,12362.0
07/09/2004,01.00.00,8.0,888.0,30.0,653.0,179.12820512820514,973.0,65.36752136752136,1272.0,497.0,242.0,438.0,13057.0
07/09/2004,02.00.00,6.0,847.0,27.0,634.0,177.10256410256412,1012.0,65.09401709401709,1258.0,525.0,240.0,437.0,12876.0
07/09/2004,03.00.00,6.0,856.0,36.0,687.0,175.0769230769231,955.0,64.82051282051282,1260.0,726.0,219.0,483.0,12522.0
07/09/2004,04.00.00,6.0,881.0,44.0,735.0,173.05128205128207,876.0,64.54700854700855,1308.0,783.0,224.0,472.0,12593.0
07/09/2004,05.00.00,7.0,882.0,40.0,711.0,171.02564102564105,936.0,64.27350427350427,1310.0,741.0,229.0,465.0,12861.0
07/09/2004,06.00.00,13.0,1016.0,77.0,888.0,169.0,776.0,64.0,1485.0,1040.0,231.0,470.0,13122.0
07/09/2004,07.00.00,25.0,1228.0,139.0,1113.0,231.0,628.0,72.0,1719.0,1324.0,237.0,462.0,13376.0
07/09/2004,08.00.00,34.0,1311.0,220.0,1350.0,232.0,529.0,73.0,1957.0,1486.0,258.0,419.0,13688.0
07/09/2004,09.00.00,21.0,1081.0,102.0,983.0,145.0,703.0,64.0,1546.0,1079.0,273.0,383.0,13669.0
07/09/2004,10.00.00,22.0,1104.0,104.0,993.0,170.0,705.0,74.0,1539.0,1081.0,310.0,291.0,12885.0
07/09/2004,11.00.00,17.0,991.0,80.0,898.0,214.0,787.0,89.0,1412.0,806.0,316.0,255.0,11638.0
07/09/2004,12.00.00,21.0,1008.0,101.0,980.0,222.48387096774195,755.0,92.19354838709677,1465.0,825.0,325.0,212.0,10173.0
07/09/2004,13.00.00,22.0,986.0,107.0,1005.0,230.96774193548387,752.0,95.38709677419355,1439.0,907.0,317.0,205.0,9428.0
07/09/2004,14.00.00,14.0,948.0,79.0,893.0,239.4516129032258,828.0,98.58064516129032,1374.0,768.0,315.0,215.0,9768.0
07/09/2004,15.00.00,14.0,919.0,71.0,862.0,247.93548387096774,851.0,101.7741935483871,1293.0,697.0,316.0,208.0,9562.0
07/09/2004,16.00.00,16.0,958.0,90.0,940.0,256.4193548387097,820.0,104.96774193548387,1380.0,728.0,324.0,194.0,9279.0
07/09/2004,17.00.00,23.0,1037.0,112.0,1021.0,264.9032258064516,747.0,108.16129032258064,1451.0,786.0,317.0,203.0,9336.0
07/09/2004,18.00.00,33.0,1120.0,160.0,1181.0,273.38709677419354,653.0,111.35483870967741,1604.0,1028.0,311.0,210.0,9337.0
07/09/2004,19.00.00,41.0,1205.0,199.0,1294.0,281.8709677419355,579.0,114.54838709677419,1744.0,1317.0,289.0,254.0,9933.0
07/09/2004,20.00.00,33.0,1172.0,153.0,1159.0,290.35483870967744,597.0,117.74193548387098,1653.0,1290.0,274.0,308.0,11112.0
07/09/2004,21.00.00,22.0,1088.0,111.0,1019.0,298.8387096774194,668.0,120.93548387096774,1554.0,1165.0,263.0,341.0,11453.0
07/09/2004,22.00.00,22.6,1055.0,100.0,979.0,307.3225806451613,694.0,124.12903225806451,1517.0,1086.0,254.0,352.0,11288.0
07/09/2004,23.00.00,23.2,1077.0,122.27272727272728,1040.3636363636363,315.80645161290323,708.0,127.32258064516128,1503.2727272727273,1133.7272727272727,251.54545454545453,350.0,11078.818181818182
08/09/2004,00.00.00,23.8,1099.0,144.54545454545456,1101.7272727272727,324.2903225806452,722.0,130.51612903225805,1489.5454545454545,1181.4545454545455,249.0909090909091,348.0,10869.636363636364
08/09/2004,01.00.00,24.4,1121.0,166.8181818181818,1163.090909090909,332.7741935483871,736.0,133.70967741935482,1475.8181818181818,1229.1818181818182,246.63636363636363,346.0,10660.454545454546
08/09/2004,02.00.00,25.0,1143.0,189.0909090909091,1224.4545454545455,341.258064516129,750.0,136.90322580645162,1462.090909090909,1276.909090909091,244.1818181818182,344.0,10451.272727272728
08/09/2004,03.00.00,25.6,1165.0,211.36363636363637,1285.8181818181818,349.741935483871,764.0,140.09677419354838,1448.3636363636365,1324.6363636363635,241.72727272727272,342.0,10242.090909090908
08/09/2004,04.00.00,26.2,1187.0,233.63636363636363,1347.1818181818182,358.2258064516129,778.0,143.29032258064515,1434.6363636363637,1372.3636363636365,239.27272727272728,340.0,10032.909090909092
08/09/2004,05.00.00,26.8,1209.0,255.9090909090909,1408.5454545454545,366.7096774193549,792.0,146.48387096774195,1420.909090909091,1420.090909090909,236.8181818181818,338.0,9823.727272727272
08/09/2004,06.00.00,27.4,1231.0,278.1818181818182,1469.909090909091,375.19354838709677,806.0,149.67741935483872,1407.1818181818182,1467.8181818181818,234.36363636363637,336.0,9614.545454545454
08/09/2004,07.00.00,28.0,1253.0,300.4545454545455,1531.2727272727273,383.6774193548387,820.0,152.8709677419355,1393.4545454545455,1515.5454545454545,231.9090909090909,334.0,9405.363636363636
08/09/2004,08.00.00,28.6,1275.0,322.72727272727275,1592.6363636363635,392.16129032258067,834.0,156.06451612903226,1379.7272727272727,1563.2727272727273,229.45454545454544,332.0,9196.181818181818
08/09/2004,09.00.00,29.2,1297.0,345.0,1654.0,400.64516129032256,848.0,159.25806451612902,1366.0,1611.0,227.0,330.0,8987.0
08/09/2004,10.00.00,29.8,1300.111111111111,327.6666666666667,1610.888888888889,409.1290322580645,856.6666666666666,162.4516129032258,1374.3333333333333,1603.4444444444443,237.77777777777777,315.3333333333333,9042.222222222223
08/09/2004,11.00.00,30.4,1303.2222222222222,310.3333333333333,1567.7777777777778,417.61290322580646,865.3333333333334,165.64516129032256,1382.6666666666667,1595.888888888889,248.55555555555554,300.6666666666667,9097.444444444445
08/09/2004,12.00.00,31.0,1306.3333333333333,293.0,1524.6666666666667,426.0967741935484,874.0,168.83870967741933,1391.0,1588.3333333333333,259.3333333333333,286.0,9152.666666666666
08/09/2004,13.00.00,31.6,1309.4444444444443,275.6666666666667,1481.5555555555557,434.58064516129036,882.6666666666666,172.03225806451613,1399.3333333333333,1580.7777777777778,270.1111111111111,271.3333333333333,9207.888888888889
08/09/2004,14.00.00,32.2,1312.5555555555557,258.33333333333337,1438.4444444444443,443.06451612903226,891.3333333333334,175.2258064516129,1407.6666666666667,1573.2222222222222,280.8888888888889,256.6666666666667,9263.111111111111
08/09/2004,15.00.00,32.8,1315.6666666666667,241.0,1395.3333333333333,451.5483870967742,900.0,178.41935483870967,1416.0,1565.6666666666667,291.6666666666667,242.0,9318.333333333334
08/09/2004,16.00.00,33.4,1318.7777777777778,223.66666666666669,1352.2222222222222,460.03225806451616,908.6666666666666,181.61290322580646,1424.3333333333333,1558.111111111111,302.44444444444446,227.33333333333334,9373.555555555555
08/09/2004,17.00.00,34.0,1321.888888888889,206.33333333333334,1309.111111111111,468.51612903225805,917.3333333333334,184.80645161290323,1432.6666666666667,1550.5555555555557,313.22222222222223,212.66666666666669,9428.777777777777
08/09/2004,18.00.00,4.0,1325.0,189.0,1266.0,477.0,926.0,188.0,1441.0,1543.0,324.0,198.0,9484.0
08/09/2004,19.00.00,47.0,1383.0,241.0,1406.0,502.0,824.0,176.0,1582.0,1678.0,299.0,223.0,9235.0
08/09/2004,20.00.00,38.0,1254.0,181.0,1241.0,420.0,873.0,163.0,1463.0,1431.0,282.0,248.0,9360.0
08/09/2004,21.00.00,28.0,1221.0,158.0,1174.0,344.0,874.0,155.0,1481.0,1413.0,268.0,289.0,10019.0
08/09/2004,22.00.00,26.0,1226.0,146.0,1138.0,307.0,862.0,146.0,1481.0,1419.0,251.0,323.0,10131.0
08/09/2004,23.00.00,2.0,1100.0,106.0,999.0,251.0,984.0,131.0,1361.0,1145.0,254.0,305.0,9722.0
09/09/2004,00.00.00,14.0,999.0,75.0,879.0,180.0,1114.0,119.0,1261.0,960.0,249.0,283.0,8775.0
09/09/2004,01.00.00,12.0,980.0,74.0,873.0,141.0,1088.0,98.0,1258.0,949.0,232.0,305.0,8558.0
09/09/2004,02.00.00,6.0,859.0,38.0,698.0,105.0,1254.0,89.0,1157.0,819.0,223.0,336.0,8959.0
09/09/2004,03.00.00,3.0,814.0,23.0,606.0,89.5,1370.0,78.5,1131.0,745.0,230.0,330.0,9184.0
09/09/2004,04.00.00,2.0,806.0,23.0,605.0,74.0,1366.0,68.0,1132.0,725.0,214.0,357.0,8982.0
09/09/2004,05.00.00,4.0,813.0,27.0,631.0,91.0,1327.0,65.0,1108.0,710.0,217.0,334.0,8545.0
09/09/2004,06.00.00,6.0,889.0,49.0,760.0,143.0,1224.0,81.0,1213.0,806.0,203.0,355.0,8342.0
09/09/2004,07.00.00,3.0,1200.0,182.0,1246.0,553.0,798.0,136.0,1574.0,1416.0,197.0,375.0,8501.0
09/09/2004,08.00.00,32.0,1289.0,214.0,1335.0,542.0,724.0,130.0,1681.0,1521.0,210.0,356.0,8736.0
09/09/2004,09.00.00,35.0,1355.0,213.0,1333.0,590.0,741.0,157.0,1691.0,1605.0,250.0,289.0,9025.0
09/09/2004,10.00.00,31.0,1277.0,199.0,1292.0,590.0,800.0,171.0,1626.0,1481.0,310.0,219.0,9708.0
09/09/2004,11.00.00,22.0,1156.0,148.0,1142.0,387.0,907.0,143.0,1490.0,1188.0,349.0,185.0,10189.0
09/09/2004,12.00.00,17.0,1054.0,126.0,1071.0,252.0,1006.0,116.0,1380.0,940.0,371.0,150.0,9297.0
09/09/2004,13.00.00,2.0,1096.0,130.0,1083.0,310.0,971.0,129.0,1430.0,986.0,350.0,173.0,9542.0
09/09/2004,14.00.00,25.0,1160.0,162.0,1185.0,396.0,873.0,168.0,1522.0,1162.0,351.0,175.0,9733.0
09/09/2004,15.00.00,24.0,1148.0,150.0,1149.0,329.0,924.0,152.0,1473.0,1047.0,354.0,166.0,9385.0
09/09/2004,16.00.00,29.0,1166.0,162.0,1186.0,393.0,878.0,175.0,1500.0,1180.0,384.0,138.0,9221.0
09/09/2004,17.00.00,42.0,1315.0,227.0,1370.0,522.0,794.0,212.0,1689.0,1399.0,376.0,145.0,9277.0
09/09/2004,18.00.00,54.0,1425.0,323.0,1605.0,631.0,660.0,220.0,1920.0,2321.0,352.0,166.0,9242.0
09/09/2004,19.00.00,43.0,1329.0,223.0,1360.0,435.0,704.0,175.0,1768.0,1894.0,312.0,255.0,11379.0
09/09/2004,20.00.00,36.0,1299.0,166.0,1197.0,407.0,763.0,165.0,1688.0,1606.0,293.0,307.0,12290.0
09/09/2004,21.00.00,2.0,1123.0,110.0,1015.0,255.0,845.0,136.0,1470.0,1297.0,283.0,301.0,11392.0
09/09/2004,22.00.00,15.0,1089.0,113.0,1024.0,180.0,831.0,111.0,1452.0,1182.0,274.0,315.0,11330.0
09/09/2004,23.00.00,15.0,1081.0,93.0,950.0,186.0,876.0,114.0,1434.0,1138.0,262.0,357.0,11929.0
10/09/2004,00.00.00,12.0,1031.0,73.0,871.0,147.0,950.0,96.0,1393.0,972.0,252.0,381.0,12049.0
10/09/2004,01.00.00,1.0,969.0,55.0,787.0,101.0,1035.0,75.0,1350.0,799.0,244.0,391.0,11784.0
10/09/2004,02.00.00,5.0,881.0,35.0,680.0,69.0,1175.0,58.0,1251.0,630.0,237.0,391.0,11289.0
10/09/2004,03.00.00,5.0,869.0,28.0,638.0,59.0,1219.0,49.5,1213.0,586.0,242.0,385.0,11491.0
10/09/2004,04.00.00,4.0,866.0,29.0,644.0,49.0,1162.0,41.0,1218.0,629.0,245.0,385.0,11688.0
10/09/2004,05.00.00,5.0,895.0,36.0,689.0,91.0,1134.0,55.0,1250.0,709.0,224.0,435.0,11624.0
10/09/2004,06.00.00,7.0,933.0,55.0,786.0,144.0,1018.0,73.0,1306.0,858.0,223.0,438.0,11631.0
10/09/2004,07.00.00,24.0,1209.0,155.0,1163.0,430.0,762.0,108.0,1606.0,1300.0,214.0,458.0,11515.0
10/09/2004,08.00.00,41.0,1417.0,283.0,1511.0,606.0,587.0,147.0,1975.0,1676.0,229.0,413.0,11383.0
10/09/2004,09.00.00,3.0,1227.0,178.0,1233.0,519.0,739.0,150.0,1594.0,1384.0,266.0,303.0,10378.0
10/09/2004,10.00.00,2.0,1093.0,128.0,1076.0,353.0,871.0,131.0,1457.0,1125.0,303.0,230.0,9770.0
10/09/2004,11.00.00,25.0,1135.0,157.0,1170.0,429.0,867.0,144.0,1523.0,1189.0,328.0,189.0,9234.0
10/09/2004,12.00.00,24.0,1112.0,154.0,1161.0,345.0,866.0,151.0,1499.0,1088.0,343.0,177.0,9416.0
10/09/2004,13.00.00,26.0,1147.0,156.0,1168.0,417.0,858.0,165.0,1492.0,1118.0,333.0,189.0,9536.0
10/09/2004,14.00.00,19.0,1086.0,126.0,1070.0,276.0,907.0,135.0,1423.0,924.0,330.0,201.0,9959.0
10/09/2004,15.00.00,21.0,1077.0,122.0,1056.0,280.0,908.0,143.0,1406.0,935.0,336.0,196.0,10029.0
10/09/2004,16.00.00,25.0,1110.0,134.0,1098.0,365.0,882.0,153.0,1450.0,1009.0,349.0,184.0,10106.0
10/09/2004,17.00.00,27.0,1146.0,143.0,1125.0,363.0,846.0,149.0,1511.0,1016.0,334.0,203.0,10270.0
10/09/2004,18.00.00,33.0,1211.0,165.0,1194.0,393.0,797.0,164.0,1599.0,1188.0,316.0,227.0,10410.0
10/09/2004,19.00.00,32.0,1218.0,174.0,1221.0,385.0,755.0,180.0,1599.0,1290.0,292.0,269.0,10709.0
10/09/2004,20.00.00,26.0,1136.0,129.0,1082.0,307.0,824.0,159.0,1478.0,1130.0,277.0,301.0,10991.0
10/09/2004,21.00.00,14.0,1017.0,82.0,908.0,194.0,932.0,119.0,1354.0,880.0,271.0,310.0,10991.0
10/09/2004,22.00.00,16.0,1063.0,92.0,946.0,205.0,886.0,127.0,1391.0,996.0,260.0,334.0,11071.0
10/09/2004,23.00.00,17.0,1083.0,93.0,951.0,223.0,880.0,131.0,1393.0,1054.0,251.0,357.0,11222.0
11/09/2004,00.00.00,16.0,1077.0,104.0,994.0,176.0,829.0,101.0,1429.0,1081.0,243.0,385.0,11525.0
11/09/2004,01.00.00,16.25862068965517,968.0,62.0,823.0,181.1551724137931,952.0,101.63793103448276,1343.0,828.0,234.0,407.0,11551.0
11/09/2004,02.00.00,16.517241379310345,898.0,42.0,720.0,186.31034482758622,1059.0,102.27586206896552,1259.0,661.0,232.0,412.0,11561.0
11/09/2004,03.00.00,16.775862068965516,859.0,31.0,656.0,191.4655172413793,1126.0,102.91379310344827,1213.0,582.0,236.0,405.0,11667.0
11/09/2004,04.00.00,17.03448275862069,849.0,23.0,607.0,196.6206896551724,1189.0,103.55172413793103,1190.0,544.0,235.0,409.0,11677.0
11/09/2004,05.00.00,17.29310344827586,886.0,31.0,658.0,201.77586206896552,1101.0,104.1896551724138,1234.0,647.0,205.0,484.0,11557.0
11/09/2004,06.00.00,17.551724137931036,932.0,40.0,708.0,206.9310344827586,1057.0,104.82758620689656,1285.0,720.0,207.0,484.0,11663.0
11/09/2004,07.00.00,17.810344827586206,1144.0,108.0,1006.0,212.08620689655172,757.0,105.46551724137932,1535.0,1207.0,199.0,508.0,11694.0
11/09/2004,08.00.00,18.06896551724138,1222.0,130.0,1083.0,217.24137931034483,729.0,106.10344827586206,1624.0,1273.0,213.0,472.0,11825.0
11/09/2004,09.00.00,18.32758620689655,1202.0,103.0,989.0,222.39655172413794,775.0,106.74137931034483,1506.0,1303.0,240.0,408.0,11993.0
11/09/2004,10.00.00,18.586206896551722,1323.0,163.0,1190.0,227.55172413793105,698.0,107.37931034482759,1702.0,1479.0,287.0,303.0,11769.0
11/09/2004,11.00.00,18.844827586206897,1219.0,127.0,1074.0,232.70689655172413,805.0,108.01724137931035,1532.0,1191.0,319.0,247.0,11477.0
11/09/2004,12.00.00,19.10344827586207,1121.0,97.0,965.0,237.86206896551724,899.0,108.65517241379311,1386.0,932.0,338.0,219.0,11331.0
11/09/2004,13.00.00,19.362068965517242,1096.0,91.0,942.0,243.01724137931035,893.0,109.29310344827586,1366.0,826.0,327.0,227.0,11044.0
11/09/2004,14.00.00,19.620689655172413,1019.0,70.0,858.0,248.17241379310343,989.0,109.93103448275862,1270.0,631.0,330.0,213.0,10512.0
11/09/2004,15.00.00,19.879310344827587,1045.0,70.0,857.0,253.32758620689654,994.0,110.56896551724138,1308.0,598.0,339.0,212.0,10989.0
11/09/2004,16.00.00,20.137931034482758,1147.0,95.0,959.0,258.48275862068965,872.0,111.20689655172414,1387.0,796.0,359.0,203.0,11845.0
11/09/2004,17.00.00,20.396551724137932,1145.0,98.0,971.0,263.6379310344828,883.0,111.84482758620689,1418.0,759.0,342.0,226.0,11970.0
11/09/2004,18.00.00,20.655172413793103,1202.0,117.0,1040.0,268.7931034482759,815.0,112.48275862068965,1506.0,886.0,320.0,273.0,12752.0
11/09/2004,19.00.00,20.913793103448278,1283.0,139.0,1112.0,273.94827586206895,719.0,113.12068965517241,1583.0,1071.0,293.0,326.0,13105.0
11/09/2004,20.00.00,21.17241379310345,1148.0,87.0,929.0,279.1034482758621,815.0,113.75862068965517,1443.0,826.0,272.0,380.0,13470.0
11/09/2004,21.00.00,21.43103448275862,1229.0,109.0,1012.0,284.2586206896552,743.0,114.39655172413794,1562.0,1103.0,261.0,411.0,13705.0
11/09/2004,22.00.00,21.689655172413794,1287.0,123.0,1060.0,289.41379310344826,716.0,115.0344827586207,1595.0,1221.0,253.0,446.0,14161.0
11/09/2004,23.00.00,21.948275862068968,1285.0,124.0,1062.0,294.5689655172414,715.0,115.67241379310344,1583.0,1449.0,246.0,472.0,14424.0
12/09/2004,00.00.00,22.20689655172414,1251.0,121.0,1055.0,299.7241379310345,701.0,116.3103448275862,1602.0,1364.0,241.0,488.0,14412.0
12/09/2004,01.00.00,22.46551724137931,1120.0,80.0,900.0,304.87931034482756,811.0,116.94827586206897,1462.0,1111.0,236.0,504.0,14470.0
12/09/2004,02.00.00,22.724137931034484,1108.0,84.0,917.0,310.0344827586207,797.0,117.58620689655173,1495.0,1129.0,220.0,558.0,14585.0
12/09/2004,03.00.00,22.982758620689655,961.0,49.0,759.0,315.1896551724138,943.0,118.22413793103448,1375.0,799.0,224.0,536.0,14379.0
12/09/2004,04.00.00,23.24137931034483,950.0,42.0,719.0,320.34482758620686,982.0,118.86206896551724,1372.0,771.0,216.0,558.0,14228.0
12/09/2004,05.00.00,23.5,901.0,23.0,608.0,325.5,1105.0,119.5,1299.0,646.0,218.0,552.0,14184.0
12/09/2004,06.00.00,23.758620689655174,903.0,25.0,619.0,330.6551724137931,1111.0,120.13793103448276,1315.0,705.0,217.0,554.0,14192.0
12/09/2004,07.00.00,24.017241379310345,1024.0,49.0,757.0,335.81034482758616,923.0,120.77586206896552,1423.0,908.0,206.0,598.0,14350.0
12/09/2004,08.00.00,24.275862068965516,1093.0,66.0,837.0,340.9655172413793,830.0,121.41379310344828,1480.0,1047.0,221.0,553.0,14495.0
12/09/2004,09.00.00,24.53448275862069,1097.0,65.0,833.0,346.12068965517244,853.0,122.05172413793103,1470.0,1015.0,248.0,482.0,14883.0
12/09/2004,10.00.00,24.793103448275865,1126.0,64.0,830.0,351.2758620689655,853.0,122.6896551724138,1528.0,938.0,279.0,434.0,16017.0
12/09/2004,11.00.00,25.051724137931036,1139.0,56.0,794.0,356.4310344827586,908.0,123.32758620689656,1456.0,849.0,301.0,385.0,16212.0
12/09/2004,12.00.00,25.310344827586206,1178.0,64.0,832.0,361.58620689655174,858.0,123.96551724137932,1542.0,844.0,282.0,486.0,18253.0
12/09/2004,13.00.00,25.56896551724138,1243.0,76.0,883.0,366.7413793103448,745.0,124.60344827586206,1660.0,1036.0,248.0,704.0,21766.0
12/09/2004,14.00.00,25.82758620689655,1017.0,35.0,680.0,371.8965517241379,996.0,125.24137931034483,1421.0,729.0,278.0,494.0,18209.0
12/09/2004,15.00.00,26.086206896551722,1048.0,33.0,672.0,377.05172413793105,1050.0,125.87931034482759,1438.0,556.0,254.0,599.0,19168.0
12/09/2004,16.00.00,26.344827586206897,1254.0,66.0,840.0,382.2068965517241,787.0,126.51724137931035,1602.0,846.0,261.0,668.0,22310.0
12/09/2004,17.00.00,26.60344827586207,1287.0,83.0,911.0,387.3620689655172,796.0,127.15517241379311,1664.0,942.0,280.0,532.0,19810.0
12/09/2004,18.00.00,26.862068965517242,1215.0,80.0,900.0,392.51724137931035,823.0,127.79310344827587,1604.0,902.0,274.0,514.0,18404.0
12/09/2004,19.00.00,27.120689655172413,1363.0,126.0,1071.0,397.67241379310343,697.0,128.43103448275863,1763.0,1178.0,257.0,558.0,18149.0
12/09/2004,20.00.00,27.379310344827587,1436.0,175.0,1224.0,402.8275862068965,609.0,129.0689655172414,1886.0,1426.0,246.0,603.0,18363.0
12/09/2004,21.00.00,27.63793103448276,1365.0,148.0,1143.0,407.98275862068965,655.0,129.70689655172413,1796.0,1394.0,242.0,616.0,18381.0
12/09/2004,22.00.00,27.896551724137932,1506.0,233.0,1385.0,413.13793103448273,555.0,130.3448275862069,2260.0,1935.0,238.0,635.0,18495.0
12/09/2004,23.00.00,28.155172413793103,1227.0,122.0,1055.0,418.2931034482758,705.0,130.98275862068965,1772.0,1360.0,230.0,648.0,18020.0
13/09/2004,00.00.00,28.413793103448278,1038.0,72.0,866.0,423.44827586206895,833.0,131.6206896551724,1570.0,1061.0,230.0,633.0,17589.0
13/09/2004,01.00.00,28.67241379310345,934.0,46.0,744.0,428.6034482758621,970.0,132.25862068965517,1473.0,870.0,228.0,633.0,17355.0
13/09/2004,02.00.00,28.93103448275862,900.0,38.0,699.0,433.7586206896552,1036.0,132.89655172413794,1452.0,799.0,210.0,686.0,16873.0
13/09/2004,03.00.00,29.189655172413794,870.0,37.0,692.0,438.91379310344826,1070.0,133.5344827586207,1443.0,779.0,204.0,707.0,16734.0
13/09/2004,04.00.00,29.448275862068968,875.0,40.0,713.0,444.0689655172414,1027.0,134.17241379310346,1436.0,809.0,194.0,734.0,16417.0
13/09/2004,05.00.00,29.70689655172414,940.0,55.0,789.0,449.2241379310345,917.0,134.81034482758622,1473.0,914.0,195.0,720.0,16118.0
13/09/2004,06.00.00,29.96551724137931,1053.0,83.0,913.0,454.37931034482756,824.0,135.44827586206895,1578.0,1033.0,197.0,703.0,15925.0
13/09/2004,07.00.00,30.224137931034484,1509.0,282.0,1508.0,459.5344827586207,533.0,136.08620689655174,2257.0,1572.0,204.0,667.0,15770.0
13/09/2004,08.00.00,30.48275862068966,1559.0,321.0,1599.0,464.6896551724138,498.0,136.72413793103448,2374.0,1704.0,218.0,618.0,15966.0
13/09/2004,09.00.00,30.74137931034483,1313.0,177.0,1231.0,469.84482758620686,626.0,137.36206896551724,1889.0,1455.0,230.0,602.0,16652.0
13/09/2004,10.00.00,31.0,1372.0,184.0,1251.0,475.0,609.0,138.0,1890.0,1588.0,254.0,530.0,16963.0
13/09/2004,11.00.00,29.0,1320.0,163.0,1190.0,395.0,655.0,138.0,1825.0,1482.0,300.0,416.0,17324.0
13/09/2004,12.00.00,3.0,1346.0,182.0,1246.0,353.0,639.0,138.0,1907.0,1458.0,326.0,348.0,16872.0
13/09/2004,13.00.00,3.0,1307.0,179.0,1236.0,397.0,649.0,137.0,1869.0,1356.0,322.0,342.0,16145.0
13/09/2004,14.00.00,22.0,1157.0,126.0,1069.0,274.0,737.0,120.0,1653.0,1100.0,321.0,335.0,15690.0
13/09/2004,15.00.00,2.0,1154.0,113.0,1026.0,505.0,773.0,208.0,1623.0,1212.0,326.0,318.0,15361.0
13/09/2004,16.00.00,23.0,1172.0,149.0,1145.0,275.0,735.0,128.0,1676.0,1049.0,352.0,252.0,14111.0
13/09/2004,17.00.00,31.0,1241.0,185.0,1254.0,360.0,693.0,145.0,1735.0,1149.0,343.0,247.0,13154.0
13/09/2004,18.00.00,46.5,1379.0,252.0,1433.0,478.5,605.0,156.5,1982.0,1370.0,315.0,299.0,13638.0
13/09/2004,19.00.00,62.0,1570.0,359.0,1684.0,597.0,494.0,168.0,2289.0,1716.0,290.0,366.0,14452.0
13/09/2004,20.00.00,47.0,1418.0,267.0,1471.0,728.0,542.0,177.0,2064.0,1600.0,271.0,422.0,14949.0
13/09/2004,21.00.00,3.0,1317.0,199.0,1295.0,891.0,593.0,172.0,1883.0,1592.0,261.0,464.0,15445.0
13/09/2004,22.00.00,21.0,1204.0,146.0,1136.0,346.0,648.0,112.0,1782.0,1491.0,251.0,494.0,15480.0
13/09/2004,23.00.00,1.0,1014.0,69.0,853.0,98.0,843.0,39.0,1499.0,1084.0,260.0,464.0,15375.0
14/09/2004,00.00.00,8.0,956.0,56.0,794.0,144.0,896.0,68.0,1456.0,1007.0,247.0,492.0,15116.0
14/09/2004,01.00.00,7.0,891.0,39.0,708.0,110.0,1005.0,51.0,1382.0,823.0,248.0,490.0,15092.0
14/09/2004,02.00.00,7.65,856.0,32.0,665.0,115.775,1061.0,52.525,1375.0,788.0,235.0,526.0,15035.0
14/09/2004,03.00.00,8.3,863.0,39.0,703.0,121.55,1032.0,54.05,1403.0,791.0,208.0,621.0,15044.0
14/09/2004,04.00.00,8.95,911.0,46.0,745.0,127.325,922.0,55.575,1428.0,924.0,199.0,655.0,15078.0
14/09/2004,05.00.00,9.6,936.0,50.0,765.0,133.1,916.0,57.1,1462.0,941.0,206.0,629.0,15088.0
14/09/2004,06.00.00,10.25,1087.0,96.0,964.0,138.875,774.0,58.625,1633.0,1103.0,213.0,594.0,14918.0
14/09/2004,07.00.00,10.9,1540.0,278.0,1498.0,144.65,519.0,60.15,2301.0,1657.0,220.0,583.0,15199.0
14/09/2004,08.00.00,11.55,1513.0,321.0,1601.0,150.425,469.0,61.675,2382.0,1743.0,232.0,554.0,15559.0
14/09/2004,09.00.00,12.2,1409.0,209.0,1322.0,156.2,562.0,63.2,2004.0,1601.0,265.0,502.0,17130.0
14/09/2004,10.00.00,12.850000000000001,1219.0,118.0,1042.0,161.975,699.0,64.725,1750.0,1253.0,290.0,455.0,17976.0
14/09/2004,11.00.00,13.5,1286.0,158.0,1172.0,167.75,644.0,66.25,1870.0,1295.0,301.0,420.0,17602.0
14/09/2004,12.00.00,14.15,1228.0,158.0,1174.0,173.525,668.0,67.775,1788.0,1192.0,323.0,359.0,17067.0
14/09/2004,13.00.00,14.8,1140.0,140.0,1117.0,179.3,711.0,69.3,1690.0,1046.0,332.0,338.0,16900.0
14/09/2004,14.00.00,15.450000000000001,1052.0,82.0,906.0,185.075,832.0,70.825,1516.0,803.0,340.0,336.0,17591.0
14/09/2004,15.00.00,16.1,1282.0,137.0,1107.0,190.85000000000002,682.0,72.35,1791.0,1116.0,299.0,456.0,18942.0
14/09/2004,16.00.00,16.75,1378.0,195.0,1282.0,196.625,576.0,73.875,2010.0,1347.0,277.0,537.0,19670.0
14/09/2004,17.00.00,17.4,1506.0,267.0,1471.0,202.4,518.0,75.4,2200.0,1530.0,280.0,527.0,19604.0
14/09/2004,18.00.00,18.05,1310.0,187.0,1259.0,208.175,620.0,76.925,1926.0,1240.0,286.0,482.0,18616.0
14/09/2004,19.00.00,18.700000000000003,1204.0,139.0,1114.0,213.95,686.0,78.45,1807.0,1092.0,248.0,616.0,19067.0
14/09/2004,20.00.00,19.35,1071.0,67.0,842.0,219.72500000000002,873.0,79.975,1575.0,740.0,203.0,772.0,18204.0
14/09/2004,21.00.00,20.0,967.0,42.0,719.0,225.5,980.0,81.5,1490.0,670.0,197.0,825.0,18674.0
14/09/2004,22.00.00,20.65,947.0,36.0,689.0,231.275,1009.0,83.025,1454.0,640.0,206.0,788.0,18885.0
14/09/2004,23.00.00,21.3,1011.0,44.0,734.0,237.05,967.0,84.55,1497.0,918.0,192.0,872.0,19195.0
15/09/2004,00.00.00,21.950000000000003,971.0,42.0,722.0,242.82500000000002,949.0,86.07499999999999,1472.0,804.0,205.0,815.0,19360.0
15/09/2004,01.00.00,22.6,886.0,26.0,627.0,248.60000000000002,1082.0,87.6,1405.0,694.0,214.0,740.0,18683.0
15/09/2004,02.00.00,23.25,908.0,31.0,657.0,254.375,1013.0,89.125,1460.0,796.0,205.0,782.0,18678.0
15/09/2004,03.00.00,23.900000000000002,901.0,30.0,652.0,260.15,1013.0,90.65,1468.0,804.0,207.0,778.0,18764.0
15/09/2004,04.00.00,24.55,915.0,34.0,674.0,265.925,970.0,92.175,1481.0,829.0,205.0,780.0,18636.0
15/09/2004,05.00.00,25.2,940.0,40.0,712.0,271.70000000000005,961.0,93.69999999999999,1499.0,848.0,206.0,762.0,18272.0
15/09/2004,06.00.00,25.85,1048.0,78.0,891.0,277.475,791.0,95.225,1654.0,992.0,201.0,774.0,18020.0
15/09/2004,07.00.00,26.5,1298.0,161.0,1181.0,283.25,644.0,96.75,1962.0,1256.0,209.0,733.0,17870.0
15/09/2004,08.00.00,27.150000000000002,1487.0,276.0,1493.0,289.025,492.0,98.275,2345.0,1598.0,212.0,723.0,18007.0
15/09/2004,09.00.00,27.8,1327.0,178.0,1233.0,294.8,582.0,99.8,1968.0,1403.0,225.0,689.0,18511.0
15/09/2004,10.00.00,28.45,1363.0,185.0,1255.0,300.57500000000005,573.0,101.32499999999999,1989.0,1497.0,237.0,645.0,18682.0
15/09/2004,11.00.00,29.1,1393.0,216.0,1340.0,306.35,529.0,102.85,2080.0,1500.0,232.0,684.0,19243.0
15/09/2004,12.00.00,29.75,1361.0,210.0,1324.0,312.125,540.0,104.375,2044.0,1549.0,235.0,692.0,19776.0
15/09/2004,13.00.00,30.400000000000002,1289.0,172.0,1217.0,317.9,599.0,105.9,1975.0,1374.0,241.0,655.0,19371.0
15/09/2004,14.00.00,31.05,1265.0,161.0,1184.0,323.675,619.0,107.425,1930.0,1270.0,242.0,656.0,19501.0
15/09/2004,15.00.00,31.7,1339.0,186.0,1257.0,329.45000000000005,579.0,108.94999999999999,2031.0,1360.0,246.0,639.0,19459.0
15/09/2004,16.00.00,32.35,1269.0,172.0,1215.0,335.225,608.0,110.475,1939.0,1296.0,263.0,565.0,19018.0
15/09/2004,17.00.00,33.0,1299.0,173.0,1220.0,341.0,624.0,112.0,1929.0,1319.0,269.0,531.0,18557.0
15/09/2004,18.00.00,61.0,1546.0,286.0,1519.0,622.0,493.0,170.0,2265.0,1649.0,265.0,508.0,17334.0
15/09/2004,19.00.00,67.0,1571.0,318.0,1593.0,615.0,469.0,173.0,2409.0,1686.0,251.0,558.0,17511.0
15/09/2004,20.00.00,44.0,1312.0,201.0,1299.0,443.0,580.0,135.0,2016.0,1380.0,239.0,589.0,17276.0
15/09/2004,21.00.00,19.0,1074.0,92.0,946.0,219.0,767.0,93.0,1635.0,1079.0,231.0,628.0,17562.0
15/09/2004,22.00.00,18.0,1127.0,103.0,989.0,203.0,752.0,74.0,1724.0,1096.0,221.0,673.0,17671.0
15/09/2004,23.00.00,15.0,1040.0,86.0,923.0,165.0,769.0,69.0,1640.0,1049.0,221.0,665.0,17441.0
16/09/2004,00.00.00,16.0,1060.0,86.0,925.0,339.0,772.0,109.0,1649.0,1161.0,211.0,701.0,17366.0
16/09/2004,01.00.00,8.0,911.0,48.0,753.0,103.0,934.0,55.0,1496.0,865.0,219.0,671.0,17394.0
16/09/2004,02.00.00,5.0,853.0,26.0,623.0,74.0,1107.0,49.0,1421.0,768.0,217.0,674.0,17262.0
16/09/2004,03.00.00,7.0,915.0,43.0,725.0,73.0,962.0,45.5,1485.0,845.0,202.0,738.0,17229.0
16/09/2004,04.00.00,6.0,897.0,45.0,738.0,72.0,936.0,42.0,1471.0,843.0,191.0,760.0,16668.0
16/09/2004,05.00.00,9.0,976.0,66.0,840.0,180.0,844.0,50.0,1562.0,964.0,194.0,754.0,16802.0
16/09/2004,06.00.00,14.0,1066.0,101.0,982.0,239.0,740.0,53.0,1699.0,1065.0,197.0,744.0,16829.0
16/09/2004,07.00.00,42.0,1435.0,234.0,1387.0,664.0,544.0,86.0,2140.0,1467.0,199.0,743.0,17083.0
16/09/2004,08.00.00,41.0,1420.0,250.0,1430.0,525.0,512.0,81.0,2194.0,1510.0,204.0,728.0,17198.0
16/09/2004,09.00.00,36.0,1365.0,216.0,1341.0,543.0,549.0,96.0,2033.0,1518.0,216.0,677.0,17254.0
16/09/2004,10.00.00,25.0,1171.0,130.0,1083.0,390.0,695.0,96.0,1758.0,1276.0,229.0,591.0,16330.0
16/09/2004,11.00.00,13.0,982.0,68.0,850.0,217.0,888.0,79.0,1505.0,873.0,187.0,731.0,15608.0
16/09/2004,12.00.00,17.0,1021.0,100.0,979.0,248.0,798.0,95.0,1580.0,958.0,211.0,583.0,14444.0
16/09/2004,13.00.00,21.0,1044.0,117.0,1039.0,333.0,771.0,127.0,1609.0,1076.0,233.0,471.0,13281.0
16/09/2004,14.00.00,17.0,1005.0,98.0,972.0,279.0,834.0,102.0,1514.0,952.0,229.0,479.0,13208.0
16/09/2004,15.00.00,19.0,1021.0,102.0,985.0,339.0,816.0,107.0,1524.0,977.0,233.0,462.0,13010.0
16/09/2004,16.00.00,23.0,1064.0,120.0,1048.0,315.0,772.0,110.0,1574.0,1059.0,237.0,454.0,13150.0
16/09/2004,17.00.00,33.0,1167.0,177.0,1231.0,365.0,659.0,124.0,1745.0,1199.0,238.0,461.0,13373.0
16/09/2004,18.00.00,35.0,1167.0,188.0,1263.0,338.0,640.0,113.0,1790.0,1212.0,230.0,493.0,13689.0
16/09/2004,19.00.00,36.0,1164.0,176.0,1227.0,318.0,658.0,104.0,1800.0,1193.0,219.0,531.0,13787.0
16/09/2004,20.00.00,29.0,1092.0,138.0,1110.0,302.0,725.0,117.0,1641.0,1105.0,213.0,548.0,13742.0
16/09/2004,21.00.00,2.0,997.0,94.0,955.0,214.0,845.0,94.0,1528.0,926.0,212.0,552.0,13699.0
16/09/2004,22.00.00,19.0,966.0,96.0,964.0,263.6666666666667,858.0,99.0,1560.0,1231.0,214.0,548.0,13813.0
16/09/2004,23.00.00,15.0,969.0,85.0,922.0,313.3333333333333,906.0,104.0,1488.0,995.0,208.0,572.0,13925.0
17/09/2004,00.00.00,11.0,944.0,107.0,1005.0,363.0,874.0,109.0,1633.0,1094.0,213.0,558.0,13974.0
17/09/2004,01.00.00,8.0,834.0,61.0,817.0,178.0,1022.0,72.0,1408.0,774.0,214.0,521.0,13125.0
17/09/2004,02.00.00,5.0,796.0,32.0,667.0,55.0,1162.0,40.0,1295.0,558.0,206.0,566.0,13583.0
17/09/2004,03.00.00,4.0,777.0,20.0,585.0,43.5,1305.0,31.5,1266.0,510.0,200.0,591.0,13694.0
17/09/2004,04.00.00,3.0,752.0,12.0,521.0,32.0,1451.0,23.0,1247.0,471.0,197.0,619.0,14017.0
17/09/2004,05.00.00,3.0,755.0,13.0,528.0,35.0,1472.0,24.0,1234.0,471.0,196.0,591.0,13346.0
17/09/2004,06.00.00,5.0,800.0,22.0,598.0,84.0,1336.0,41.0,1278.0,529.0,198.0,567.0,12941.0
17/09/2004,07.00.00,24.0,1147.0,146.0,1136.0,456.0,737.0,99.0,1708.0,1114.0,202.0,556.0,13043.0
17/09/2004,08.00.00,22.0,1036.0,97.0,965.0,342.0,854.0,91.0,1544.0,987.0,197.0,578.0,13112.0
17/09/2004,09.00.00,14.0,926.0,67.0,845.0,239.0,979.0,81.0,1398.0,851.0,202.0,531.0,12442.0
17/09/2004,10.00.00,16.0,961.0,76.0,881.0,337.0,932.0,95.0,1417.0,901.0,220.0,470.0,12259.0
17/09/2004,11.00.00,16.0,951.0,86.0,926.0,351.0,902.0,113.0,1460.0,949.0,235.0,416.0,11884.0
17/09/2004,12.00.00,16.0,962.0,90.0,940.0,209.0,889.0,89.0,1441.0,855.0,228.0,418.0,11417.0
17/09/2004,13.00.00,21.0,1004.0,107.0,1004.0,257.0,832.0,88.0,1490.0,911.0,234.0,404.0,11500.0
17/09/2004,14.00.00,11.0,893.0,63.0,828.0,169.0,988.0,81.0,1357.0,672.0,232.0,428.0,12017.0
17/09/2004,15.00.00,16.0,990.0,94.0,956.0,216.0,872.0,82.0,1476.0,826.0,236.0,432.0,12433.0
17/09/2004,16.00.00,24.0,1071.0,125.0,1068.0,303.0,798.0,115.0,1556.0,988.0,239.0,408.0,11937.0
17/09/2004,17.00.00,29.0,1140.0,152.0,1155.0,320.0,733.0,112.0,1660.0,1105.0,236.0,428.0,12300.0
17/09/2004,18.00.00,27.0,1103.0,148.0,1143.0,310.0,741.0,116.0,1647.0,1089.0,232.0,433.0,12161.0
17/09/2004,19.00.00,31.0,1082.0,159.0,1178.0,341.0,733.0,129.0,1605.0,1077.0,228.0,425.0,11608.0
17/09/2004,20.00.00,22.0,991.0,100.0,977.0,272.0,872.0,110.0,1448.0,923.0,223.0,422.0,11209.0
17/09/2004,21.00.00,15.0,935.0,69.0,852.0,229.0,978.0,105.0,1344.0,824.0,221.0,430.0,11271.0
17/09/2004,22.00.00,12.0,908.0,55.0,790.0,168.0,1046.0,90.0,1317.0,717.0,222.0,427.0,11237.0
17/09/2004,23.00.00,13.0,927.0,63.0,826.0,173.0,1021.0,94.0,1331.0,734.0,221.0,428.0,11265.0
18/09/2004,00.00.00,14.0,936.0,67.0,844.0,186.0,978.0,96.0,1365.0,776.0,221.0,435.0,11443.0
18/09/2004,01.00.00,9.0,847.0,37.0,694.0,112.0,1153.0,70.0,1240.0,594.0,215.0,456.0,11528.0
18/09/2004,02.00.00,7.0,812.0,32.0,664.0,79.0,1212.0,57.0,1215.0,518.0,211.0,445.0,10980.0
18/09/2004,03.00.00,6.0,804.0,24.0,616.0,70.5,1271.0,51.0,1189.0,496.0,204.0,471.0,11178.0
18/09/2004,04.00.00,5.5,793.0,27.0,636.0,62.0,1213.0,45.0,1195.0,514.0,206.0,459.0,10993.0
18/09/2004,05.00.00,5.0,775.0,23.0,609.0,58.0,1319.0,42.0,1190.0,468.0,202.0,467.0,10899.0
18/09/2004,06.00.00,8.0,835.0,36.0,690.0,122.0,1183.0,71.0,1257.0,621.0,201.0,478.0,11144.0
18/09/2004,07.00.00,12.0,913.0,64.0,830.0,173.0,980.0,82.0,1371.0,757.0,200.0,507.0,11724.0
18/09/2004,08.00.00,11.0,903.0,50.0,765.0,176.0,1035.0,81.0,1317.0,712.0,207.0,497.0,11970.0
18/09/2004,09.00.00,16.0,982.0,79.0,895.0,233.0,892.0,89.0,1413.0,859.0,243.0,395.0,11842.0
18/09/2004,10.00.00,14.0,925.0,66.0,838.0,210.0,949.0,83.0,1324.0,728.0,254.0,348.0,11119.0
18/09/2004,11.00.00,12.0,895.0,52.0,776.0,178.0,1024.0,82.0,1274.0,640.0,266.0,307.0,10501.0
18/09/2004,12.00.00,14.0,930.0,66.0,838.0,189.0,957.0,78.0,1319.0,680.0,277.0,281.0,10272.0
18/09/2004,13.00.00,16.0,953.0,76.0,881.0,210.0,926.0,79.0,1339.0,704.0,276.0,287.0,10406.0
18/09/2004,14.00.00,11.0,885.0,50.0,765.0,162.0,1017.0,78.0,1268.0,619.0,276.0,292.0,10594.0
18/09/2004,15.00.00,11.0,903.0,53.0,779.0,137.0,1010.0,73.0,1278.0,583.0,281.0,286.0,10715.0
18/09/2004,16.00.00,13.0,927.0,53.0,781.0,165.0,994.0,73.0,1267.0,594.0,291.0,268.0,10648.0
18/09/2004,17.00.00,15.0,979.0,65.0,835.0,204.0,936.0,100.0,1338.0,700.0,284.0,283.0,10798.0
18/09/2004,18.00.00,2.0,1050.0,92.0,947.0,266.0,832.0,122.0,1447.0,912.0,266.0,321.0,11020.0
18/09/2004,19.00.00,24.0,1091.0,116.0,1037.0,299.0,770.0,132.0,1512.0,1038.0,253.0,353.0,11262.0
18/09/2004,20.00.00,2.0,1040.0,92.0,946.0,234.0,827.0,116.0,1424.0,952.0,247.0,371.0,11397.0
18/09/2004,21.00.00,15.0,997.0,75.0,879.0,181.0,885.0,109.0,1404.0,887.0,235.0,406.0,11588.0
18/09/2004,22.00.00,17.0,1042.0,90.0,938.0,210.0,816.0,109.0,1456.0,1004.0,228.0,434.0,11915.0
18/09/2004,23.00.00,25.0,1191.0,121.0,1055.0,304.0,707.0,116.0,1563.0,1221.0,222.0,479.0,12626.0
19/09/2004,00.00.00,22.0,1149.0,105.0,996.0,255.0,754.0,104.0,1534.0,1177.0,213.0,505.0,12652.0
19/09/2004,01.00.00,14.0,973.0,71.0,862.0,149.0,850.0,81.0,1436.0,957.0,206.0,532.0,12742.0
19/09/2004,02.00.00,12.0,940.0,62.0,823.0,112.0,891.0,64.0,1415.0,853.0,196.0,566.0,12797.0
19/09/2004,03.00.00,12.0,949.0,78.0,890.0,101.0,854.0,59.0,1484.0,884.0,188.0,598.0,12847.0
19/09/2004,04.00.00,9.0,830.0,38.0,699.0,90.0,1012.0,54.0,1339.0,736.0,188.0,595.0,12758.0
19/09/2004,05.00.00,5.0,773.0,23.0,609.0,46.0,1169.0,35.0,1256.0,590.0,193.0,570.0,12603.0
19/09/2004,06.00.00,6.0,811.0,29.0,644.0,76.0,1144.0,44.0,1289.0,655.0,182.0,608.0,12567.0
19/09/2004,07.00.00,1.0,901.0,48.0,754.0,139.0,936.0,62.0,1351.0,854.0,168.0,668.0,12721.0
19/09/2004,08.00.00,13.0,969.0,77.0,886.0,179.0,863.0,68.0,1451.0,953.0,186.0,600.0,12757.0
19/09/2004,09.00.00,17.0,1027.0,88.0,933.0,224.0,806.0,85.0,1465.0,1050.0,222.0,480.0,12678.0
19/09/2004,10.00.00,22.0,1094.0,106.0,1002.0,272.0,755.0,110.0,1536.0,1114.0,265.0,357.0,12149.0
19/09/2004,11.00.00,21.0,1083.0,102.0,984.0,251.0,784.0,115.0,1485.0,1049.0,300.0,285.0,11883.0
19/09/2004,12.00.00,22.0,1098.0,110.0,1015.0,250.0,754.0,129.0,1508.0,996.0,322.0,247.0,11696.0
19/09/2004,13.00.00,2.0,1059.0,119.0,1047.0,178.0,761.0,106.0,1549.0,841.0,296.0,286.0,11628.0
19/09/2004,14.00.00,2.0,1021.0,108.0,1009.0,137.0,771.0,87.0,1545.0,769.0,298.0,285.0,11809.0
19/09/2004,15.00.00,12.0,925.0,51.0,768.0,119.0,987.0,70.0,1289.0,541.0,311.0,261.0,11630.0
19/09/2004,16.00.00,18.0,1045.0,83.0,910.0,193.0,878.0,106.0,1385.0,742.0,346.0,224.0,12120.0
19/09/2004,17.00.00,43.0,1303.0,207.0,1317.0,329.0,631.0,151.0,1816.0,1196.0,332.0,254.0,12722.0
19/09/2004,18.00.00,38.0,1254.0,168.0,1204.0,413.0,668.0,179.0,1655.0,1338.0,300.0,314.0,13074.0
19/09/2004,19.00.00,44.0,1345.0,204.0,1306.0,489.0,587.0,188.0,1806.0,1416.0,275.0,381.0,13756.0
19/09/2004,20.00.00,38.0,1273.0,153.0,1159.0,470.0,645.0,187.0,1704.0,1341.0,262.0,425.0,14230.0
19/09/2004,21.00.00,19.0,1096.0,88.0,931.0,228.0,766.0,121.0,1506.0,1019.0,247.0,464.0,14206.0
19/09/2004,22.00.00,17.0,1077.0,85.0,920.0,169.0,778.0,99.0,1509.0,935.0,236.0,500.0,14383.0
19/09/2004,23.00.00,18.0,1084.0,87.0,929.0,189.0,751.0,100.0,1517.0,1081.0,227.0,536.0,14632.0
20/09/2004,00.00.00,11.0,980.0,57.0,800.0,100.0,863.0,79.0,1407.0,903.0,227.0,538.0,14666.0
20/09/2004,01.00.00,8.0,882.0,40.0,713.0,71.0,978.0,57.0,1343.0,731.0,228.0,530.0,14577.0
20/09/2004,02.00.00,7.0,851.0,30.0,655.0,52.0,1051.0,43.0,1301.0,625.0,214.0,576.0,14469.0
20/09/2004,03.00.00,6.0,819.0,22.0,597.0,54.5,1112.0,46.5,1281.0,613.0,199.0,623.0,14363.0
20/09/2004,04.00.00,5.0,804.0,22.0,601.0,57.0,1122.0,50.0,1281.0,646.0,195.0,635.0,14269.0
20/09/2004,05.00.00,5.0,823.0,27.0,631.0,69.0,1090.0,47.0,1304.0,671.0,202.0,608.0,14243.0
20/09/2004,06.00.00,9.0,903.0,47.0,748.0,126.0,937.0,60.0,1373.0,801.0,194.0,635.0,14139.0
20/09/2004,07.00.00,35.0,1310.0,217.0,1344.0,376.0,573.0,91.0,2026.0,1353.0,187.0,656.0,14039.0
20/09/2004,08.00.00,46.0,1436.0,322.0,1601.0,556.5,455.0,125.0,2338.0,1682.0,201.0,606.0,14062.0
20/09/2004,09.00.00,57.0,1479.0,275.0,1490.0,737.0,494.0,159.0,2146.0,1749.0,235.0,497.0,14156.0
20/09/2004,10.00.00,35.0,1285.0,181.0,1243.0,481.0,599.0,173.0,1815.0,1582.0,264.0,419.0,14237.0
20/09/2004,11.00.00,37.0,1262.0,186.0,1258.0,425.0,597.0,174.0,1835.0,1484.0,299.0,340.0,14096.0
20/09/2004,12.00.00,31.0,1225.0,176.0,1227.0,330.0,643.0,165.0,1774.0,1321.0,315.0,308.0,14017.0
20/09/2004,13.00.00,3.0,1162.0,163.0,1188.0,303.0,676.0,136.0,1681.0,1125.0,302.0,302.0,12744.0
20/09/2004,14.00.00,26.0,1103.0,118.0,1044.0,283.0,757.0,125.0,1523.0,967.0,305.0,293.0,12612.0
20/09/2004,15.00.00,24.0,1120.0,119.0,1045.0,264.0,752.0,122.0,1563.0,975.0,318.0,274.0,12673.0
20/09/2004,16.00.00,26.0,1169.0,155.0,1163.0,280.0,708.0,124.0,1639.0,1025.0,343.0,232.0,12326.0
20/09/2004,17.00.00,5.0,1386.0,288.0,1522.0,505.0,560.0,184.0,1990.0,1469.0,341.0,230.0,12081.0
20/09/2004,18.00.00,56.0,1426.0,311.0,1577.0,566.0,521.0,200.0,2080.0,1648.0,305.0,292.0,12585.0
20/09/2004,19.00.00,65.0,1476.0,349.0,1663.0,681.0,473.0,225.0,2167.0,1785.0,281.0,324.0,12173.0
20/09/2004,20.00.00,41.0,1167.0,195.0,1282.0,448.0,633.0,168.0,1685.0,1371.0,265.0,317.0,10787.0
20/09/2004,21.00.00,21.0,1032.0,117.0,1039.0,231.0,761.0,118.0,1455.0,1071.0,248.0,337.0,10377.0
20/09/2004,22.00.00,2.0,1034.0,99.0,972.0,230.0,747.0,115.0,1437.0,1118.0,239.0,381.0,11123.0
20/09/2004,23.00.00,14.0,986.0,77.0,885.0,146.0,835.0,94.0,1407.0,931.0,230.0,430.0,11897.0
21/09/2004,00.00.00,8.0,908.0,44.0,732.0,77.0,966.0,62.0,1311.0,722.0,235.0,447.0,12755.0
21/09/2004,01.00.00,8.0,891.0,41.0,714.0,82.0,957.0,68.0,1295.0,773.0,223.0,477.0,12643.0
21/09/2004,02.00.00,6.0,843.0,31.0,656.0,55.0,1042.0,50.0,1271.0,665.0,221.0,498.0,13094.0
21/09/2004,03.00.00,5.0,822.0,24.0,612.0,48.5,1094.0,43.0,1254.0,594.0,218.0,514.0,13272.0
21/09/2004,04.00.00,4.0,814.0,21.0,589.0,42.0,1119.0,36.0,1246.0,565.0,208.0,559.0,13581.0
21/09/2004,05.00.00,6.0,869.0,33.0,673.0,102.0,1033.0,53.0,1307.0,688.0,188.0,630.0,13582.0
21/09/2004,06.00.00,14.0,1013.0,81.0,905.0,231.0,804.0,79.0,1499.0,974.0,183.0,655.0,13686.0
21/09/2004,07.00.00,56.0,1515.0,314.0,1584.0,699.0,496.0,133.0,2288.0,1591.0,182.0,661.0,13679.0
21/09/2004,08.00.00,73.0,1587.0,412.0,1795.0,738.0,425.0,148.0,2531.0,1820.0,196.0,607.0,13713.0
21/09/2004,09.00.00,53.0,1490.0,273.0,1487.0,665.0,508.0,161.0,2115.0,1807.0,226.0,514.0,13920.0
21/09/2004,10.00.00,44.0,1435.0,242.0,1408.0,598.0,537.0,191.0,1991.0,1704.0,258.0,442.0,14512.0
21/09/2004,11.00.00,31.0,1246.0,170.0,1209.0,340.0,632.0,158.0,1792.0,1270.0,285.0,390.0,14928.0
21/09/2004,12.00.00,33.0,1266.0,177.0,1231.0,374.0,615.0,157.0,1768.0,1265.0,301.0,351.0,14782.0
21/09/2004,13.00.00,38.0,1277.0,193.0,1277.0,401.0,586.0,188.0,1846.0,1226.0,294.0,364.0,14718.0
21/09/2004,14.00.00,23.0,1142.0,127.0,1073.0,275.0,671.0,143.0,1635.0,987.0,292.0,379.0,15116.0
21/09/2004,15.00.00,26.0,1207.0,146.0,1136.0,278.0,645.0,152.0,1696.0,1024.0,305.0,349.0,15015.0
21/09/2004,16.00.00,32.0,1252.0,178.0,1233.0,342.0,618.0,168.0,1759.0,1127.0,315.0,314.0,14310.0
21/09/2004,17.00.00,5.0,1399.0,266.0,1468.0,479.0,531.0,205.0,2072.0,1442.0,312.0,314.0,13987.0
21/09/2004,18.00.00,56.0,1464.0,303.0,1559.0,553.0,485.0,204.0,2158.0,1639.0,285.0,372.0,14282.0
21/09/2004,19.00.00,54.0,1422.0,287.0,1520.0,531.0,494.0,210.0,2087.0,1624.0,267.0,423.0,14618.0
21/09/2004,20.00.00,44.0,1308.0,200.0,1297.0,428.0,567.0,173.0,1899.0,1454.0,248.0,490.0,15092.0
21/09/2004,21.00.00,24.0,1137.0,119.0,1047.0,229.0,680.0,123.0,1620.0,1138.0,236.0,536.0,15374.0
21/09/2004,22.00.00,15.0,1040.0,81.0,903.0,145.0,782.0,92.0,1494.0,951.0,230.0,558.0,15480.0
21/09/2004,23.00.00,13.0,1018.0,77.0,885.0,112.0,809.0,77.0,1491.0,864.0,221.0,584.0,15393.0
22/09/2004,00.00.00,11.0,962.0,59.0,808.0,99.0,866.0,74.0,1430.0,868.0,226.0,563.0,15233.0
22/09/2004,01.00.00,1.0,930.0,51.0,768.0,98.0,916.0,74.0,1409.0,825.0,210.0,613.0,15031.0
22/09/2004,02.00.00,6.0,812.0,24.0,613.0,54.0,1133.0,47.0,1302.0,626.0,230.0,540.0,15010.0
22/09/2004,03.00.00,5.0,826.0,24.0,612.0,56.5,1111.0,45.5,1304.0,605.0,198.0,653.0,14894.0
22/09/2004,04.00.00,6.0,878.0,38.0,702.0,59.0,949.0,44.0,1373.0,822.0,183.0,708.0,14794.0
22/09/2004,05.00.00,8.0,922.0,50.0,764.0,162.0,892.0,69.0,1415.0,905.0,181.0,725.0,14876.0
22/09/2004,06.00.00,15.0,1047.0,97.0,965.0,268.0,737.0,79.0,1606.0,1075.0,183.0,710.0,14807.0
22/09/2004,07.00.00,41.0,1376.0,259.0,1452.0,531.0,521.0,108.0,2123.0,1541.0,185.0,689.0,14565.0
22/09/2004,08.00.00,55.0,1514.0,343.0,1648.0,517.0,457.0,119.0,2400.0,1749.0,201.0,627.0,14610.0
22/09/2004,09.00.00,55.0,1494.0,290.0,1528.0,701.0,479.0,165.0,2201.0,1798.0,235.0,520.0,14833.0
22/09/2004,10.00.00,37.0,1316.0,200.0,1298.0,510.0,562.0,172.0,1888.0,1584.0,268.0,427.0,14864.0
22/09/2004,11.00.00,33.0,1269.0,183.0,1247.0,415.0,597.0,180.0,1813.0,1441.0,291.0,367.0,14543.0
22/09/2004,12.00.00,25.0,1152.0,134.0,1099.0,243.0,674.0,130.0,1631.0,1093.0,308.0,320.0,14014.0
22/09/2004,13.00.00,26.0,1138.0,140.0,1117.0,267.0,657.0,120.0,1646.0,1019.0,279.0,370.0,13720.0
22/09/2004,14.00.00,22.0,1132.0,121.0,1052.0,233.0,680.0,117.0,1609.0,944.0,285.0,373.0,14291.0
22/09/2004,15.00.00,26.0,1186.0,153.0,1159.0,295.0,640.0,141.0,1701.0,1046.0,302.0,329.0,13865.0
22/09/2004,16.00.00,29.0,1228.0,161.0,1184.0,309.0,657.0,151.0,1724.0,1089.0,329.0,277.0,13622.0
22/09/2004,17.00.00,5.0,1424.0,273.0,1486.0,506.0,523.0,218.0,2084.0,1537.0,322.0,288.0,13624.0
22/09/2004,18.00.00,51.0,1427.0,262.0,1458.0,479.0,507.0,213.0,2049.0,1566.0,288.0,390.0,15203.0
22/09/2004,19.00.00,52.0,1387.0,267.0,1473.0,460.0,508.0,194.0,2065.0,1510.0,267.0,433.0,14881.0
22/09/2004,20.00.00,38.0,1284.0,183.0,1249.0,363.0,582.0,167.0,1842.0,1300.0,246.0,540.0,16461.0
22/09/2004,21.00.00,22.0,1110.0,119.0,1045.0,213.0,688.0,115.0,1638.0,1058.0,234.0,599.0,16992.0
22/09/2004,22.00.00,21.0,1110.0,115.0,1032.0,183.0,702.0,98.0,1650.0,1002.0,225.0,626.0,16883.0
22/09/2004,23.00.00,18.0,1077.0,96.0,964.0,163.0,749.0,93.0,1571.0,923.0,229.0,620.0,17127.0
23/09/2004,00.00.00,16.0,1037.0,80.0,898.0,152.0,793.0,87.0,1539.0,836.0,222.0,649.0,17190.0
23/09/2004,01.00.00,14.0,1002.0,69.0,854.0,104.0,818.0,71.0,1513.0,779.0,214.0,685.0,17261.0
23/09/2004,02.00.00,8.0,865.0,37.0,694.0,61.0,989.0,49.0,1385.0,678.0,222.0,630.0,16673.0
23/09/2004,03.00.00,5.0,824.0,24.0,615.0,57.5,1131.0,46.5,1336.0,601.0,224.0,599.0,16069.0
23/09/2004,04.00.00,5.0,824.0,22.0,602.0,54.0,1138.0,44.0,1337.0,593.0,211.0,638.0,15817.0
23/09/2004,05.00.00,5.0,847.0,25.0,620.0,84.0,1085.0,58.0,1339.0,670.0,229.0,575.0,15879.0
23/09/2004,06.00.00,9.0,961.0,63.0,828.0,132.0,892.0,66.0,1491.0,837.0,213.0,632.0,15794.0
23/09/2004,07.00.00,32.0,1336.0,216.0,1340.0,422.0,540.0,112.0,2049.0,1400.0,213.0,635.0,15941.0
23/09/2004,08.00.00,28.0,1251.0,188.0,1264.0,282.0,582.0,104.0,1897.0,1393.0,237.0,544.0,15765.0
23/09/2004,09.00.00,27.0,1290.0,181.0,1244.0,293.0,604.0,103.0,1853.0,1415.0,250.0,508.0,15903.0
23/09/2004,10.00.00,24.0,1215.0,148.0,1141.0,334.0,631.0,118.0,1766.0,1285.0,263.0,481.0,16199.0
23/09/2004,11.00.00,27.0,1248.0,159.0,1177.0,324.0,608.0,129.0,1784.0,1230.0,264.0,473.0,16006.0
23/09/2004,12.00.00,28.0,1233.0,161.0,1184.0,294.0,610.0,127.0,1775.0,1147.0,293.0,395.0,15855.0
23/09/2004,13.00.00,29.0,1229.0,172.0,1217.0,273.0,599.0,130.0,1795.0,1107.0,290.0,396.0,15581.0
23/09/2004,14.00.00,26.0,1206.0,158.0,1175.0,275.0,618.0,130.0,1746.0,1068.0,298.0,380.0,15642.0
23/09/2004,15.00.00,26.0,1215.0,151.0,1150.0,282.0,608.0,118.0,1733.0,1115.0,304.0,372.0,15880.0
23/09/2004,16.00.00,32.0,1330.0,189.0,1264.0,323.0,586.0,146.0,1860.0,1362.0,315.0,349.0,15903.0
23/09/2004,17.00.00,46.0,1446.0,252.0,1434.0,442.0,522.0,190.0,2075.0,1619.0,316.0,348.0,15925.0
23/09/2004,18.00.00,49.0,1446.0,261.0,1458.0,431.0,501.0,189.0,2059.0,1572.0,290.0,405.0,15949.0
23/09/2004,19.00.00,47.0,1421.0,256.0,1444.0,402.0,510.0,173.0,2056.0,1446.0,272.0,459.0,16302.0
23/09/2004,20.00.00,33.0,1247.0,169.0,1206.0,313.0,600.0,148.0,1785.0,1233.0,262.0,487.0,16256.0
23/09/2004,21.00.00,23.0,1168.0,126.0,1070.0,228.0,667.0,116.0,1646.0,1102.0,251.0,505.0,15840.0
23/09/2004,22.00.00,21.0,1111.0,103.0,991.0,218.0,721.0,109.0,1559.0,1028.0,241.0,507.0,14959.0
23/09/2004,23.00.00,17.0,1071.0,89.0,934.0,179.0,763.0,94.0,1504.0,942.0,225.0,537.0,14486.0
24/09/2004,00.00.00,1.0,969.0,65.0,835.0,97.0,859.0,64.0,1437.0,773.0,227.0,537.0,14580.0
24/09/2004,01.00.00,9.0,942.0,53.0,780.0,83.0,915.0,59.0,1419.0,737.0,215.0,579.0,14658.0
24/09/2004,02.00.00,7.0,923.0,46.0,744.0,80.0,908.0,64.0,1394.0,815.0,223.0,558.0,14828.0
24/09/2004,03.00.00,4.0,813.0,20.0,581.0,73.0,1176.0,58.0,1320.0,627.0,227.0,538.0,14673.0
24/09/2004,04.00.00,4.0,851.0,25.0,618.0,66.0,1099.0,52.0,1351.0,642.0,211.0,599.0,14789.0
24/09/2004,05.00.00,5.0,868.0,28.0,639.0,109.0,1093.0,55.0,1367.0,610.0,204.0,630.0,14946.0
24/09/2004,06.00.00,13.0,1062.0,84.0,915.0,232.0,792.0,83.0,1579.0,929.0,208.0,622.0,15119.0
24/09/2004,07.00.00,35.0,1418.0,211.0,1328.0,535.0,546.0,114.0,2017.0,1427.0,213.0,616.0,15452.0
24/09/2004,08.00.00,55.0,1600.0,340.0,1641.0,684.0,440.0,137.0,2430.0,1776.0,219.0,602.0,15600.0
24/09/2004,09.00.00,56.0,1583.0,294.0,1538.0,803.0,461.0,160.0,2214.0,1788.0,230.0,564.0,15614.0
24/09/2004,10.00.00,34.0,1338.0,203.0,1305.0,539.0,543.0,138.0,1929.0,1521.0,251.0,495.0,15572.0
24/09/2004,11.00.00,32.0,1285.0,184.0,1252.0,364.0,581.0,134.0,1866.0,1293.0,266.0,443.0,15229.0
24/09/2004,12.00.00,37.0,1376.0,223.0,1359.0,422.0,530.0,143.0,1998.0,1435.0,262.0,460.0,15422.0
24/09/2004,13.00.00,46.0,1467.0,269.0,1477.0,483.0,491.0,153.0,2114.0,1592.0,254.0,487.0,15594.0
24/09/2004,14.00.00,42.0,1442.0,240.0,1403.0,496.0,518.0,145.0,2026.0,1551.0,256.0,483.0,15580.0
24/09/2004,15.00.00,33.0,1358.0,193.0,1277.0,403.0,563.0,123.0,1892.0,1429.0,257.0,478.0,15548.0
24/09/2004,16.00.00,27.0,1222.0,145.0,1133.0,282.0,624.0,96.0,1698.0,1195.0,249.0,492.0,15251.0
24/09/2004,17.00.00,22.0,1134.0,111.0,1017.0,268.0,724.0,107.0,1632.0,981.0,183.0,754.0,15682.0
24/09/2004,18.00.00,28.0,1120.0,104.0,993.0,306.0,725.0,119.0,1565.0,962.0,163.0,739.0,13601.0
24/09/2004,19.00.00,29.0,1103.0,105.0,997.0,293.0,736.0,109.0,1552.0,914.0,156.0,757.0,13345.0
24/09/2004,20.00.00,2.0,985.0,58.0,805.0,240.0,895.0,107.0,1390.0,785.0,154.0,766.0,13334.0
24/09/2004,21.00.00,7.0,795.0,22.0,596.0,93.0,1227.0,57.0,1188.0,482.0,140.0,754.0,11988.0
24/09/2004,22.00.00,6.0,787.0,20.0,584.0,99.0,1317.0,60.0,1129.0,446.0,149.0,605.0,10213.0
24/09/2004,23.00.00,12.0,839.0,38.0,701.0,55.0,1128.0,22.0,1156.0,553.0,155.0,509.0,8880.0
25/09/2004,00.00.00,12.0,835.0,39.0,705.0,19.0,1117.0,2.0,1161.0,592.0,156.0,500.0,8773.0
25/09/2004,01.00.00,11.0,837.0,37.0,693.0,26.0,1096.0,7.0,1178.0,584.0,154.0,536.0,9326.0
25/09/2004,02.00.00,6.0,761.0,17.0,563.0,26.0,1316.0,8.0,1106.0,451.0,154.0,539.0,9334.0
25/09/2004,03.00.00,3.0,718.0,10.0,499.0,34.0,1495.0,17.5,1059.0,382.0,153.0,524.0,9017.0
25/09/2004,04.00.00,3.0,724.0,10.0,495.0,42.0,1531.0,27.0,1071.0,391.0,153.0,531.0,9181.0
25/09/2004,05.00.00,3.0,718.0,9.0,486.0,32.0,1531.0,14.0,1072.0,398.0,154.0,537.0,9295.0
25/09/2004,06.00.00,4.0,744.0,13.0,525.0,25.0,1434.0,3.0,1097.0,430.0,155.0,533.0,9308.0
25/09/2004,07.00.00,6.0,782.0,21.0,591.0,28.0,1287.0,9.0,1130.0,461.0,154.0,527.0,9178.0
25/09/2004,08.00.00,7.0,798.0,25.0,619.0,41.0,1204.0,14.0,1138.0,500.0,157.0,511.0,9056.0
25/09/2004,09.00.00,1.0,867.0,46.0,744.0,130.0,1067.0,52.0,1207.0,594.0,169.0,477.0,9142.0
25/09/2004,10.00.00,11.0,862.0,43.0,729.0,173.0,1103.0,64.0,1171.0,603.0,182.0,419.0,8674.0
25/09/2004,11.00.00,15.0,915.0,65.0,834.0,168.0,1006.0,66.0,1243.0,686.0,191.0,370.0,8104.0
25/09/2004,12.00.00,14.0,857.0,60.0,813.0,51.0,1040.0,14.0,1183.0,622.0,193.0,348.0,7710.0
25/09/2004,13.00.00,14.0,837.0,60.0,812.0,31.0,1065.0,9.0,1171.0,624.0,198.0,312.0,7127.0
25/09/2004,14.00.00,1.0,805.0,45.0,740.0,41.0,1161.0,12.0,1117.0,565.0,198.0,311.0,7104.0
25/09/2004,15.00.00,9.0,781.0,39.0,705.0,41.0,1203.0,14.0,1068.0,514.0,202.0,286.0,6717.0
25/09/2004,16.00.00,11.0,815.0,46.0,743.0,54.0,1183.0,21.0,1095.0,536.0,221.0,248.0,6514.0
25/09/2004,17.00.00,13.0,877.0,67.0,844.0,112.0,1048.0,43.0,1193.0,669.0,211.0,277.0,6853.0
25/09/2004,18.00.00,18.0,926.0,89.0,935.0,178.0,931.0,62.0,1262.0,786.0,201.0,303.0,7045.0
25/09/2004,19.00.00,24.0,987.0,98.0,971.0,218.0,876.0,68.0,1312.0,891.0,195.0,330.0,7384.0
25/09/2004,20.00.00,27.0,1004.0,108.0,1007.0,241.0,848.0,81.0,1321.0,926.0,193.0,323.0,7163.0
25/09/2004,21.00.00,17.0,897.0,74.0,875.0,223.0,937.0,88.0,1227.0,902.0,184.0,332.0,6975.0
25/09/2004,22.00.00,22.0,1002.0,103.0,989.0,279.0,840.0,99.0,1358.0,1011.0,178.0,365.0,7366.0
25/09/2004,23.00.00,28.0,1126.0,138.0,1111.0,330.0,746.0,98.0,1473.0,1249.0,178.0,399.0,8035.0
26/09/2004,00.00.00,24.0,1067.0,109.0,1013.0,330.0,794.0,97.0,1350.0,1133.0,170.0,430.0,8242.0
26/09/2004,01.00.00,25.0,1063.0,117.0,1040.0,341.0,739.0,101.0,1413.0,1166.0,155.0,522.0,9136.0
26/09/2004,02.00.00,14.0,915.0,78.0,893.0,205.0,872.0,90.0,1287.0,953.0,156.0,519.0,9135.0
26/09/2004,03.00.00,14.0,906.0,77.0,885.0,167.5,872.0,75.5,1304.0,912.0,135.0,594.0,9176.0
26/09/2004,04.00.00,11.5,844.0,55.0,786.0,130.0,969.0,61.0,1226.0,831.0,134.0,599.0,9173.0
26/09/2004,05.00.00,9.0,816.0,45.0,739.0,102.0,999.0,55.0,1188.0,793.0,125.0,632.0,9146.0
26/09/2004,06.00.00,6.0,768.0,33.0,671.0,79.0,1128.0,46.0,1153.0,700.0,136.0,576.0,8941.0
26/09/2004,07.00.00,1.0,835.0,54.0,785.0,148.0,989.0,56.0,1224.0,780.0,122.0,632.0,8964.0
26/09/2004,08.00.00,16.0,944.0,82.0,908.0,261.0,865.0,83.0,1321.0,931.0,146.0,564.0,9319.0
26/09/2004,09.00.00,9.0,810.0,30.0,651.0,107.0,1170.0,55.0,1117.0,575.0,198.0,386.0,8831.0
26/09/2004,10.00.00,9.0,819.0,30.0,655.0,103.0,1222.0,47.0,1104.0,507.0,216.0,334.0,8519.0
26/09/2004,11.00.00,1.0,844.0,35.0,680.0,122.0,1147.0,61.0,1129.0,518.0,220.0,322.0,8407.0
26/09/2004,12.00.00,1.0,846.0,36.0,688.0,127.0,1127.0,58.0,1138.0,518.0,227.0,302.0,8217.0
26/09/2004,13.00.00,9.0,842.0,40.0,711.0,110.0,1077.0,59.0,1160.0,516.0,223.0,304.0,8063.0
26/09/2004,14.00.00,9.0,840.0,42.0,722.0,98.0,1048.0,54.0,1169.0,507.0,221.0,305.0,7981.0
26/09/2004,15.00.00,9.0,815.0,31.0,657.0,146.0,1166.0,69.0,1098.0,490.0,221.0,295.0,7761.0
26/09/2004,16.00.00,9.0,838.0,35.0,685.0,119.0,1176.0,54.0,1121.0,465.0,234.0,271.0,7681.0
26/09/2004,17.00.00,27.0,992.0,103.0,987.0,234.0,823.0,95.0,1327.0,781.0,231.0,270.0,7538.0
26/09/2004,18.00.00,22.0,990.0,78.0,891.0,261.0,908.0,99.0,1278.0,765.0,215.0,314.0,7943.0
26/09/2004,19.00.00,33.0,1066.0,107.0,1004.0,371.0,795.0,127.0,1384.0,1006.0,203.0,355.0,8330.0
26/09/2004,20.00.00,21.0,971.0,73.0,870.0,266.0,911.0,98.0,1287.0,798.0,196.0,363.0,8193.0
26/09/2004,21.00.00,18.0,963.0,77.0,887.0,268.0,853.0,112.0,1311.0,938.0,187.0,397.0,8482.0
26/09/2004,22.00.00,19.0,1010.0,86.0,925.0,294.0,829.0,115.0,1351.0,996.0,180.0,427.0,8745.0
26/09/2004,23.00.00,23.0,1054.0,100.0,978.0,303.0,768.0,114.0,1398.0,1109.0,171.0,476.0,9208.0
27/09/2004,00.00.00,19.0,998.0,85.0,920.0,241.0,802.0,103.0,1365.0,1042.0,166.0,513.0,9634.0
27/09/2004,01.00.00,13.0,919.0,58.0,802.0,142.0,891.0,81.0,1265.0,940.0,159.0,552.0,9881.0
27/09/2004,02.00.00,1.0,884.0,50.0,764.0,110.0,921.0,75.0,1247.0,900.0,149.0,589.0,9891.0
27/09/2004,03.00.00,6.0,803.0,29.0,648.0,107.0,1079.0,69.5,1178.0,774.0,141.0,610.0,9799.0
27/09/2004,04.00.00,6.0,820.0,34.0,674.0,104.0,1024.0,64.0,1188.0,790.0,140.0,626.0,9948.0
27/09/2004,05.00.00,9.0,894.0,56.0,794.0,179.0,889.0,71.0,1266.0,908.0,141.0,617.0,9844.0
27/09/2004,06.00.00,15.0,988.0,90.0,941.0,361.0,801.0,99.0,1399.0,1035.0,144.0,603.0,9802.0
27/09/2004,07.00.00,55.0,1372.0,269.0,1477.0,799.0,542.0,132.0,1973.0,1556.0,150.0,577.0,9778.0
27/09/2004,08.00.00,4.0,1209.0,188.0,1262.0,614.0,618.0,135.0,1708.0,1392.0,169.0,503.0,9580.0
27/09/2004,09.00.00,18.0,951.0,82.0,908.0,275.0,873.0,94.0,1314.0,904.0,197.0,402.0,9108.0
27/09/2004,10.00.00,19.0,992.0,91.0,943.0,325.0,847.0,103.0,1351.0,936.0,222.0,336.0,8886.0
27/09/2004,11.00.00,17.0,964.0,92.0,947.0,327.0,862.0,123.0,1328.0,907.0,237.0,296.0,8537.0
27/09/2004,12.00.00,16.0,917.0,83.0,910.0,252.0,886.0,95.0,1275.0,744.0,219.0,307.0,7961.0
27/09/2004,13.00.00,19.0,937.0,91.0,942.0,226.0,852.0,90.0,1276.0,773.0,223.0,295.0,7838.0
27/09/2004,14.00.00,16.0,961.0,92.0,949.0,230.0,853.0,99.0,1306.0,812.0,238.0,270.0,7845.0
27/09/2004,15.00.00,18.0,969.0,96.0,962.0,244.0,829.0,107.0,1316.0,856.0,233.0,283.0,8012.0
27/09/2004,16.00.00,2.0,1020.0,118.0,1042.0,251.0,788.0,112.0,1401.0,927.0,242.0,272.0,8128.0
27/09/2004,17.00.00,31.0,1107.0,173.0,1219.0,346.0,683.0,132.0,1582.0,1131.0,251.0,258.0,8065.0
27/09/2004,18.00.00,39.0,1119.0,178.0,1233.0,407.0,670.0,148.0,1539.0,1270.0,223.0,292.0,7773.0
27/09/2004,19.00.00,43.0,1173.0,209.0,1322.0,490.0,633.0,158.0,1679.0,1365.0,208.0,325.0,7873.0
27/09/2004,20.00.00,35.0,1097.0,149.0,1144.0,434.0,702.0,145.0,1517.0,1274.0,191.0,368.0,8066.0
27/09/2004,21.00.00,24.0,1018.0,113.0,1024.0,345.0,758.0,128.0,1400.0,1169.0,181.0,399.0,8232.0
27/09/2004,22.00.00,15.0,932.0,84.0,914.0,192.0,837.0,105.0,1298.0,1000.0,174.0,428.0,8463.0
27/09/2004,23.00.00,13.0,897.0,68.0,849.0,157.0,891.0,90.0,1253.0,910.0,167.0,466.0,8793.0
28/09/2004,00.00.00,1.0,840.0,49.0,758.0,148.0,994.0,85.0,1189.0,829.0,171.0,468.0,9054.0
28/09/2004,01.00.00,8.0,802.0,35.0,680.0,105.0,1091.0,73.0,1137.0,756.0,153.0,519.0,8982.0
28/09/2004,02.00.00,5.0,765.0,28.0,637.0,141.0,1138.0,74.0,1113.0,742.0,150.0,528.0,8929.0
28/09/2004,03.00.00,4.0,741.0,21.0,595.0,124.0,1191.0,67.5,1080.0,686.0,144.0,545.0,8887.0
28/09/2004,04.00.00,5.0,748.0,22.0,595.0,107.0,1208.0,61.0,1089.0,677.0,128.0,598.0,8801.0
28/09/2004,05.00.00,7.0,791.0,39.0,704.0,166.0,1057.0,69.0,1154.0,748.0,119.0,627.0,8726.0
28/09/2004,06.00.00,12.0,875.0,73.0,871.0,241.0,890.0,82.0,1253.0,890.0,121.0,626.0,8825.0
28/09/2004,07.00.00,24.0,1085.0,155.0,1164.0,368.0,707.0,120.0,1503.0,1155.0,135.0,582.0,8944.0
28/09/2004,08.00.00,43.0,1268.0,271.0,1482.0,498.0,550.0,135.0,1849.0,1533.0,144.0,557.0,9087.0
28/09/2004,09.00.00,41.0,1236.0,213.0,1332.0,641.0,601.0,152.0,1683.0,1550.0,178.0,457.0,9224.0
28/09/2004,10.00.00,37.0,1274.0,199.0,1294.0,667.0,615.0,177.0,1595.0,2236.0,210.0,372.0,9155.0
28/09/2004,11.00.00,34.0,1250.0,194.0,1280.0,550.0,618.0,181.0,1663.0,2178.0,245.0,298.0,9008.0
28/09/2004,12.00.00,38.0,1224.0,218.0,1347.0,483.0,602.0,176.0,1670.0,1901.0,264.0,264.0,8969.0
28/09/2004,13.00.00,41.0,1220.0,217.0,1344.0,524.0,605.0,163.0,1676.0,1743.0,252.0,268.0,8451.0
28/09/2004,14.00.00,34.0,1166.0,189.0,1265.0,481.0,640.0,174.0,1570.0,1502.0,261.0,248.0,8283.0
28/09/2004,15.00.00,23.0,1050.0,130.0,1084.0,305.0,748.0,117.0,1402.0,1153.0,262.0,244.0,8174.0
28/09/2004,16.00.00,32.0,1174.0,188.0,1264.0,396.0,670.0,145.0,1598.0,1287.0,289.0,213.0,8382.0
28/09/2004,17.00.00,48.0,1323.0,268.0,1474.0,501.0,554.0,173.0,1854.0,1547.0,280.0,233.0,8681.0
28/09/2004,18.00.00,67.0,1432.0,369.0,1706.0,702.0,488.0,204.0,2098.0,1842.0,247.0,279.0,8559.0
28/09/2004,19.00.00,75.0,1479.0,393.0,1756.0,755.0,466.0,209.0,2165.0,1908.0,230.0,336.0,9302.0
28/09/2004,20.00.00,45.0,1309.0,231.0,1379.0,524.0,555.0,175.0,1841.0,1693.0,209.0,458.0,11159.0
28/09/2004,21.00.00,21.0,1089.0,116.0,1037.0,247.0,707.0,129.0,1480.0,1336.0,198.0,486.0,11130.0
28/09/2004,22.00.00,15.0,1009.0,83.0,911.0,196.0,788.0,111.0,1359.0,1177.0,198.0,477.0,10885.0
28/09/2004,23.00.00,11.0,930.0,57.0,796.0,135.0,883.0,85.0,1263.0,977.0,186.0,491.0,10435.0
29/09/2004,00.00.00,11.0,929.0,59.0,805.0,146.0,879.0,86.0,1270.0,974.0,172.0,539.0,10498.0
29/09/2004,01.00.00,9.0,872.0,41.0,718.0,106.0,981.0,71.0,1223.0,872.0,163.0,568.0,10470.0
29/09/2004,02.00.00,5.0,790.0,22.0,601.0,70.0,1150.0,60.0,1157.0,734.0,174.0,534.0,10541.0
29/09/2004,03.00.00,4.0,793.0,20.0,581.0,66.0,1169.0,54.0,1152.0,668.0,155.0,588.0,10309.0
29/09/2004,04.00.00,4.0,789.0,22.0,596.0,62.0,1145.0,48.0,1161.0,698.0,146.0,621.0,10236.0
29/09/2004,05.00.00,4.0,769.0,20.0,586.0,60.0,1221.0,45.0,1134.0,650.0,171.0,525.0,10130.0
29/09/2004,06.00.00,7.0,852.0,40.0,713.0,92.0,1029.0,53.0,1203.0,749.0,152.0,583.0,9986.0
29/09/2004,07.00.00,2.0,1100.0,134.0,1097.0,277.0,739.0,94.0,1516.0,1106.0,149.0,592.0,9985.0
29/09/2004,08.00.00,42.0,1326.0,280.0,1504.0,600.0,510.0,122.0,1968.0,1609.0,151.0,590.0,10086.0
29/09/2004,09.00.00,52.0,1433.0,286.0,1518.0,693.0,499.0,170.0,1973.0,1770.0,190.0,478.0,10434.0
29/09/2004,10.00.00,38.0,1310.0,214.0,1334.0,617.0,573.0,174.0,1747.0,1633.0,224.0,388.0,10400.0
29/09/2004,11.00.00,37.0,1304.0,191.0,1272.0,569.0,593.0,191.0,1673.0,1583.0,254.0,333.0,10679.0
29/09/2004,12.00.00,34.0,1286.0,196.0,1286.0,409.0,593.0,179.0,1728.0,1449.0,272.0,304.0,10810.0
29/09/2004,13.00.00,31.0,1217.0,158.0,1175.0,335.0,621.0,148.0,1644.0,1451.0,255.0,348.0,11152.0
29/09/2004,14.00.00,24.0,1104.0,135.0,1099.0,290.0,698.0,129.0,1483.0,1147.0,264.0,285.0,9658.0
29/09/2004,15.00.00,28.0,1143.0,159.0,1176.0,312.0,677.0,148.0,1551.0,1108.0,277.0,251.0,9158.0
29/09/2004,16.00.00,36.0,1205.0,199.0,1295.0,440.0,626.0,184.0,1613.0,1267.0,286.0,232.0,8917.0
29/09/2004,17.00.00,4.0,1276.0,216.0,1340.0,450.0,597.0,188.0,1677.0,1303.0,272.0,263.0,9317.0
29/09/2004,18.00.00,56.0,1440.0,310.0,1573.0,578.0,491.0,204.0,1997.0,1643.0,253.0,330.0,10473.0
29/09/2004,19.00.00,63.0,1467.0,341.0,1643.0,615.0,467.0,201.0,2088.0,1749.0,232.0,369.0,10346.0
29/09/2004,20.00.00,47.0,1339.0,228.0,1373.0,536.0,541.0,165.0,1797.0,1585.0,216.0,433.0,11019.0
29/09/2004,21.00.00,19.0,1108.0,123.0,1061.0,238.0,685.0,133.0,1454.0,1315.0,211.0,448.0,11088.0
29/09/2004,22.00.00,19.0,1116.0,109.0,1012.0,249.0,699.0,125.0,1445.0,1290.0,197.0,493.0,11148.0
29/09/2004,23.00.00,12.0,981.0,71.0,860.0,150.0,812.0,101.0,1298.0,1059.0,203.0,478.0,11281.0
30/09/2004,00.00.00,9.0,947.0,57.0,798.0,108.0,869.0,79.0,1276.0,943.0,194.0,503.0,11201.0
30/09/2004,01.00.00,9.666666666666666,939.0,53.0,776.0,116.84615384615384,879.0,80.6923076923077,1259.0,913.0,183.0,531.0,11056.0
30/09/2004,02.00.00,10.333333333333334,862.0,29.0,644.0,125.6923076923077,1030.0,82.38461538461539,1173.0,720.0,175.0,561.0,11103.0
30/09/2004,03.00.00,11.0,827.0,19.0,577.0,134.53846153846155,1138.0,84.07692307692308,1143.0,640.0,192.0,503.0,11087.0
30/09/2004,04.00.00,11.666666666666666,879.0,24.0,611.0,143.3846153846154,1036.0,85.76923076923077,1189.0,779.0,166.0,596.0,11170.0
30/09/2004,05.00.00,12.333333333333332,911.0,40.0,710.0,152.23076923076923,932.0,87.46153846153847,1226.0,850.0,175.0,571.0,11311.0
30/09/2004,06.00.00,13.0,1051.0,81.0,901.0,161.0769230769231,778.0,89.15384615384616,1379.0,1020.0,176.0,576.0,11471.0
30/09/2004,07.00.00,13.666666666666666,1496.0,248.0,1425.0,169.92307692307693,520.0,90.84615384615384,1946.0,1605.0,180.0,570.0,11665.0
30/09/2004,08.00.00,14.333333333333332,1610.0,363.0,1692.0,178.76923076923077,436.0,92.53846153846153,2197.0,1866.0,185.0,559.0,11779.0
30/09/2004,09.00.00,15.0,1428.0,209.0,1321.0,187.6153846153846,544.0,94.23076923076923,1779.0,1621.0,186.0,572.0,12146.0
30/09/2004,10.00.00,15.666666666666666,1459.0,222.0,1356.0,196.46153846153845,525.0,95.92307692307692,1795.0,1712.0,202.0,530.0,12407.0
30/09/2004,11.00.00,16.333333333333332,1486.0,235.0,1390.0,205.30769230769232,504.0,97.61538461538461,1835.0,1770.0,213.0,501.0,12539.0
30/09/2004,12.00.00,17.0,1158.0,108.0,1008.0,214.15384615384616,695.0,99.3076923076923,1489.0,1175.0,246.0,428.0,13053.0
30/09/2004,13.00.00,17.0,1200.0,112.0,1021.0,223.0,678.0,101.0,1510.0,1157.0,246.0,441.0,13477.0
30/09/2004,14.00.00,22.0,1290.0,151.0,1151.0,267.0,613.0,113.0,1638.0,1219.0,256.0,434.0,14049.0
30/09/2004,15.00.00,28.0,1366.0,174.0,1223.0,308.0,578.0,121.0,1744.0,1288.0,261.0,426.0,14172.0
30/09/2004,16.00.00,39.0,1505.0,234.0,1388.0,422.0,516.0,146.0,1978.0,1503.0,258.0,448.0,14644.0
30/09/2004,17.00.00,65.0,1728.0,359.0,1683.0,623.0,419.0,188.0,2365.0,1861.0,254.0,479.0,15346.0
30/09/2004,18.00.00,63.0,1673.0,340.0,1643.0,572.0,436.0,182.0,2259.0,1781.0,246.0,500.0,15241.0
30/09/2004,19.00.00,57.0,1636.0,301.0,1553.0,514.0,449.0,166.0,2130.0,1745.0,236.0,544.0,15687.0
30/09/2004,20.00.00,44.0,1468.0,200.0,1296.0,414.0,529.0,142.0,1854.0,1590.0,226.0,595.0,16155.0
30/09/2004,21.00.00,16.0,1180.0,105.0,997.0,143.0,677.0,84.0,1549.0,1127.0,221.0,613.0,16133.0
30/09/2004,22.00.00,15.0,1138.0,90.0,938.0,147.0,700.0,87.0,1500.0,1098.0,221.0,613.0,16053.0
30/09/2004,23.00.00,17.0,1192.0,107.0,1004.0,159.0,665.0,91.0,1577.0,1176.0,211.0,647.0,15956.0
01/10/2004,00.00.00,19.0,1176.0,104.0,993.0,206.0,659.0,91.0,1572.0,1178.0,203.0,664.0,15591.0
01/10/2004,01.00.00,16.0,1137.0,97.0,967.0,140.0,687.0,74.0,1557.0,1091.0,194.0,693.0,15418.0
01/10/2004,02.00.00,13.0,1035.0,69.0,851.0,132.0,764.0,69.0,1465.0,1002.0,190.0,708.0,15417.0
01/10/2004,03.00.00,8.0,943.0,40.0,709.0,106.5,893.0,61.5,1348.0,876.0,202.0,658.0,15442.0
01/10/2004,04.00.00,6.0,904.0,30.0,655.0,81.0,968.0,54.0,1326.0,824.0,198.0,672.0,15322.0
01/10/2004,05.00.00,7.0,966.0,43.0,726.0,120.0,872.0,60.0,1371.0,892.0,190.0,703.0,15308.0
01/10/2004,06.00.00,16.0,1124.0,98.0,972.0,279.0,674.0,69.0,1568.0,1092.0,188.0,718.0,15372.0
01/10/2004,07.00.00,29.0,1348.0,172.0,1217.0,392.0,559.0,91.0,1816.0,1413.0,202.0,663.0,15550.0
01/10/2004,08.00.00,41.0,1499.0,279.0,1501.0,433.0,469.0,97.0,2130.0,1565.0,208.0,643.0,15630.0
01/10/2004,09.00.00,37.0,1427.0,205.0,1311.0,531.0,503.0,114.0,1900.0,1594.0,223.0,593.0,15705.0
01/10/2004,10.00.00,36.0,1473.0,212.0,1330.0,619.0,497.0,129.0,1908.0,1677.0,232.0,566.0,15929.0
01/10/2004,11.00.00,34.0,1440.0,199.0,1294.0,522.0,506.0,137.0,1879.0,1616.0,238.0,547.0,15870.0
01/10/2004,12.00.00,37.0,1474.0,211.0,1326.0,505.0,485.0,134.0,1943.0,1610.0,235.0,562.0,16048.0
01/10/2004,13.00.00,41.0,1485.0,223.0,1359.0,465.0,477.0,132.0,2005.0,1614.0,239.0,544.0,15963.0
01/10/2004,14.00.00,32.0,1395.5,176.0,1219.0,383.0,540.0,123.0,1836.5,1450.0,246.5,509.0,15566.5
01/10/2004,15.00.00,24.0,1306.0,129.0,1079.0,278.0,603.0,105.0,1668.0,1286.0,254.0,474.0,15170.0
01/10/2004,16.00.00,34.0,1464.0,184.0,1251.0,372.0,530.0,136.0,1853.0,1487.0,264.0,454.0,15400.0
01/10/2004,17.00.00,56.0,1629.0,265.0,1466.0,540.0,458.0,169.0,2130.0,1703.0,258.0,469.0,15375.0
01/10/2004,18.00.00,55.81118881118881,1629.0,294.0,1536.0,538.0909090909091,435.0,168.4265734265734,2205.0,1773.0,253.0,496.0,15805.0
01/10/2004,19.00.00,55.62237762237762,1707.0,337.0,1637.0,536.1818181818181,411.0,167.85314685314685,2338.0,1848.0,242.0,543.0,16117.0
01/10/2004,20.00.00,55.43356643356643,1424.0,199.0,1293.0,534.2727272727273,524.0,167.27972027972027,1902.0,1550.0,228.0,581.0,15951.0
01/10/2004,21.00.00,55.24475524475525,1297.0,135.0,1100.0,532.3636363636364,598.0,166.7062937062937,1710.0,1350.0,215.0,632.0,15993.0
01/10/2004,22.00.00,55.05594405594405,1214.0,112.0,1022.0,530.4545454545455,645.0,166.13286713286712,1592.0,1235.0,213.0,630.0,15798.0
01/10/2004,23.00.00,54.86713286713287,1160.0,91.0,944.0,528.5454545454545,686.0,165.55944055944056,1523.0,1162.0,208.0,641.0,15540.0
02/10/2004,00.00.00,54.67832167832168,1232.0,109.0,1012.0,526.6363636363636,642.0,164.98601398601397,1595.0,1211.0,206.0,640.0,15346.0
02/10/2004,01.00.00,54.48951048951049,1134.0,84.0,914.0,524.7272727272727,699.0,164.4125874125874,1512.0,1097.0,206.0,634.0,15190.0
02/10/2004,02.00.00,54.3006993006993,1071.0,71.0,860.0,522.8181818181819,742.0,163.83916083916083,1500.0,1021.0,204.0,644.0,15220.0
02/10/2004,03.00.00,54.11188811188811,968.0,43.0,730.0,520.9090909090909,858.0,163.26573426573427,1388.0,913.0,213.0,610.0,15290.0
02/10/2004,04.00.00,53.92307692307692,994.0,40.0,711.0,519.0,867.0,162.69230769230768,1384.0,909.0,205.0,640.0,15247.0
02/10/2004,05.00.00,53.73426573426573,1046.0,58.0,804.0,517.0909090909091,774.0,162.11888111888112,1458.0,983.0,203.0,653.0,15321.0
02/10/2004,06.00.00,53.54545454545455,1066.0,63.0,827.0,515.1818181818181,751.0,161.54545454545453,1479.0,1024.0,201.0,659.0,15321.0
02/10/2004,07.00.00,53.35664335664336,1277.0,123.0,1061.0,513.2727272727273,612.0,160.97202797202797,1691.0,1243.0,202.0,656.0,15368.0
02/10/2004,08.00.00,53.16783216783217,1290.0,133.0,1093.0,511.3636363636364,592.0,160.3986013986014,1677.0,1253.0,211.0,628.0,15481.0
02/10/2004,09.00.00,52.97902097902098,1268.0,125.0,1066.0,509.45454545454544,608.0,159.82517482517483,1665.0,1240.0,225.0,575.0,15518.0
02/10/2004,10.00.00,52.79020979020979,1243.0,105.0,997.0,507.54545454545456,648.0,159.25174825174824,1587.0,1155.0,242.0,519.0,15426.0
02/10/2004,11.00.00,52.6013986013986,1300.0,121.0,1053.0,505.6363636363636,614.0,158.67832167832168,1650.0,1193.0,252.0,489.0,15437.0
02/10/2004,12.00.00,52.41258741258741,1278.0,121.0,1053.0,503.72727272727275,630.0,158.1048951048951,1641.0,1153.0,258.0,478.0,15662.0
02/10/2004,13.00.00,52.22377622377623,1249.0,112.0,1023.0,501.8181818181818,639.0,157.53146853146853,1640.0,1034.0,257.0,492.0,15988.0
02/10/2004,14.00.00,52.03496503496503,1145.0,72.0,867.0,499.9090909090909,739.0,156.95804195804195,1499.0,870.0,258.0,496.0,16213.0
02/10/2004,15.00.00,51.84615384615385,1199.0,87.0,928.0,498.0,704.0,156.3846153846154,1533.0,890.0,257.0,488.0,15913.0
02/10/2004,16.00.00,51.65734265734266,1236.0,96.0,962.0,496.09090909090907,690.0,155.8111888111888,1589.0,946.0,265.0,459.0,15626.0
02/10/2004,17.00.00,51.46853146853147,1289.0,116.0,1037.0,494.1818181818182,638.0,155.23776223776224,1648.0,1033.0,254.0,489.0,15650.0
02/10/2004,18.00.00,51.27972027972028,1299.0,127.0,1072.0,492.27272727272725,617.0,154.66433566433565,1688.0,1107.0,244.0,525.0,15830.0
02/10/2004,19.00.00,51.09090909090909,1506.0,207.0,1315.0,490.3636363636364,512.0,154.0909090909091,1954.0,1395.0,239.0,546.0,15936.0
02/10/2004,20.00.00,50.9020979020979,1432.0,178.0,1234.0,488.45454545454544,553.0,153.5174825174825,1849.0,1342.0,229.0,579.0,15958.0
02/10/2004,21.00.00,50.71328671328671,1193.0,112.0,1021.0,486.54545454545456,666.0,152.94405594405595,1633.0,1152.0,221.0,611.0,16012.0
02/10/2004,22.00.00,50.52447552447553,1188.0,108.0,1007.0,484.6363636363636,668.0,152.37062937062936,1577.0,1128.0,208.0,656.0,15898.0
02/10/2004,23.00.00,50.33566433566433,1162.0,94.0,953.0,482.72727272727275,691.0,151.7972027972028,1526.0,1104.0,217.0,608.0,15630.0
03/10/2004,00.00.00,50.14685314685315,1106.0,85.0,921.0,480.8181818181818,720.0,151.2237762237762,1506.0,1055.0,211.0,628.0,15505.0
03/10/2004,01.00.00,49.95804195804196,1037.0,65.0,836.0,478.9090909090909,788.0,150.65034965034965,1467.0,904.0,207.0,632.0,15240.0
03/10/2004,02.00.00,49.76923076923077,982.0,51.0,768.0,477.0,850.0,150.07692307692307,1416.0,835.0,212.0,615.0,15241.0
03/10/2004,03.00.00,49.58041958041958,944.0,45.0,740.0,475.0909090909091,881.0,149.5034965034965,1412.0,781.0,203.0,646.0,15180.0
03/10/2004,04.00.00,49.39160839160839,929.0,39.0,703.0,473.1818181818182,908.0,148.93006993006992,1391.0,761.0,202.0,644.0,15035.0
03/10/2004,05.00.00,49.2027972027972,906.0,33.0,672.0,471.27272727272725,948.0,148.35664335664336,1377.0,742.0,201.0,653.0,15153.0
03/10/2004,06.00.00,49.01398601398601,907.0,32.0,665.0,469.3636363636364,972.0,147.78321678321677,1370.0,779.0,199.0,660.0,15141.0
03/10/2004,07.00.00,48.82517482517483,1013.0,54.0,781.0,467.45454545454544,829.0,147.2097902097902,1469.0,894.0,198.0,664.0,15145.0
03/10/2004,08.00.00,48.63636363636364,1055.0,56.0,795.0,465.54545454545456,800.0,146.63636363636363,1476.0,927.0,204.0,641.0,15178.0
03/10/2004,09.00.00,48.44755244755245,1138.0,75.0,880.0,463.6363636363636,727.0,146.06293706293707,1538.0,1034.0,216.0,608.0,15496.0
03/10/2004,10.00.00,48.25874125874126,1250.0,107.0,1003.0,461.72727272727275,647.0,145.48951048951048,1638.0,1217.0,235.0,545.0,15553.0
03/10/2004,11.00.00,48.06993006993007,1165.0,84.0,916.0,459.8181818181818,711.0,144.91608391608392,1517.0,1093.0,257.0,466.0,15105.0
03/10/2004,12.00.00,47.88111888111888,1229.0,113.0,1025.0,457.9090909090909,663.0,144.34265734265733,1588.0,1073.0,266.0,437.0,15031.0
03/10/2004,13.00.00,47.69230769230769,1168.0,83.0,911.0,456.0,715.0,143.76923076923077,1517.0,969.0,274.0,418.0,15056.0
03/10/2004,14.00.00,47.50349650349651,1092.0,60.0,814.0,454.0909090909091,794.0,143.1958041958042,1446.0,777.0,274.0,428.0,15344.0
03/10/2004,15.00.00,47.31468531468531,1109.0,67.0,843.0,452.1818181818182,769.0,142.62237762237763,1458.0,743.0,271.0,433.0,15255.0
03/10/2004,16.00.00,47.12587412587413,1133.0,62.0,823.0,450.27272727272725,775.0,142.04895104895104,1449.0,777.0,269.0,444.0,15510.0
03/10/2004,17.00.00,46.93706293706293,1192.0,77.0,887.0,448.3636363636364,716.0,141.47552447552448,1488.0,819.0,269.0,444.0,15538.0
03/10/2004,18.00.00,46.74825174825175,1298.0,110.0,1015.0,446.45454545454544,647.0,140.9020979020979,1619.0,1056.0,247.0,519.0,15868.0
03/10/2004,19.00.00,46.55944055944056,1524.0,208.0,1320.0,444.54545454545456,514.0,140.32867132867133,1925.0,1481.0,237.0,556.0,16074.0
03/10/2004,20.00.00,46.37062937062937,1540.0,214.0,1336.0,442.6363636363636,498.0,139.75524475524475,1929.0,1590.0,227.0,596.0,16261.0
03/10/2004,21.00.00,46.18181818181818,1190.0,104.0,992.0,440.72727272727275,654.0,139.1818181818182,1587.0,1211.0,219.0,614.0,15946.0
03/10/2004,22.00.00,45.99300699300699,1092.0,83.0,911.0,438.8181818181818,735.0,138.6083916083916,1506.0,1052.0,220.0,598.0,15620.0
03/10/2004,23.00.00,45.80419580419581,1079.0,78.0,890.0,436.9090909090909,745.0,138.03496503496504,1522.0,1000.0,205.0,649.0,15473.0
04/10/2004,00.00.00,45.61538461538461,995.0,55.0,789.0,435.0,828.0,137.46153846153845,1432.0,874.0,198.0,669.0,15277.0
04/10/2004,01.00.00,45.42657342657343,960.0,52.0,772.0,433.0909090909091,838.0,136.8881118881119,1431.0,852.0,184.0,716.0,14997.0
04/10/2004,02.00.00,45.23776223776224,890.0,32.0,666.0,431.1818181818182,969.0,136.3146853146853,1323.0,728.0,189.0,686.0,14818.0
04/10/2004,03.00.00,45.048951048951054,860.0,27.0,632.0,429.27272727272725,1037.0,135.74125874125875,1322.0,713.0,178.0,723.0,14546.0
04/10/2004,04.00.00,44.86013986013986,860.0,30.0,652.0,427.3636363636364,997.0,135.16783216783216,1326.0,734.0,171.0,739.0,14262.0
04/10/2004,05.00.00,44.67132867132867,883.0,40.0,713.0,425.45454545454544,937.0,134.5944055944056,1351.0,777.0,177.0,703.0,14088.0
04/10/2004,06.00.00,44.48251748251748,929.0,56.0,795.0,423.54545454545456,858.0,134.020979020979,1373.0,815.0,171.0,718.0,13936.0
04/10/2004,07.00.00,44.29370629370629,1100.0,111.0,1018.0,421.6363636363636,706.0,133.44755244755245,1573.0,1002.0,183.0,675.0,14044.0
04/10/2004,08.00.00,44.10489510489511,1257.0,201.0,1299.0,419.72727272727275,550.0,132.87412587412587,1864.0,1302.0,185.0,670.0,14135.0
04/10/2004,09.00.00,43.91608391608392,1402.0,236.0,1393.0,417.8181818181818,505.0,132.3006993006993,1967.0,1542.0,199.0,617.0,14193.0
04/10/2004,10.00.00,43.72727272727273,1376.0,210.0,1324.0,415.9090909090909,527.0,131.72727272727272,1886.0,1571.0,229.0,526.0,14519.0
04/10/2004,11.00.00,43.53846153846154,1374.0,218.0,1346.0,414.0,519.0,131.15384615384616,1910.0,1614.0,242.0,490.0,14586.0
04/10/2004,12.00.00,43.34965034965035,1381.0,221.0,1355.0,412.09090909090907,516.0,130.58041958041957,1931.0,1583.0,258.0,447.0,14590.0
04/10/2004,13.00.00,43.16083916083916,1282.0,182.0,1247.0,410.1818181818182,561.0,130.006993006993,1829.0,1285.0,260.0,445.0,14731.0
04/10/2004,14.00.00,42.97202797202797,1188.0,142.0,1124.0,408.27272727272725,625.0,129.43356643356643,1655.0,1094.0,271.0,402.0,14217.0
04/10/2004,15.00.00,42.78321678321679,1227.0,149.0,1147.0,406.3636363636364,612.0,128.86013986013987,1707.0,1113.0,274.0,398.0,14318.0
04/10/2004,16.00.00,42.59440559440559,1364.0,211.0,1328.0,404.45454545454544,528.0,128.28671328671328,1898.0,1395.0,289.0,363.0,14291.0
04/10/2004,17.00.00,42.40559440559441,1531.0,303.0,1558.0,402.5454545454545,451.0,127.71328671328672,2181.0,1620.0,284.0,375.0,14251.0
04/10/2004,18.00.00,42.21678321678321,1694.0,416.0,1805.0,400.6363636363636,391.0,127.13986013986013,2523.0,1882.0,260.0,439.0,14562.0
04/10/2004,19.00.00,42.02797202797203,1723.0,447.0,1866.0,398.72727272727275,378.0,126.56643356643357,2612.0,2006.0,243.0,496.0,14860.0
04/10/2004,20.00.00,41.83916083916084,1356.0,213.0,1331.0,396.8181818181818,520.0,125.99300699300699,1925.0,1643.0,233.0,530.0,14939.0
04/10/2004,21.00.00,41.65034965034965,1084.0,100.0,979.0,394.9090909090909,699.0,125.41958041958043,1539.0,1239.0,226.0,551.0,14899.0
04/10/2004,22.00.00,41.46153846153846,1039.0,89.0,936.0,393.0,731.0,124.84615384615384,1499.0,1121.0,212.0,593.0,14787.0
04/10/2004,23.00.00,41.27272727272727,1011.0,74.0,875.0,391.0909090909091,787.0,124.27272727272728,1446.0,1012.0,206.0,609.0,14642.0
05/10/2004,00.00.00,41.08391608391609,968.0,64.0,831.0,389.1818181818182,810.0,123.6993006993007,1425.0,961.0,200.0,631.0,14592.0
05/10/2004,01.00.00,40.89510489510489,867.0,37.0,693.0,387.27272727272725,971.0,123.12587412587413,1335.0,825.0,197.0,634.0,14383.0
05/10/2004,02.00.00,40.70629370629371,820.0,25.0,620.0,385.3636363636364,1081.0,122.55244755244755,1270.0,703.0,208.0,588.0,14305.0
05/10/2004,03.00.00,40.51748251748252,826.0,27.0,631.0,383.45454545454544,1072.0,121.97902097902099,1280.0,752.0,178.0,698.0,14058.0
05/10/2004,04.00.00,40.328671328671334,835.0,25.0,620.0,381.5454545454545,1053.0,121.4055944055944,1260.0,741.0,188.0,653.0,14023.0
05/10/2004,05.00.00,40.13986013986014,887.0,41.0,717.0,379.6363636363636,955.0,120.83216783216784,1334.0,786.0,176.0,695.0,13889.0
05/10/2004,06.00.00,39.95104895104895,990.0,78.0,889.0,377.72727272727275,763.0,120.25874125874125,1450.0,952.0,174.0,697.0,13714.0
05/10/2004,07.00.00,39.76223776223776,1511.0,308.0,1569.0,375.8181818181818,476.0,119.6853146853147,2195.0,1601.0,174.0,701.0,13783.0
05/10/2004,08.00.00,39.57342657342657,1352.0,264.0,1465.0,373.9090909090909,491.0,119.1118881118881,1998.0,1621.0,185.0,655.0,13787.0
05/10/2004,09.00.00,39.38461538461539,1337.0,216.0,1339.0,372.0,525.0,118.53846153846155,1870.0,1622.0,206.0,585.0,14054.0
05/10/2004,10.00.00,39.1958041958042,1435.0,228.0,1373.0,370.0909090909091,513.0,117.96503496503496,1910.0,1759.0,239.0,487.0,14269.0
05/10/2004,11.00.00,39.00699300699301,1377.0,193.0,1276.0,368.1818181818182,539.0,117.3916083916084,1790.0,1666.0,260.0,438.0,14499.0
05/10/2004,12.00.00,38.81818181818182,1562.0,304.0,1559.0,366.27272727272725,453.0,116.81818181818181,2130.0,1918.0,286.0,373.0,14423.0
05/10/2004,13.00.00,38.62937062937063,1358.0,234.0,1389.0,364.3636363636364,516.0,116.24475524475525,1886.0,1525.0,279.0,380.0,14029.0
05/10/2004,14.00.00,38.44055944055944,1301.0,171.0,1212.0,362.45454545454544,575.0,115.67132867132867,1717.0,1332.0,284.0,376.0,14282.0
05/10/2004,15.00.00,38.25174825174825,1255.0,146.0,1136.0,360.5454545454545,611.0,115.09790209790211,1675.0,1183.0,285.0,373.0,14329.0
05/10/2004,16.00.00,38.06293706293707,1410.0,216.0,1340.0,358.6363636363636,533.0,114.52447552447552,1841.0,1414.0,308.0,318.0,13908.0
05/10/2004,17.00.00,37.87412587412587,1578.0,319.0,1595.0,356.72727272727275,459.0,113.95104895104895,2181.0,1680.0,297.0,331.0,13546.0
05/10/2004,18.00.00,37.68531468531469,1700.0,405.0,1782.0,354.8181818181818,401.0,113.37762237762237,2403.0,2004.0,270.0,402.0,14158.0
05/10/2004,19.00.00,37.49650349650349,1778.0,416.0,1805.0,352.9090909090909,380.0,112.8041958041958,2473.0,2094.0,256.0,475.0,15390.0
05/10/2004,20.00.00,37.30769230769231,1539.0,239.0,1402.0,351.0,475.0,112.23076923076923,2018.0,1780.0,239.0,572.0,16774.0
05/10/2004,21.00.00,37.11888111888112,1409.0,203.0,1304.0,349.0909090909091,500.0,111.65734265734265,1829.0,1640.0,227.0,608.0,16582.0
05/10/2004,22.00.00,36.93006993006993,1231.0,128.0,1077.0,347.1818181818182,602.0,111.08391608391608,1580.0,1379.0,218.0,599.0,15492.0
05/10/2004,23.00.00,36.74125874125875,1092.0,87.0,928.0,345.27272727272725,688.0,110.5104895104895,1470.0,1139.0,224.0,583.0,15610.0
06/10/2004,00.00.00,36.55244755244755,1036.0,68.0,850.0,343.3636363636364,760.0,109.93706293706293,1411.0,1001.0,217.0,602.0,15442.0
06/10/2004,01.00.00,36.36363636363636,984.0,53.0,780.0,341.45454545454544,810.0,109.36363636363636,1377.0,910.0,212.0,614.0,15258.0
06/10/2004,02.00.00,36.17482517482517,950.0,46.0,743.0,339.5454545454545,841.0,108.79020979020979,1377.0,895.0,193.0,684.0,15130.0
06/10/2004,03.00.00,35.98601398601399,889.0,32.0,665.0,337.6363636363636,943.0,108.21678321678321,1310.0,805.0,198.0,651.0,14900.0
06/10/2004,04.00.00,35.7972027972028,865.0,28.0,636.0,335.72727272727275,992.0,107.64335664335664,1285.0,761.0,200.0,629.0,14495.0
06/10/2004,05.00.00,35.608391608391614,917.0,36.0,686.0,333.8181818181818,933.0,107.06993006993007,1304.0,805.0,183.0,685.0,14291.0
06/10/2004,06.00.00,35.41958041958042,997.0,62.0,823.0,331.9090909090909,804.0,106.4965034965035,1395.0,894.0,181.0,685.0,14067.0
06/10/2004,07.00.00,35.23076923076923,1433.0,242.0,1409.0,330.0,506.0,105.92307692307692,1972.0,1439.0,176.0,705.0,14057.0
06/10/2004,08.00.00,35.04195804195804,1516.0,320.0,1596.0,328.0909090909091,429.0,105.34965034965035,2183.0,1706.0,183.0,678.0,14091.0
06/10/2004,09.00.00,34.85314685314685,1528.0,258.0,1449.0,326.1818181818182,473.0,104.77622377622377,2039.0,1756.0,204.0,612.0,14470.0
06/10/2004,10.00.00,34.66433566433567,1347.0,162.0,1186.0,324.27272727272725,560.0,104.2027972027972,1713.0,1493.0,225.0,556.0,14990.0
06/10/2004,11.00.00,34.47552447552448,1392.0,177.0,1231.0,322.3636363636364,530.0,103.62937062937063,1771.0,1567.0,257.0,464.0,15070.0
06/10/2004,12.00.00,34.28671328671329,1359.0,165.0,1195.0,320.45454545454544,542.0,103.05594405594405,1784.0,1376.0,268.0,446.0,15467.0
06/10/2004,13.00.00,34.0979020979021,1391.0,183.0,1249.0,318.5454545454545,518.0,102.48251748251748,1845.0,1399.0,260.0,464.0,15414.0
06/10/2004,14.00.00,33.90909090909091,1335.0,146.0,1137.0,316.6363636363636,563.0,101.9090909090909,1729.0,1293.0,263.0,460.0,15478.0
06/10/2004,15.00.00,33.72027972027972,1402.0,171.0,1213.0,314.72727272727275,530.0,101.33566433566433,1789.0,1348.0,274.0,439.0,15811.0
06/10/2004,16.00.00,33.53146853146853,1406.0,172.0,1216.0,312.8181818181818,542.0,100.76223776223776,1772.0,1314.0,296.0,367.0,14936.0
06/10/2004,17.00.00,33.34265734265735,1527.0,246.0,1419.0,310.9090909090909,476.0,100.18881118881119,1966.0,1507.0,287.0,373.0,14486.0
06/10/2004,18.00.00,33.15384615384615,1559.0,269.0,1476.0,309.0,463.0,99.61538461538461,2022.0,1660.0,257.0,441.0,14331.0
06/10/2004,19.00.00,32.96503496503497,1840.0,440.0,1852.0,307.0909090909091,360.0,99.04195804195804,2553.0,2143.0,245.0,495.0,15022.0
06/10/2004,20.00.00,32.77622377622377,1666.0,310.0,1573.0,305.18181818181813,427.0,98.46853146853147,2195.0,1968.0,233.0,544.0,15386.0
06/10/2004,21.00.00,32.58741258741259,1336.0,168.0,1204.0,303.27272727272725,542.0,97.8951048951049,1759.0,1490.0,224.0,579.0,15449.0
06/10/2004,22.00.00,32.3986013986014,1189.0,110.0,1014.0,301.3636363636364,641.0,97.32167832167832,1553.0,1249.0,227.0,558.0,15218.0
06/10/2004,23.00.00,32.209790209790214,1226.0,114.0,1029.0,299.45454545454544,620.0,96.74825174825175,1570.0,1265.0,204.0,624.0,14758.0
07/10/2004,00.00.00,32.02097902097903,1171.0,99.0,972.0,297.5454545454545,650.0,96.17482517482517,1529.0,1181.0,203.0,642.0,15063.0
07/10/2004,01.00.00,31.832167832167833,1002.0,50.0,762.0,295.6363636363636,814.0,95.6013986013986,1385.0,954.0,214.0,606.0,15236.0
07/10/2004,02.00.00,31.643356643356643,950.0,37.0,696.0,293.72727272727275,894.0,95.02797202797203,1375.0,875.0,203.0,663.0,15657.0
07/10/2004,03.00.00,31.454545454545457,930.0,31.0,660.0,291.8181818181818,925.0,94.45454545454545,1321.0,838.0,209.0,622.0,15182.0
07/10/2004,04.00.00,31.265734265734267,924.0,29.0,643.0,289.9090909090909,948.0,93.88111888111888,1329.0,825.0,199.0,661.0,15198.0
07/10/2004,05.00.00,31.076923076923077,994.0,44.0,732.0,288.0,852.0,93.3076923076923,1400.0,882.0,198.0,671.0,15305.0
07/10/2004,06.00.00,30.88811188811189,1089.0,74.0,873.0,286.0909090909091,741.0,92.73426573426573,1479.0,990.0,201.0,644.0,14967.0
07/10/2004,07.00.00,30.6993006993007,1468.0,194.0,1280.0,284.18181818181813,518.0,92.16083916083916,1899.0,1423.0,197.0,664.0,15035.0
07/10/2004,08.00.00,30.510489510489514,1696.0,371.0,1711.0,282.27272727272725,383.0,91.58741258741259,2464.0,1823.0,209.0,624.0,15226.0
07/10/2004,09.00.00,30.321678321678323,1479.0,222.0,1357.0,280.3636363636364,491.0,91.01398601398601,1937.0,1581.0,225.0,570.0,15314.0
07/10/2004,10.00.00,30.132867132867133,1425.0,185.0,1255.0,278.45454545454544,516.0,90.44055944055944,1864.0,1500.0,235.0,534.0,15241.0
07/10/2004,11.00.00,29.944055944055947,1279.0,140.0,1116.0,276.54545454545456,587.0,89.86713286713287,1668.0,1268.0,247.0,482.0,14802.0
07/10/2004,12.00.00,29.755244755244757,1319.0,155.0,1165.0,274.6363636363636,571.0,89.2937062937063,1743.0,1230.0,271.0,409.0,14405.0
07/10/2004,13.00.00,29.566433566433567,1329.0,157.0,1172.0,272.7272727272727,561.0,88.72027972027972,1739.0,1204.0,259.0,442.0,14576.0
07/10/2004,14.00.00,29.37762237762238,1327.0,157.0,1172.0,270.8181818181818,566.0,88.14685314685315,1747.0,1205.0,269.0,418.0,14555.0
07/10/2004,15.00.00,29.18881118881119,1282.0,127.0,1075.0,268.9090909090909,605.0,87.57342657342657,1651.0,1103.0,272.0,407.0,14481.0
07/10/2004,16.00.00,29.0,1342.0,153.0,1157.0,267.0,572.0,87.0,1707.0,1195.0,286.0,376.0,14468.0
07/10/2004,17.00.00,54.0,1623.0,288.0,1522.0,398.0,447.0,111.0,2110.0,1618.0,280.0,385.0,14370.0
07/10/2004,18.00.00,53.0,1576.0,261.0,1458.0,418.0,463.0,119.0,2024.0,1637.0,252.0,458.0,14464.0
07/10/2004,19.00.00,67.0,1747.0,371.0,1709.0,515.0,399.0,128.0,2370.0,1876.0,240.0,506.0,14892.0
07/10/2004,20.00.00,7.0,1757.0,357.0,1680.0,669.0,396.0,117.0,2280.0,1959.0,232.0,547.0,15296.0
07/10/2004,21.00.00,28.0,1331.0,165.0,1194.0,326.0,559.0,92.0,1715.0,1477.0,223.0,571.0,15219.0
07/10/2004,22.00.00,17.0,1182.0,110.0,1016.0,209.0,658.0,73.0,1572.0,1210.0,218.0,582.0,15036.0
07/10/2004,23.00.00,17.0,1162.0,108.0,1008.0,183.0,658.0,60.0,1556.0,1160.0,209.0,613.0,14923.0
08/10/2004,00.00.00,17.0,1147.0,96.0,964.0,165.0,668.0,60.0,1517.0,1116.0,206.0,620.0,14827.0
08/10/2004,01.00.00,12.0,1040.0,65.0,836.0,111.0,762.0,53.0,1423.0,974.0,203.0,625.0,14720.0
08/10/2004,02.00.00,7.0,920.0,36.0,688.0,67.0,920.0,47.0,1317.0,820.0,205.0,621.0,14771.0
08/10/2004,03.00.00,7.0,931.0,33.0,670.0,77.5,931.0,45.0,1326.0,792.0,187.0,685.0,14586.0
08/10/2004,04.00.00,8.0,954.0,44.0,731.0,88.0,865.0,43.0,1360.0,839.0,182.0,703.0,14498.0
08/10/2004,05.00.00,9.0,981.0,55.0,790.0,147.0,817.0,47.0,1390.0,898.0,182.0,701.0,14552.0
08/10/2004,06.00.00,17.0,1147.0,108.0,1009.0,279.0,653.0,50.0,1589.0,1096.0,182.0,700.0,14519.0
08/10/2004,07.00.00,57.0,1606.0,312.0,1578.0,665.0,440.0,81.0,2205.0,1786.0,194.0,665.0,14801.0
08/10/2004,08.00.00,43.0,1490.0,248.0,1424.0,592.0,465.0,75.0,2033.0,1604.0,195.0,669.0,14999.0
08/10/2004,09.00.00,39.0,1473.0,242.0,1409.0,557.0,483.0,87.0,1984.0,1637.0,211.0,611.0,15056.0
08/10/2004,10.00.00,51.0,1582.0,295.0,1539.0,693.0,435.0,128.0,2141.0,1827.0,232.0,547.0,15349.0
08/10/2004,11.00.00,37.0,1468.0,210.0,1323.0,530.0,496.0,105.0,1913.0,1641.0,244.0,525.0,15807.0
08/10/2004,12.00.00,33.0,1413.0,196.0,1285.0,412.0,518.0,101.0,1883.0,1505.0,264.0,458.0,15530.0
08/10/2004,13.00.00,36.0,1400.0,212.0,1331.0,366.0,520.0,100.0,1916.0,1465.0,277.0,392.0,14356.0
08/10/2004,14.00.00,32.0,1361.0,180.0,1238.0,344.0,548.0,98.0,1805.0,1368.0,280.0,396.0,14738.0
08/10/2004,15.00.00,35.0,1389.0,205.0,1311.0,339.0,525.0,98.0,1845.0,1748.0,287.0,384.0,14860.0
08/10/2004,16.00.00,24.0,1305.0,156.0,1167.0,297.0,586.0,98.0,1690.0,1301.0,285.0,394.0,15147.0
08/10/2004,17.00.00,29.0,1354.0,192.0,1275.0,294.0,543.0,90.0,1799.0,1338.0,284.0,398.0,15191.0
08/10/2004,18.00.00,23.0,1352.0,200.0,1296.0,211.0,534.0,84.0,1846.0,1337.0,264.0,459.0,15572.0
08/10/2004,19.00.00,31.0,1472.0,211.0,1327.0,323.0,497.0,101.0,1895.0,1516.0,252.0,495.0,15665.0
08/10/2004,20.00.00,29.0,1412.0,186.0,1256.0,333.0,525.0,98.0,1797.0,1435.0,249.0,509.0,15856.0
08/10/2004,21.00.00,15.0,1221.0,123.0,1061.0,163.0,619.0,76.0,1615.0,1178.0,246.0,522.0,15951.0
08/10/2004,22.00.00,15.0,1230.0,103.0,990.0,151.0,652.0,71.0,1559.0,1111.0,240.0,544.0,16049.0
08/10/2004,23.00.00,17.0,1247.0,96.0,961.0,167.0,666.0,71.0,1569.0,1112.0,238.0,561.0,16298.0
09/10/2004,00.00.00,16.0,1217.0,99.0,975.0,174.0,665.0,66.0,1565.0,1109.0,223.0,606.0,16080.0
09/10/2004,01.00.00,13.0,1158.0,86.0,923.0,142.0,673.0,62.0,1519.0,1072.0,219.0,615.0,15967.0
09/10/2004,02.00.00,14.0,1150.0,73.0,871.0,155.0,697.0,58.0,1502.0,1030.0,211.0,645.0,15940.0
09/10/2004,03.00.00,9.0,1061.0,54.0,785.0,125.5,766.0,53.0,1447.0,935.0,210.0,644.0,15828.0
09/10/2004,04.00.00,9.0,1062.0,51.0,770.0,96.0,780.0,48.0,1450.0,922.0,213.0,639.0,15951.0
09/10/2004,05.00.00,13.0,1157.0,78.0,890.0,154.0,681.0,53.0,1549.0,1054.0,208.0,667.0,16201.0
09/10/2004,06.00.00,13.0,1167.0,82.0,907.0,211.0,681.0,55.0,1548.0,1082.0,206.0,675.0,16210.0
09/10/2004,07.00.00,29.0,1403.0,176.0,1229.0,381.0,523.0,63.0,1872.0,1365.0,209.0,663.0,16165.0
09/10/2004,08.00.00,32.0,1453.0,201.0,1298.0,470.0,489.0,69.0,1940.0,1497.0,215.0,637.0,16186.0
09/10/2004,09.00.00,34.0,1455.0,187.0,1260.0,464.0,502.0,84.0,1868.0,1540.0,237.0,560.0,16238.0
09/10/2004,10.00.00,36.0,1512.0,195.0,1282.0,450.0,498.0,95.0,1899.0,1554.0,260.0,482.0,15980.0
09/10/2004,11.00.00,23.0,1331.0,130.0,1082.0,274.0,588.0,80.0,1689.0,1252.0,285.0,424.0,16286.0
09/10/2004,12.00.00,31.0,1472.0,182.0,1246.0,306.0,512.0,87.0,1873.0,1455.0,281.0,453.0,16957.0
09/10/2004,13.00.00,33.0,1430.0,162.0,1187.0,308.0,539.0,94.0,1812.0,1339.0,290.0,439.0,17309.0
09/10/2004,14.00.00,19.0,1264.0,110.0,1016.0,186.0,624.0,76.0,1650.0,1062.0,289.0,443.0,17392.0
09/10/2004,15.00.00,26.0,1378.0,159.0,1177.0,238.0,548.0,92.0,1775.0,1266.0,296.0,423.0,17248.0
09/10/2004,16.00.00,27.0,1377.0,142.0,1123.0,249.0,578.0,94.0,1716.0,1223.0,294.0,429.0,17308.0
09/10/2004,17.00.00,37.0,1527.0,199.0,1293.0,378.0,502.0,110.0,1907.0,1469.0,287.0,451.0,17468.0
09/10/2004,18.00.00,38.0,1573.0,217.0,1343.0,386.0,470.0,109.0,1990.0,1553.0,270.0,512.0,17928.0
09/10/2004,19.00.00,48.0,1674.0,257.0,1447.0,461.0,448.0,122.0,2065.0,1689.0,265.0,527.0,17966.0
09/10/2004,20.00.00,35.0,1455.0,173.0,1218.0,394.0,535.0,107.0,1796.0,1387.0,262.0,517.0,17334.0
09/10/2004,21.00.00,22.0,1242.0,112.0,1022.0,266.0,630.0,83.0,1641.0,1139.0,248.0,564.0,17447.0
09/10/2004,22.00.00,15.0,1181.0,89.0,935.0,158.0,701.0,62.0,1565.0,960.0,249.0,560.0,17367.0
09/10/2004,23.00.00,34.0,1468.0,152.0,1155.0,319.0,565.0,89.0,1738.0,1293.0,245.0,575.0,17433.0
10/10/2004,00.00.00,37.0,1520.0,172.0,1217.0,409.0,552.0,103.0,1812.0,1357.0,247.0,569.0,17438.0
10/10/2004,01.00.00,2.0,1203.0,119.0,1046.0,223.0,621.0,74.0,1664.0,1103.0,239.0,592.0,17327.0
10/10/2004,02.00.00,14.0,1096.0,81.0,903.0,107.0,732.0,52.0,1560.0,857.0,238.0,602.0,17515.0
10/10/2004,03.00.00,11.0,991.0,49.0,759.0,78.5,845.0,45.0,1440.0,658.0,235.0,613.0,17538.0
10/10/2004,04.00.00,9.0,941.0,36.0,686.0,50.0,942.0,38.0,1406.0,549.0,228.0,640.0,17507.0
10/10/2004,05.00.00,7.0,952.0,37.0,695.0,56.0,910.0,39.0,1429.0,627.0,222.0,656.0,17355.0
10/10/2004,06.00.00,12.0,1082.0,63.0,825.0,163.0,753.0,59.0,1526.0,930.0,213.0,691.0,17275.0
10/10/2004,07.00.00,13.0,1095.0,77.0,886.0,187.0,705.0,56.0,1574.0,1001.0,213.0,682.0,17127.0
10/10/2004,08.00.00,11.0,1049.0,63.0,826.0,150.0,765.0,51.0,1521.0,917.0,222.0,652.0,17256.0
10/10/2004,09.00.00,1.0,1055.0,56.0,795.0,103.0,807.0,51.0,1494.0,834.0,241.0,590.0,17449.0
10/10/2004,10.00.00,12.0,1074.0,51.0,767.0,143.0,814.0,58.0,1489.0,796.0,243.0,616.0,18468.0
10/10/2004,11.00.00,19.0,1229.0,90.0,941.0,220.0,680.0,68.0,1653.0,1040.0,248.0,596.0,18351.0
10/10/2004,12.00.00,23.0,1228.0,93.0,952.0,301.0,668.0,81.0,1622.0,1110.0,245.0,588.0,17838.0
10/10/2004,13.00.00,16.0,1107.0,59.0,807.0,214.0,768.0,73.0,1546.0,836.0,210.0,768.0,18881.0
10/10/2004,14.00.00,13.0,1031.0,44.0,732.0,162.0,872.0,69.0,1476.0,704.0,198.0,780.0,17879.0
10/10/2004,15.00.00,18.0,1155.0,58.0,804.0,232.0,815.0,81.0,1510.0,773.0,194.0,805.0,17917.0
10/10/2004,16.00.00,17.0,1131.0,66.0,841.0,254.0,784.0,82.0,1531.0,811.0,196.0,791.0,17877.0
10/10/2004,17.00.00,18.0,1143.0,78.0,890.0,224.0,744.0,71.0,1578.0,848.0,208.0,731.0,17695.0
10/10/2004,18.00.00,2.0,1145.0,84.0,915.0,247.0,733.0,81.0,1586.0,892.0,211.0,686.0,17014.0
10/10/2004,19.00.00,22.0,1169.0,83.0,910.0,334.0,726.0,87.0,1563.0,992.0,211.0,683.0,16914.0
10/10/2004,20.00.00,16.0,1105.0,81.0,905.0,239.0,734.0,72.0,1576.0,950.0,212.0,677.0,16848.0
10/10/2004,21.00.00,13.0,1049.0,61.0,817.0,168.0,806.0,63.0,1517.0,882.0,208.0,686.0,16719.0
10/10/2004,22.00.00,15.0,1069.0,67.0,844.0,185.0,767.0,63.0,1527.0,883.0,208.0,681.0,16585.0
10/10/2004,23.00.00,15.0,1073.0,66.0,838.0,178.0,768.0,63.0,1549.0,892.0,207.0,684.0,16507.0
11/10/2004,00.00.00,13.0,1039.0,61.0,817.0,132.0,799.0,55.0,1502.0,836.0,201.0,705.0,16384.0
11/10/2004,01.00.00,14.0,1021.0,60.0,811.0,135.0,794.0,52.0,1502.0,837.0,202.0,679.0,15901.0
11/10/2004,02.00.00,5.0,825.0,14.0,536.0,39.0,1203.0,32.0,1302.0,498.0,194.0,704.0,15663.0
11/10/2004,03.00.00,4.0,828.0,17.0,558.0,36.0,1166.0,30.5,1304.0,494.0,188.0,738.0,15885.0
11/10/2004,04.00.00,4.0,847.0,19.0,576.0,33.0,1139.0,29.0,1321.0,507.0,179.0,777.0,15795.0
11/10/2004,05.00.00,6.0,903.0,34.0,679.0,90.0,956.0,44.0,1385.0,660.0,182.0,769.0,15945.0
11/10/2004,06.00.00,11.0,1041.0,72.0,865.0,164.0,757.0,53.0,1486.0,902.0,186.0,749.0,15918.0
11/10/2004,07.00.00,29.0,1314.0,190.0,1267.0,336.0,559.0,62.0,1888.0,1240.0,196.0,703.0,15821.0
11/10/2004,08.00.00,35.0,1326.0,245.0,1416.0,366.0,499.0,68.0,1971.0,1395.0,202.0,666.0,15567.0
11/10/2004,09.00.00,46.0,1464.0,256.0,1444.0,565.0,475.0,85.0,2049.0,1625.0,197.0,689.0,15638.0
11/10/2004,10.00.00,34.0,1313.0,171.0,1213.0,536.0,564.0,88.0,1789.0,1359.0,192.0,734.0,16192.0
11/10/2004,11.00.00,23.0,1202.0,123.0,1058.0,416.0,647.0,82.0,1623.0,1152.0,200.0,696.0,16070.0
11/10/2004,12.00.00,27.0,1225.0,152.0,1155.0,379.0,607.0,91.0,1738.0,1159.0,211.0,640.0,15795.0
11/10/2004,13.00.00,31.0,1257.0,183.0,1248.0,368.0,557.0,87.0,1837.0,1179.0,202.0,674.0,15832.0
11/10/2004,14.00.00,32.0,1271.0,172.0,1217.0,444.0,566.0,90.0,1810.0,1227.0,202.0,689.0,16074.0
11/10/2004,15.00.00,25.0,1179.0,141.0,1120.0,352.0,634.0,97.0,1667.0,1119.0,219.0,576.0,14942.0
11/10/2004,16.00.00,34.0,1278.0,183.0,1248.0,375.0,574.0,99.0,1814.0,1243.0,232.0,520.0,14642.0
11/10/2004,17.00.00,48.0,1435.0,250.0,1429.0,479.0,499.0,109.0,2072.0,1449.0,217.0,591.0,15115.0
11/10/2004,18.00.00,45.0,1326.0,222.0,1356.0,448.0,525.0,95.0,1966.0,1405.0,208.0,614.0,14898.0
11/10/2004,19.00.00,4.0,1324.0,214.0,1335.0,388.0,537.0,80.0,1920.0,1444.0,199.0,642.0,14711.0
11/10/2004,20.00.00,32.0,1206.0,162.0,1185.0,376.0,592.0,76.0,1751.0,1386.0,197.0,651.0,14769.0
11/10/2004,21.00.00,19.0,1052.0,103.0,987.0,224.0,700.0,62.0,1556.0,1102.0,200.0,633.0,14672.0
11/10/2004,22.00.00,19.0,1057.0,89.0,934.0,206.0,743.0,57.0,1525.0,1041.0,190.0,661.0,14415.0
11/10/2004,23.00.00,13.0,952.0,65.0,833.0,143.0,846.0,57.0,1381.0,881.0,188.0,609.0,13032.0
12/10/2004,00.00.00,11.0,911.0,51.0,769.0,113.0,919.0,54.0,1340.0,791.0,189.0,607.0,13110.0
12/10/2004,01.00.00,1.0,898.0,46.0,742.0,93.0,915.0,50.0,1345.0,796.0,181.0,652.0,13430.0
12/10/2004,02.00.00,5.0,809.0,21.0,593.0,58.0,1134.0,44.0,1277.0,647.0,183.0,651.0,13529.0
12/10/2004,03.00.00,6.0,823.0,24.0,616.0,57.0,1072.0,39.0,1300.0,716.0,183.0,669.0,13952.0
12/10/2004,04.00.00,5.0,814.0,32.0,666.0,56.0,1029.0,34.0,1311.0,719.0,178.0,675.0,13674.0
12/10/2004,05.00.00,8.0,857.0,39.0,705.0,105.0,982.0,44.0,1312.0,733.0,169.0,667.0,12772.0
12/10/2004,06.00.00,12.0,935.0,60.0,810.0,243.0,881.0,74.0,1356.0,835.0,178.0,606.0,12276.0
12/10/2004,07.00.00,27.0,1159.0,138.0,1110.0,492.0,671.0,101.0,1650.0,1094.0,176.0,608.0,12151.0
12/10/2004,08.00.00,3.0,1102.0,148.0,1141.0,435.0,648.0,103.0,1594.0,1114.0,179.0,578.0,11751.0
12/10/2004,09.00.00,3.48,979.0,84.0,917.0,429.04,795.0,102.0,1398.0,903.0,181.0,564.0,11645.0
12/10/2004,10.00.00,3.96,998.0,90.0,941.0,423.08,785.0,101.0,1442.0,914.0,182.0,559.0,11547.0
12/10/2004,11.00.00,4.4399999999999995,962.0,83.0,911.0,417.12,793.0,100.0,1380.0,872.0,197.0,491.0,11148.0
12/10/2004,12.00.00,4.92,985.0,95.0,957.0,411.16,773.0,99.0,1426.0,860.0,208.0,458.0,11126.0
12/10/2004,13.00.00,5.4,1043.0,121.0,1053.0,405.2,707.0,98.0,1514.0,959.0,205.0,460.0,11000.0
12/10/2004,14.00.00,5.88,929.0,74.0,875.0,399.24,826.0,97.0,1365.0,814.0,189.0,506.0,10927.0
12/10/2004,15.00.00,6.359999999999999,946.0,80.0,898.0,393.28,816.0,96.0,1377.0,827.0,184.0,516.0,10832.0
12/10/2004,16.00.00,6.84,955.0,79.0,894.0,387.32,818.0,95.0,1366.0,804.0,179.0,526.0,10711.0
12/10/2004,17.00.00,7.32,1004.0,109.0,1012.0,381.36,730.0,94.0,1460.0,906.0,171.0,542.0,10503.0
12/10/2004,18.00.00,7.8,1037.0,121.0,1053.0,375.4,708.0,93.0,1480.0,958.0,165.0,562.0,10455.0
12/10/2004,19.00.00,8.28,1066.0,147.0,1140.0,369.44,670.0,92.0,1577.0,1032.0,167.0,541.0,10212.0
12/10/2004,20.00.00,8.76,890.0,60.0,813.0,363.48,898.0,91.0,1274.0,772.0,154.0,577.0,10008.0
12/10/2004,21.00.00,9.24,843.0,43.0,729.0,357.52,990.0,90.0,1219.0,618.0,155.0,571.0,9971.0
12/10/2004,22.00.00,9.719999999999999,834.0,41.0,716.0,351.56,997.0,89.0,1205.0,614.0,156.0,559.0,9850.0
12/10/2004,23.00.00,10.2,809.0,31.0,659.0,345.6,1074.0,88.0,1161.0,550.0,148.0,584.0,9777.0
13/10/2004,00.00.00,10.68,786.0,22.0,600.0,339.64,1164.0,87.0,1132.0,511.0,148.0,579.0,9662.0
13/10/2004,01.00.00,11.16,747.0,15.0,543.0,333.68,1276.0,86.0,1100.0,469.0,146.0,576.0,9517.0
13/10/2004,02.00.00,11.64,723.0,9.0,485.0,327.72,1419.0,85.0,1065.0,425.0,146.0,571.0,9428.0
13/10/2004,03.00.00,12.12,704.0,5.0,444.0,321.76,1558.0,84.0,1050.0,394.0,144.0,576.0,9416.0
13/10/2004,04.00.00,12.6,709.0,6.0,449.0,315.8,1590.0,83.0,1055.0,392.0,145.0,574.0,9413.0
13/10/2004,05.00.00,13.08,726.0,7.0,466.0,309.84000000000003,1485.0,82.0,1066.0,408.0,143.0,584.0,9501.0
13/10/2004,06.00.00,13.559999999999999,798.0,22.0,599.0,303.88,1205.0,81.0,1141.0,517.0,147.0,574.0,9564.0
13/10/2004,07.00.00,14.04,925.0,58.0,800.0,297.91999999999996,908.0,80.0,1272.0,750.0,143.0,581.0,9404.0
13/10/2004,08.00.00,14.52,906.0,59.0,809.0,291.96000000000004,878.0,79.0,1272.0,787.0,140.0,583.0,9294.0
13/10/2004,09.00.00,15.0,896.0,59.0,809.0,286.0,882.0,78.0,1257.0,788.0,154.0,532.0,9246.0
13/10/2004,10.00.00,12.0,882.0,53.0,776.0,281.0,932.0,72.0,1222.0,760.0,165.0,499.0,9289.0
13/10/2004,11.00.00,12.201149425287356,948.0,69.0,853.0,283.132183908046,859.0,72.54597701149426,1283.0,839.0,174.0,476.0,9387.0
13/10/2004,12.00.00,12.402298850574713,945.0,77.0,886.0,285.264367816092,818.0,73.0919540229885,1307.0,827.0,180.0,461.0,9401.0
13/10/2004,13.00.00,12.60344827586207,942.0,73.0,871.0,287.3965517241379,832.0,73.63793103448276,1314.0,765.0,179.0,465.0,9474.0
13/10/2004,14.00.00,12.804597701149426,943.0,72.0,864.0,289.5287356321839,831.0,74.183908045977,1297.0,814.0,174.0,483.0,9550.0
13/10/2004,15.00.00,13.005747126436782,894.0,60.0,810.0,291.6609195402299,892.0,74.72988505747126,1258.0,737.0,160.0,526.0,9489.0
13/10/2004,16.00.00,13.206896551724139,984.0,83.0,910.0,293.7931034482759,795.0,75.27586206896552,1348.0,875.0,153.0,587.0,10154.0
13/10/2004,17.00.00,13.408045977011493,1044.0,112.0,1022.0,295.92528735632186,726.0,75.82183908045977,1454.0,983.0,152.0,559.0,9572.0
13/10/2004,18.00.00,13.60919540229885,981.0,101.0,983.0,298.0574712643678,759.0,76.36781609195403,1370.0,942.0,148.0,563.0,9459.0
13/10/2004,19.00.00,13.810344827586206,1021.0,106.0,1001.0,300.1896551724138,731.0,76.91379310344827,1415.0,971.0,147.0,578.0,9626.0
13/10/2004,20.00.00,14.011494252873563,943.0,72.0,867.0,302.32183908045977,834.0,77.45977011494253,1314.0,891.0,148.0,573.0,9603.0
13/10/2004,21.00.00,14.21264367816092,863.0,44.0,732.0,304.45402298850576,970.0,78.00574712643679,1207.0,724.0,149.0,571.0,9581.0
13/10/2004,22.00.00,14.413793103448276,847.0,38.0,698.0,306.58620689655174,1013.0,78.55172413793103,1174.0,719.0,152.0,555.0,9521.0
13/10/2004,23.00.00,14.614942528735632,859.0,38.0,698.0,308.7183908045977,1015.0,79.09770114942529,1189.0,705.0,153.0,554.0,9564.0
14/10/2004,00.00.00,14.816091954022989,861.0,40.0,712.0,310.85057471264366,1004.0,79.64367816091954,1197.0,718.0,151.0,569.0,9673.0
14/10/2004,01.00.00,15.017241379310345,786.0,22.0,602.0,312.98275862068965,1146.0,80.1896551724138,1123.0,584.0,150.0,564.0,9554.0
14/10/2004,02.00.00,15.218390804597702,740.0,11.0,506.0,315.11494252873564,1333.0,80.73563218390805,1074.0,469.0,149.0,564.0,9474.0
14/10/2004,03.00.00,15.419540229885058,730.0,8.0,483.0,317.2471264367816,1434.0,81.2816091954023,1065.0,438.0,152.0,547.0,9394.0
14/10/2004,04.00.00,15.620689655172413,728.0,8.0,475.0,319.37931034482756,1436.0,81.82758620689656,1061.0,432.0,151.0,554.0,9439.0
14/10/2004,05.00.00,15.821839080459771,755.0,12.0,517.0,321.51149425287355,1325.0,82.3735632183908,1091.0,487.0,149.0,568.0,9541.0
14/10/2004,06.00.00,16.022988505747126,854.0,32.0,663.0,323.64367816091954,1080.0,82.91954022988506,1189.0,655.0,152.0,559.0,9589.0
14/10/2004,07.00.00,16.224137931034484,1079.0,102.0,985.0,325.7758620689655,758.0,83.46551724137932,1465.0,1009.0,153.0,563.0,9684.0
14/10/2004,08.00.00,16.42528735632184,1097.0,136.0,1103.0,327.9080459770115,659.0,84.01149425287356,1520.0,1113.0,156.0,554.0,9725.0
14/10/2004,09.00.00,16.626436781609193,1024.0,99.0,976.0,330.04022988505744,747.0,84.55747126436782,1386.0,1030.0,163.0,533.0,9809.0
14/10/2004,10.00.00,16.82758620689655,990.0,91.0,942.0,332.17241379310343,776.0,85.10344827586206,1359.0,986.0,204.0,422.0,9964.0
14/10/2004,11.00.00,17.02873563218391,1013.0,80.0,901.0,334.3045977011494,788.0,85.64942528735632,1369.0,975.0,219.0,394.0,10234.0
14/10/2004,12.00.00,17.229885057471265,1051.0,97.0,968.0,336.4367816091954,746.0,86.19540229885058,1442.0,984.0,215.0,412.0,10399.0
14/10/2004,13.00.00,17.43103448275862,1052.0,97.0,966.0,338.5689655172414,726.0,86.74137931034483,1446.0,982.0,222.0,414.0,10970.0
14/10/2004,14.00.00,17.632183908045977,1141.0,120.0,1049.0,340.7011494252873,675.0,87.28735632183908,1530.0,1117.0,210.0,468.0,11508.0
14/10/2004,15.00.00,17.833333333333332,1130.0,113.0,1024.0,342.8333333333333,679.0,87.83333333333334,1537.0,1177.0,219.0,449.0,11635.0
14/10/2004,16.00.00,18.03448275862069,1099.0,104.0,993.0,344.9655172413793,711.0,88.37931034482759,1507.0,1129.0,215.0,467.0,11837.0
14/10/2004,17.00.00,18.235632183908045,1182.0,124.0,1064.0,347.0977011494253,653.0,88.92528735632185,1616.0,1217.0,197.0,566.0,12811.0
14/10/2004,18.00.00,18.436781609195403,1211.0,146.0,1135.0,349.2298850574713,615.0,89.47126436781609,1682.0,1234.0,188.0,608.0,13036.0
14/10/2004,19.00.00,18.637931034482758,1340.0,210.0,1324.0,351.3620689655172,537.0,90.01724137931035,1907.0,1412.0,193.0,596.0,13195.0
14/10/2004,20.00.00,18.839080459770116,1299.0,179.0,1237.0,353.4942528735632,553.0,90.5632183908046,1804.0,1350.0,176.0,692.0,13803.0
14/10/2004,21.00.00,19.04022988505747,1046.0,73.0,872.0,355.6264367816092,769.0,91.10919540229885,1479.0,968.0,164.0,771.0,14243.0
14/10/2004,22.00.00,19.241379310344826,949.0,48.0,754.0,357.7586206896552,884.0,91.65517241379311,1393.0,759.0,166.0,773.0,14491.0
14/10/2004,23.00.00,19.442528735632184,966.0,48.0,756.0,359.89080459770116,908.0,92.20114942528735,1363.0,741.0,159.0,781.0,14039.0
15/10/2004,00.00.00,19.643678160919542,1062.0,77.0,887.0,362.0229885057471,770.0,92.74712643678161,1473.0,866.0,151.0,823.0,14009.0
15/10/2004,01.00.00,19.844827586206897,934.0,43.0,730.0,364.15517241379314,906.0,93.29310344827587,1345.0,757.0,148.0,838.0,14005.0
15/10/2004,02.00.00,20.04597701149425,862.0,30.0,649.0,366.28735632183907,1046.0,93.83908045977012,1289.0,675.0,144.0,846.0,13794.0
15/10/2004,03.00.00,20.24712643678161,823.0,21.0,590.0,368.41954022988506,1125.0,94.38505747126437,1241.0,624.0,158.0,776.0,13792.0
15/10/2004,04.00.00,20.448275862068968,839.0,23.0,604.0,370.55172413793105,1097.0,94.93103448275862,1259.0,605.0,152.0,794.0,13605.0
15/10/2004,05.00.00,20.649425287356323,879.0,35.0,681.0,372.683908045977,992.0,95.47701149425288,1312.0,703.0,148.0,819.0,13735.0
15/10/2004,06.00.00,20.850574712643677,1095.0,100.0,977.0,374.816091954023,725.0,96.02298850574712,1562.0,998.0,146.0,829.0,13706.0
15/10/2004,07.00.00,21.051724137931032,1359.0,205.0,1311.0,376.94827586206895,544.0,96.56896551724138,1878.0,1311.0,148.0,804.0,13428.0
15/10/2004,08.00.00,21.25287356321839,1354.0,222.0,1358.0,379.08045977011494,519.0,97.11494252873564,1942.0,1403.0,156.0,771.0,13527.0
15/10/2004,09.00.00,21.45402298850575,1420.0,241.0,1405.0,381.21264367816093,501.0,97.66091954022988,1941.0,1573.0,173.0,709.0,13876.0
15/10/2004,10.00.00,21.655172413793103,1265.0,174.0,1221.0,383.34482758620686,578.0,98.20689655172414,1760.0,1354.0,222.0,513.0,13543.0
15/10/2004,11.00.00,21.856321839080458,1146.0,142.0,1122.0,385.4770114942529,639.0,98.7528735632184,1659.0,1131.0,244.0,439.0,13184.0
15/10/2004,12.00.00,22.057471264367816,1150.0,150.0,1149.0,387.60919540229884,620.0,99.29885057471265,1676.0,1113.0,227.0,476.0,12989.0
15/10/2004,13.00.00,22.258620689655174,1282.0,183.0,1247.0,389.7413793103448,560.0,99.8448275862069,1861.0,1258.0,205.0,615.0,14673.0
15/10/2004,14.00.00,22.45977011494253,1067.0,130.0,1085.0,391.8735632183908,684.0,100.39080459770115,1548.0,985.0,233.0,404.0,11421.0
15/10/2004,15.00.00,22.660919540229884,1185.0,181.0,1243.0,394.0057471264368,603.0,100.9367816091954,1689.0,1197.0,232.0,399.0,11172.0
15/10/2004,16.00.00,22.862068965517242,1312.0,231.0,1381.0,396.1379310344828,540.0,101.48275862068965,1881.0,1402.0,215.0,445.0,11290.0
15/10/2004,17.00.00,23.0632183908046,1319.0,249.0,1426.0,398.2701149425287,509.0,102.02873563218391,1938.0,1491.0,209.0,485.0,11878.0
15/10/2004,18.00.00,23.264367816091955,1255.0,217.0,1342.0,400.4022988505747,539.0,102.57471264367817,1875.0,1396.0,198.0,531.0,12160.0
15/10/2004,19.00.00,23.46551724137931,1123.0,141.0,1119.0,402.5344827586207,648.0,103.12068965517241,1593.0,1198.0,201.0,536.0,12477.0
15/10/2004,20.00.00,23.666666666666664,1126.0,119.0,1045.0,404.6666666666667,689.0,103.66666666666667,1523.0,1166.0,196.0,560.0,12623.0
15/10/2004,21.00.00,23.867816091954023,924.0,51.0,766.0,406.7988505747127,902.0,104.21264367816093,1357.0,752.0,186.0,604.0,12817.0
15/10/2004,22.00.00,24.06896551724138,982.0,68.0,849.0,408.9310344827586,853.0,104.75862068965517,1390.0,717.0,145.0,783.0,12880.0
15/10/2004,23.00.00,24.270114942528735,936.0,48.0,756.0,411.0632183908046,939.0,105.30459770114942,1311.0,693.0,163.0,705.0,12921.0
16/10/2004,00.00.00,24.47126436781609,1069.0,72.0,865.0,413.1954022988506,825.0,105.85057471264369,1394.0,816.0,141.0,838.0,13460.0
16/10/2004,01.00.00,24.67241379310345,967.0,54.0,785.0,415.3275862068965,879.0,106.39655172413794,1326.0,766.0,145.0,813.0,13399.0
16/10/2004,02.00.00,24.873563218390807,869.0,30.0,649.0,417.45977011494256,1033.0,106.94252873563218,1249.0,631.0,147.0,807.0,13414.0
16/10/2004,03.00.00,25.07471264367816,916.0,37.0,692.0,419.5919540229885,986.0,107.48850574712644,1287.0,683.0,145.0,821.0,13493.0
16/10/2004,04.00.00,25.275862068965516,886.0,36.0,686.0,421.7241379310345,970.0,108.0344827586207,1278.0,654.0,150.0,784.0,13333.0
16/10/2004,05.00.00,25.477011494252874,926.0,47.0,747.0,423.85632183908046,902.0,108.58045977011494,1325.0,759.0,145.0,805.0,13221.0
16/10/2004,06.00.00,25.678160919540232,971.0,69.0,851.0,425.9885057471264,808.0,109.1264367816092,1389.0,876.0,146.0,790.0,13082.0
16/10/2004,07.00.00,25.879310344827587,1029.0,77.0,886.0,428.12068965517244,807.0,109.67241379310346,1446.0,926.0,150.0,748.0,12672.0
16/10/2004,08.00.00,26.080459770114942,1124.0,122.0,1057.0,430.2528735632184,667.0,110.2183908045977,1569.0,1091.0,159.0,704.0,12658.0
16/10/2004,09.00.00,26.281609195402297,1063.0,96.0,964.0,432.38505747126436,729.0,110.76436781609195,1454.0,1045.0,174.0,623.0,12282.0
16/10/2004,10.00.00,26.482758620689655,1028.0,96.0,961.0,434.51724137931035,756.0,111.31034482758622,1413.0,928.0,213.0,429.0,10727.0
16/10/2004,11.00.00,26.683908045977013,944.0,83.0,910.0,436.6494252873563,828.0,111.85632183908046,1342.0,777.0,220.0,389.0,10154.0
16/10/2004,12.00.00,26.885057471264368,913.0,70.0,857.0,438.7816091954023,892.0,112.40229885057471,1275.0,640.0,203.0,413.0,9745.0
16/10/2004,13.00.00,27.086206896551722,966.0,82.0,906.0,440.91379310344826,819.0,112.94827586206897,1354.0,741.0,202.0,456.0,10663.0
16/10/2004,14.00.00,27.28735632183908,833.0,45.0,737.0,443.04597701149424,1021.0,113.49425287356323,1162.0,483.0,208.0,374.0,9107.0
16/10/2004,15.00.00,27.48850574712644,891.0,55.0,789.0,445.17816091954023,960.0,114.04022988505747,1234.0,522.0,216.0,359.0,9164.0
16/10/2004,16.00.00,27.689655172413794,995.0,87.0,927.0,447.3103448275862,825.0,114.58620689655173,1320.0,718.0,220.0,357.0,9329.0
16/10/2004,17.00.00,27.89080459770115,1038.0,87.0,929.0,449.4425287356322,816.0,115.13218390804599,1332.0,798.0,199.0,420.0,9665.0
16/10/2004,18.00.00,28.091954022988507,1146.0,140.0,1118.0,451.57471264367814,695.0,115.67816091954023,1534.0,1174.0,192.0,463.0,10158.0
16/10/2004,19.00.00,28.29310344827586,1059.0,95.0,958.0,453.7068965517241,787.0,116.22413793103448,1417.0,891.0,179.0,569.0,11545.0
16/10/2004,20.00.00,28.49425287356322,1065.0,79.0,893.0,455.8390804597701,819.0,116.77011494252875,1397.0,799.0,147.0,755.0,12554.0
16/10/2004,21.00.00,28.695402298850574,1013.0,62.0,822.0,457.9712643678161,855.0,117.316091954023,1377.0,855.0,151.0,789.0,13409.0
16/10/2004,22.00.00,28.896551724137932,942.0,40.0,712.0,460.1034482758621,979.0,117.86206896551724,1303.0,734.0,172.0,667.0,12987.0
16/10/2004,23.00.00,29.097701149425287,925.0,44.0,735.0,462.235632183908,960.0,118.4080459770115,1284.0,691.0,154.0,732.0,12755.0
17/10/2004,00.00.00,29.298850574712645,871.0,26.0,628.0,464.367816091954,1118.0,118.95402298850576,1228.0,557.0,165.0,685.0,12753.0
17/10/2004,01.00.00,29.5,864.0,27.0,633.0,466.5,1097.0,119.5,1259.0,523.0,164.0,703.0,13031.0
17/10/2004,02.00.00,29.70114942528736,929.0,38.0,698.0,468.632183908046,991.0,120.04597701149426,1307.0,610.0,154.0,781.0,13557.0
17/10/2004,03.00.00,29.902298850574713,912.0,36.0,690.0,470.764367816092,984.0,120.59195402298852,1309.0,574.0,158.0,755.0,13436.0
17/10/2004,04.00.00,30.103448275862068,817.0,22.0,602.0,472.8965517241379,1120.0,121.13793103448276,1227.0,470.0,160.0,695.0,12549.0
17/10/2004,05.00.00,30.304597701149426,786.0,17.0,558.0,475.0287356321839,1217.0,121.683908045977,1179.0,434.0,150.0,710.0,12032.0
17/10/2004,06.00.00,30.50574712643678,827.0,21.0,595.0,477.1609195402299,1208.0,122.22988505747128,1214.0,507.0,139.0,752.0,11884.0
17/10/2004,07.00.00,30.70689655172414,789.0,23.0,604.0,479.2931034482759,1181.0,122.77586206896552,1171.0,467.0,159.0,621.0,11103.0
17/10/2004,08.00.00,30.908045977011493,875.0,48.0,754.0,481.42528735632186,961.0,123.32183908045977,1296.0,591.0,159.0,610.0,10911.0
17/10/2004,09.00.00,31.10919540229885,959.0,56.0,792.0,483.5574712643678,913.0,123.86781609195403,1315.0,717.0,171.0,587.0,11332.0
17/10/2004,10.00.00,31.310344827586206,969.0,68.0,850.0,485.6896551724138,846.0,124.41379310344828,1351.0,774.0,192.0,519.0,11404.0
17/10/2004,11.00.00,31.511494252873565,947.0,62.0,821.0,487.82183908045977,900.0,124.95977011494253,1302.0,697.0,215.0,426.0,10798.0
17/10/2004,12.00.00,31.71264367816092,960.0,68.0,848.0,489.95402298850576,866.0,125.50574712643679,1305.0,701.0,216.0,399.0,10156.0
17/10/2004,13.00.00,31.913793103448278,1017.0,111.0,1020.0,492.08620689655174,744.0,126.05172413793105,1478.0,752.0,216.0,404.0,10309.0
17/10/2004,14.00.00,32.11494252873563,979.0,122.0,1057.0,494.2183908045977,701.0,126.59770114942529,1473.0,760.0,220.0,373.0,9768.0
17/10/2004,15.00.00,32.316091954022994,843.0,47.0,748.0,496.3505747126437,999.0,127.14367816091955,1179.0,505.0,221.0,352.0,9253.0
17/10/2004,16.00.00,32.51724137931035,877.0,51.0,769.0,498.48275862068965,962.0,127.68965517241381,1212.0,529.0,224.0,360.0,9621.0
17/10/2004,17.00.00,32.7183908045977,1053.0,127.0,1072.0,500.61494252873564,733.0,128.23563218390805,1495.0,832.0,209.0,403.0,9866.0
17/10/2004,18.00.00,32.91954022988506,1047.0,116.0,1037.0,502.7471264367816,749.0,128.7816091954023,1429.0,904.0,198.0,415.0,9489.0
17/10/2004,19.00.00,33.12068965517241,1105.0,127.0,1074.0,504.87931034482756,712.0,129.32758620689657,1457.0,1050.0,182.0,460.0,9538.0
17/10/2004,20.00.00,33.32183908045977,1008.0,97.0,968.0,507.0114942528736,783.0,129.8735632183908,1348.0,1000.0,173.0,503.0,9837.0
17/10/2004,21.00.00,33.52298850574712,975.0,78.0,891.0,509.14367816091954,814.0,130.41954022988506,1361.0,911.0,158.0,576.0,10271.0
17/10/2004,22.00.00,33.724137931034484,954.0,68.0,850.0,511.2758620689655,840.0,130.9655172413793,1321.0,858.0,155.0,597.0,10413.0
17/10/2004,23.00.00,33.92528735632184,987.0,81.0,904.0,513.4080459770115,808.0,131.51149425287358,1344.0,903.0,155.0,606.0,10574.0
18/10/2004,00.00.00,34.1264367816092,880.0,54.0,784.0,515.5402298850574,922.0,132.05747126436782,1252.0,781.0,158.0,599.0,10676.0
18/10/2004,01.00.00,34.327586206896555,856.0,44.0,732.0,517.6724137931035,988.0,132.6034482758621,1247.0,714.0,148.0,643.0,10730.0
18/10/2004,02.00.00,34.52873563218391,788.0,24.0,614.0,519.8045977011494,1116.0,133.14942528735634,1177.0,625.0,148.0,647.0,10788.0
18/10/2004,03.00.00,34.729885057471265,760.0,16.0,555.0,521.9367816091954,1226.0,133.69540229885058,1158.0,568.0,138.0,676.0,10581.0
18/10/2004,04.00.00,34.93103448275862,777.0,18.0,570.0,524.0689655172414,1191.0,134.24137931034483,1167.0,616.0,145.0,650.0,10672.0
18/10/2004,05.00.00,35.132183908045974,825.0,31.0,661.0,526.2011494252873,1074.0,134.78735632183907,1207.0,710.0,140.0,674.0,10703.0
18/10/2004,06.00.00,35.33333333333333,1011.0,92.0,947.0,528.3333333333334,759.0,135.33333333333334,1425.0,953.0,126.0,736.0,10699.0
18/10/2004,07.00.00,35.53448275862069,1237.0,208.0,1319.0,530.4655172413793,576.0,135.8793103448276,1741.0,1271.0,133.0,704.0,10711.0
18/10/2004,08.00.00,35.735632183908045,1298.0,268.0,1473.0,532.5977011494253,514.0,136.42528735632186,1884.0,1447.0,144.0,658.0,10773.0
18/10/2004,09.00.00,35.93678160919541,1153.0,177.0,1230.0,534.7298850574713,616.0,136.9712643678161,1565.0,1296.0,168.0,578.0,10947.0
18/10/2004,10.00.00,36.13793103448276,1101.0,142.0,1124.0,536.8620689655172,646.0,137.51724137931035,1521.0,1217.0,197.0,493.0,11199.0
18/10/2004,11.00.00,36.339080459770116,1215.0,168.0,1203.0,538.9942528735633,599.0,138.0632183908046,1664.0,1341.0,211.0,472.0,11659.0
18/10/2004,12.00.00,36.54022988505747,1163.0,160.0,1179.0,541.1264367816092,608.0,138.60919540229884,1641.0,1180.0,222.0,432.0,11427.0
18/10/2004,13.00.00,36.741379310344826,1285.0,199.0,1293.0,543.2586206896551,549.0,139.1551724137931,1797.0,1365.0,214.0,472.0,11927.0
18/10/2004,14.00.00,36.94252873563218,1288.0,185.0,1253.0,545.3908045977012,537.0,139.70114942528738,1763.0,1410.0,199.0,554.0,12702.0
18/10/2004,15.00.00,37.14367816091954,1362.0,214.0,1334.0,547.5229885057472,512.0,140.24712643678163,1862.0,1529.0,203.0,540.0,12744.0
18/10/2004,16.00.00,37.3448275862069,1405.0,228.0,1372.0,549.655172413793,497.0,140.79310344827587,1883.0,1573.0,200.0,565.0,13051.0
18/10/2004,17.00.00,37.54597701149426,1610.0,365.0,1697.0,551.7873563218391,407.0,141.33908045977012,2287.0,1810.0,197.0,578.0,13138.0
18/10/2004,18.00.00,37.74712643678161,1612.0,388.0,1745.0,553.9195402298851,398.0,141.88505747126436,2357.0,1834.0,193.0,590.0,13077.0
18/10/2004,19.00.00,37.94827586206897,1520.0,323.0,1604.0,556.051724137931,436.0,142.43103448275863,2161.0,1672.0,185.0,603.0,12706.0
18/10/2004,20.00.00,38.14942528735632,1489.0,293.0,1534.0,558.183908045977,444.0,142.97701149425288,2080.0,1686.0,178.0,663.0,13410.0
18/10/2004,21.00.00,38.35057471264368,1181.0,142.0,1124.0,560.316091954023,597.0,143.52298850574715,1606.0,1302.0,176.0,659.0,13175.0
18/10/2004,22.00.00,38.55172413793103,995.0,80.0,898.0,562.448275862069,761.0,144.0689655172414,1409.0,1023.0,175.0,635.0,12622.0
18/10/2004,23.00.00,38.75287356321839,998.0,74.0,875.0,564.5804597701149,779.0,144.61494252873564,1380.0,992.0,165.0,672.0,12491.0
19/10/2004,00.00.00,38.95402298850575,984.0,72.0,864.0,566.7126436781609,788.0,145.16091954022988,1371.0,960.0,162.0,691.0,12590.0
19/10/2004,01.00.00,39.1551724137931,1022.0,80.0,898.0,568.844827586207,746.0,145.70689655172413,1414.0,955.0,149.0,747.0,12564.0
19/10/2004,02.00.00,39.356321839080465,951.0,65.0,835.0,570.9770114942528,788.0,146.2528735632184,1354.0,887.0,141.0,767.0,12273.0
19/10/2004,03.00.00,39.55747126436782,910.0,52.0,773.0,573.1091954022988,842.0,146.79885057471265,1303.0,851.0,140.0,766.0,12202.0
19/10/2004,04.00.00,39.758620689655174,932.0,56.0,792.0,575.2413793103449,818.0,147.34482758620692,1323.0,903.0,149.0,738.0,12400.0
19/10/2004,05.00.00,39.95977011494253,974.0,70.0,859.0,577.3735632183908,772.0,147.89080459770116,1383.0,954.0,152.0,731.0,12570.0
19/10/2004,06.00.00,40.160919540229884,1117.0,115.0,1031.0,579.5057471264367,669.0,148.4367816091954,1528.0,1107.0,152.0,734.0,12626.0
19/10/2004,07.00.00,40.36206896551724,1367.0,217.0,1343.0,581.6379310344828,517.0,148.98275862068965,1852.0,1442.0,152.0,747.0,12824.0
19/10/2004,08.00.00,40.56321839080459,1583.0,379.0,1726.0,583.7701149425287,404.0,149.5287356321839,2316.0,1818.0,158.0,717.0,12780.0
19/10/2004,09.00.00,40.764367816091955,1526.0,301.0,1552.0,585.9022988505747,441.0,150.07471264367817,2074.0,1802.0,166.0,684.0,12829.0
19/10/2004,10.00.00,40.96551724137931,1399.0,245.0,1416.0,588.0344827586207,485.0,150.62068965517244,1894.0,1671.0,176.0,649.0,12925.0
19/10/2004,11.00.00,41.16666666666667,1436.0,252.0,1435.0,590.1666666666667,479.0,151.16666666666669,1911.0,1710.0,183.0,638.0,13310.0
19/10/2004,12.00.00,41.367816091954026,1455.0,265.0,1468.0,592.2988505747126,474.0,151.71264367816093,1945.0,1746.0,194.0,611.0,13652.0
19/10/2004,13.00.00,41.56896551724138,1311.0,196.0,1286.0,594.4310344827586,544.0,152.25862068965517,1760.0,1495.0,209.0,581.0,14193.0
19/10/2004,14.00.00,41.770114942528735,1174.0,134.0,1097.0,596.5632183908046,640.0,152.80459770114942,1596.0,1203.0,220.0,540.0,14114.0
19/10/2004,15.00.00,41.97126436781609,1242.0,153.0,1158.0,598.6954022988506,602.0,153.3505747126437,1682.0,1252.0,228.0,530.0,14482.0
19/10/2004,16.00.00,42.172413793103445,1267.0,151.0,1151.0,600.8275862068965,593.0,153.89655172413794,1671.0,1528.0,217.0,576.0,14756.0
19/10/2004,17.00.00,42.37356321839081,1401.0,211.0,1326.0,602.9597701149426,530.0,154.4425287356322,1887.0,1629.0,213.0,608.0,15205.0
19/10/2004,18.00.00,42.57471264367816,1428.0,236.0,1393.0,605.0919540229885,490.0,154.98850574712645,1976.0,1608.0,212.0,617.0,15309.0
19/10/2004,19.00.00,42.77586206896552,1478.0,257.0,1447.0,607.2241379310344,474.0,155.5344827586207,2017.0,1664.0,212.0,622.0,15473.0
19/10/2004,20.00.00,42.97701149425288,1518.0,272.0,1483.0,609.3563218390805,454.0,156.08045977011494,2098.0,1666.0,208.0,651.0,15782.0
19/10/2004,21.00.00,43.17816091954023,1468.0,244.0,1415.0,611.4885057471265,470.0,156.6264367816092,1985.0,1594.0,199.0,690.0,15877.0
19/10/2004,22.00.00,43.37931034482759,1369.0,203.0,1305.0,613.6206896551724,513.0,157.17241379310346,1851.0,1421.0,188.0,737.0,15785.0
19/10/2004,23.00.00,43.58045977011494,1244.0,148.0,1141.0,615.7528735632184,571.0,157.7183908045977,1671.0,1337.0,192.0,713.0,15723.0
20/10/2004,00.00.00,43.7816091954023,1217.0,128.0,1077.0,617.8850574712644,603.0,158.26436781609198,1628.0,1270.0,190.0,716.0,15549.0
20/10/2004,01.00.00,43.98275862068965,1103.0,100.0,979.0,620.0172413793103,666.0,158.81034482758622,1520.0,1156.0,195.0,697.0,15596.0
20/10/2004,02.00.00,44.18390804597701,1118.0,93.0,951.0,622.1494252873563,675.0,159.35632183908046,1509.0,1124.0,194.0,701.0,15626.0
20/10/2004,03.00.00,44.38505747126437,1087.0,93.0,950.0,624.2816091954023,684.0,159.9022988505747,1519.0,1049.0,184.0,745.0,15634.0
20/10/2004,04.00.00,44.58620689655172,1069.0,88.0,931.0,626.4137931034483,688.0,160.44827586206895,1508.0,1044.0,187.0,734.0,15701.0
20/10/2004,05.00.00,44.787356321839084,1112.0,102.0,985.0,628.5459770114942,645.0,160.99425287356323,1544.0,1109.0,184.0,746.0,15631.0
20/10/2004,06.00.00,44.98850574712644,1196.0,131.0,1086.0,630.6781609195402,594.0,161.5402298850575,1659.0,1224.0,185.0,744.0,15661.0
20/10/2004,07.00.00,45.189655172413794,1522.0,261.0,1457.0,632.8103448275863,458.0,162.08620689655174,2043.0,1611.0,188.0,730.0,15737.0
20/10/2004,08.00.00,45.39080459770115,1715.0,379.0,1728.0,634.9425287356322,371.0,162.632183908046,2376.0,2004.0,199.0,699.0,16036.0
20/10/2004,09.00.00,45.5919540229885,1582.0,262.0,1459.0,637.0747126436781,448.0,163.17816091954023,2036.0,1776.0,213.0,661.0,16556.0
20/10/2004,10.00.00,45.793103448275865,1494.0,231.0,1379.0,639.2068965517242,467.0,163.72413793103448,1965.0,1723.0,230.0,618.0,17135.0
20/10/2004,11.00.00,45.99425287356322,1631.0,260.0,1455.0,641.3390804597701,438.0,164.27011494252875,2027.0,1916.0,224.0,646.0,17271.0
20/10/2004,12.00.00,46.195402298850574,1650.0,281.0,1506.0,643.471264367816,424.0,164.816091954023,2093.0,1955.0,238.0,599.0,17376.0
20/10/2004,13.00.00,46.39655172413793,1640.0,280.0,1503.0,645.6034482758621,431.0,165.36206896551727,2094.0,1894.0,247.0,569.0,17472.0
20/10/2004,14.00.00,46.59770114942529,1589.0,246.0,1418.0,647.735632183908,452.0,165.9080459770115,2015.0,1823.0,254.0,551.0,17610.0
20/10/2004,15.00.00,46.798850574712645,1538.0,224.0,1362.0,649.867816091954,473.0,166.45402298850576,1924.0,1793.0,257.0,545.0,17684.0
20/10/2004,16.00.00,47.0,1597.0,309.0,1573.0,652.0,424.0,167.0,2307.0,1956.0,248.0,577.0,17765.0
20/10/2004,17.00.00,8.0,1884.0,437.0,1846.0,895.0,348.0,194.0,2595.0,2203.0,246.0,589.0,18005.0
20/10/2004,18.00.00,77.0,1835.0,400.0,1770.0,826.0,358.0,172.0,2474.0,2073.0,239.0,618.0,18088.0
20/10/2004,19.00.00,68.0,1759.0,359.0,1684.0,648.0,373.0,134.0,2378.0,1923.0,230.0,659.0,18319.0
20/10/2004,20.00.00,6.0,1666.0,301.0,1553.0,629.0,409.0,130.0,2170.0,1780.0,224.0,677.0,18161.0
20/10/2004,21.00.00,47.0,1506.0,223.0,1360.0,529.0,458.0,113.0,1944.0,1609.0,220.0,692.0,18061.0
20/10/2004,22.00.00,34.0,1378.0,177.0,1229.0,405.0,511.0,99.0,1820.0,1466.0,218.0,696.0,17900.0
20/10/2004,23.00.00,39.0,1448.0,195.0,1283.0,461.0,496.0,109.0,1877.0,1504.0,219.0,683.0,17699.0
21/10/2004,00.00.00,44.0,1481.0,223.0,1359.0,486.0,467.0,105.0,1957.0,1518.0,217.0,697.0,17872.0
21/10/2004,01.00.00,33.0,1289.0,154.0,1161.0,335.0,552.0,91.0,1765.0,1289.0,213.0,703.0,17574.0
21/10/2004,02.00.00,2.0,1109.0,93.0,951.0,210.0,664.0,77.0,1570.0,1076.0,208.0,717.0,17415.0
21/10/2004,03.00.00,15.0,994.0,60.0,812.0,154.5,784.0,68.0,1453.0,947.0,214.0,690.0,17421.0
21/10/2004,04.00.00,11.5,1015.0,66.0,839.0,99.0,754.0,59.0,1473.0,970.0,214.0,693.0,17515.0
21/10/2004,05.00.00,8.0,966.0,51.0,771.0,149.0,830.0,60.0,1420.0,900.0,213.0,695.0,17447.0
21/10/2004,06.00.00,13.0,1088.0,88.0,932.0,203.0,706.0,72.0,1565.0,1034.0,215.0,675.0,17080.0
21/10/2004,07.00.00,27.0,1303.0,166.0,1198.0,332.0,578.0,83.0,1791.0,1235.0,219.0,648.0,16830.0
21/10/2004,08.00.00,36.0,1440.0,243.0,1412.0,446.0,494.0,104.0,2016.0,1455.0,226.0,614.0,16645.0
21/10/2004,09.00.00,36.0,1392.0,206.0,1313.0,524.0,517.0,119.0,1866.0,1478.0,226.0,615.0,16636.0
21/10/2004,10.00.00,26.0,1248.0,156.0,1167.0,347.0,572.0,105.0,1704.0,1393.0,255.0,523.0,16796.0
21/10/2004,11.00.00,2.0,1197.0,122.0,1058.0,273.0,634.0,91.0,1626.0,1237.0,270.0,476.0,16700.0
21/10/2004,12.00.00,33.0,1357.0,177.0,1230.0,404.0,542.0,103.0,1834.0,1373.0,252.0,533.0,16834.0
21/10/2004,13.00.00,26.0,1263.0,148.0,1143.0,358.0,578.0,107.0,1736.0,1310.0,266.0,493.0,16872.0
21/10/2004,14.00.00,21.0,1261.0,150.0,1148.0,312.0,585.0,111.0,1733.0,1287.0,272.0,485.0,17172.0
21/10/2004,15.00.00,29.0,1382.0,167.0,1200.0,369.0,539.0,101.0,1807.0,1413.0,269.0,500.0,17507.0
21/10/2004,16.00.00,3.0,1400.0,177.0,1230.0,362.0,519.0,102.0,1864.0,1483.0,265.0,522.0,17769.0
21/10/2004,17.00.00,32.0,1443.0,209.0,1322.0,335.0,488.0,101.0,1933.0,1539.0,270.0,510.0,17936.0
21/10/2004,18.00.00,44.0,1630.0,287.0,1520.0,447.0,427.0,118.0,2166.0,1691.0,259.0,558.0,18347.0
21/10/2004,19.00.00,6.0,1720.0,348.0,1661.0,576.0,382.0,120.0,2403.0,1846.0,251.0,594.0,18632.0
21/10/2004,20.00.00,5.0,1600.0,275.0,1492.0,486.0,432.0,107.0,2160.0,1665.0,247.0,587.0,18001.0
21/10/2004,21.00.00,43.0,1525.0,249.0,1427.0,439.0,450.0,104.0,2085.0,1577.0,236.0,622.0,17863.0
21/10/2004,22.00.00,43.0,1544.0,242.0,1409.0,462.0,448.0,91.0,2048.0,1603.0,224.0,671.0,17940.0
21/10/2004,23.00.00,42.0,1455.0,222.0,1357.0,441.0,466.0,91.0,1964.0,1530.0,216.0,692.0,17630.0
22/10/2004,00.00.00,22.0,1203.0,132.0,1090.0,223.0,593.0,74.0,1655.0,1205.0,213.0,685.0,17164.0
22/10/2004,01.00.00,13.0,1038.0,79.0,895.0,126.0,714.0,63.0,1474.0,999.0,212.0,686.0,17046.0
22/10/2004,02.00.00,1.0,975.0,59.0,807.0,116.0,788.0,57.0,1423.0,904.0,203.0,706.0,16659.0
22/10/2004,03.00.00,7.0,917.0,41.0,714.0,120.5,870.0,52.5,1355.0,843.0,208.0,673.0,16353.0
22/10/2004,04.00.00,8.0,930.0,46.0,741.0,125.0,849.0,48.0,1392.0,843.0,196.0,713.0,16120.0
22/10/2004,05.00.00,9.0,960.0,58.0,804.0,198.0,802.0,49.0,1435.0,886.0,187.0,744.0,15861.0
22/10/2004,06.00.00,1.0,982.0,65.0,834.0,185.0,770.0,55.0,1435.0,911.0,198.0,692.0,15808.0
22/10/2004,07.00.00,28.0,1359.0,195.0,1282.0,425.0,541.0,78.0,1912.0,1319.0,198.0,694.0,15859.0
22/10/2004,08.00.00,41.0,1500.0,280.0,1503.0,465.0,437.0,91.0,2158.0,1927.0,204.0,667.0,15781.0
22/10/2004,09.00.00,29.0,1315.0,187.0,1261.0,341.0,535.0,88.0,1830.0,1554.0,223.0,606.0,16069.0
22/10/2004,10.00.00,27.0,1307.0,183.0,1248.0,316.0,525.0,83.0,1787.0,1565.0,226.0,599.0,16246.0
22/10/2004,11.00.00,21.0,1235.0,143.0,1125.0,241.0,574.0,81.0,1704.0,1462.0,245.0,545.0,16514.0
22/10/2004,12.00.00,24.0,1310.0,165.0,1194.0,266.0,538.0,83.0,1781.0,1487.0,244.0,554.0,16712.0
22/10/2004,13.00.00,38.0,1459.0,229.0,1375.0,412.0,467.0,111.0,2007.0,1690.0,260.0,519.0,17148.0
22/10/2004,14.00.00,37.0,1461.0,223.0,1358.0,394.0,474.0,112.0,2033.0,1603.0,268.0,491.0,17101.0
22/10/2004,15.00.00,37.0,1476.0,220.0,1352.0,365.0,474.0,112.0,1996.0,1568.0,264.0,498.0,16928.0
22/10/2004,16.00.00,55.0,1612.0,277.0,1496.0,548.0,429.0,137.0,2127.0,1743.0,269.0,486.0,17017.0
22/10/2004,17.00.00,54.0,1654.0,298.0,1546.0,494.0,435.0,152.0,2176.0,2007.0,262.0,489.0,16340.0
22/10/2004,18.00.00,84.0,1808.0,400.0,1771.0,686.0,373.0,163.0,2486.0,2235.0,243.0,543.0,16276.0
22/10/2004,19.00.00,68.0,1681.0,351.0,1666.0,556.0,397.0,135.0,2339.0,1998.0,233.0,581.0,16457.0
22/10/2004,20.00.00,45.0,1494.0,255.0,1443.0,467.0,454.0,119.0,2020.0,1795.0,223.0,625.0,16616.0
22/10/2004,21.00.00,25.0,1251.0,137.0,1107.0,297.0,579.0,91.0,1657.0,1407.0,213.0,661.0,16556.0
22/10/2004,22.00.00,16.0,1132.0,97.0,965.0,164.0,669.0,74.0,1502.0,1211.0,212.0,657.0,16319.0
22/10/2004,23.00.00,17.0,1158.0,98.0,970.0,196.0,664.0,73.0,1509.0,1202.0,203.0,681.0,16009.0
23/10/2004,00.00.00,17.0,1146.0,101.0,983.0,201.0,673.0,71.0,1518.0,1136.0,204.0,667.0,15830.0
23/10/2004,01.00.00,11.0,993.0,60.0,813.0,132.0,792.0,57.0,1413.0,946.0,199.0,675.0,15544.0
23/10/2004,02.00.00,1.0,989.0,60.0,814.0,146.0,800.0,51.0,1418.0,915.0,191.0,700.0,15331.0
23/10/2004,03.00.00,8.0,943.0,46.0,746.0,120.0,852.0,46.5,1374.0,864.0,193.0,681.0,15139.0
23/10/2004,04.00.00,7.5,910.0,40.0,712.0,94.0,872.0,42.0,1341.0,836.0,196.0,669.0,15125.0
23/10/2004,05.00.00,7.0,925.0,46.0,742.0,127.0,876.0,43.0,1381.0,842.0,181.0,721.0,14834.0
23/10/2004,06.00.00,12.0,1039.0,76.0,882.0,217.0,724.0,52.0,1473.0,1002.0,181.0,723.0,14927.0
23/10/2004,07.00.00,23.0,1208.0,136.0,1104.0,394.0,598.0,65.0,1699.0,1165.0,176.0,748.0,14910.0
23/10/2004,08.00.00,3.0,1268.0,160.0,1179.0,511.0,545.0,69.0,1753.0,1294.0,182.0,728.0,15048.0
23/10/2004,09.00.00,33.0,1353.0,189.0,1265.0,523.0,507.0,91.0,1833.0,1475.0,202.0,658.0,15374.0
23/10/2004,10.00.00,28.0,1317.0,157.0,1171.0,471.0,542.0,92.0,1727.0,1436.0,216.0,614.0,15696.0
23/10/2004,11.00.00,3.0,1356.0,162.0,1187.0,441.0,534.0,102.0,1738.0,1465.0,233.0,575.0,16169.0
23/10/2004,12.00.00,34.0,1414.0,194.0,1279.0,414.0,504.0,118.0,1854.0,1583.0,250.0,524.0,16356.0
23/10/2004,13.00.00,3.0,1326.0,169.0,1206.0,317.0,533.0,111.0,1785.0,1432.0,254.0,508.0,16275.0
23/10/2004,14.00.00,23.0,1211.0,125.0,1067.0,230.0,609.0,101.0,1608.0,1270.0,261.0,471.0,15724.0
23/10/2004,15.00.00,31.0,1324.0,158.0,1173.0,365.0,564.0,119.0,1749.0,1354.0,270.0,442.0,15490.0
23/10/2004,16.00.00,3.0,1324.0,160.0,1181.0,360.0,565.0,115.0,1747.0,1318.0,272.0,430.0,15246.0
23/10/2004,17.00.00,33.0,1361.0,163.0,1189.0,420.0,549.0,120.0,1776.0,1351.0,256.0,483.0,15641.0
23/10/2004,18.00.00,4.0,1475.0,210.0,1324.0,475.0,490.0,115.0,1925.0,1530.0,233.0,579.0,16376.0
23/10/2004,19.00.00,46.0,1537.0,231.0,1381.0,526.0,469.0,118.0,2016.0,1615.0,222.0,636.0,16763.0
23/10/2004,20.00.00,41.0,1413.0,177.0,1231.0,460.0,520.0,117.0,1853.0,1415.0,216.0,677.0,17228.0
23/10/2004,21.00.00,23.0,1229.0,122.0,1055.0,255.0,607.0,96.0,1668.0,1219.0,210.0,693.0,17058.0
23/10/2004,22.00.00,26.0,1297.0,146.0,1136.0,283.0,567.0,89.0,1725.0,1307.0,203.0,705.0,16599.0
23/10/2004,23.00.00,26.0,1302.0,131.0,1088.0,271.0,594.0,84.0,1639.0,1297.0,200.0,695.0,16109.0
24/10/2004,00.00.00,29.0,1347.0,155.0,1165.0,315.0,573.0,97.0,1741.0,1321.0,197.0,701.0,15891.0
24/10/2004,01.00.00,21.0,1165.0,118.0,1042.0,227.0,631.0,68.0,1621.0,1133.0,195.0,707.0,15851.0
24/10/2004,02.00.00,21.0,1155.0,109.0,1012.0,243.0,633.0,66.0,1577.0,1124.0,194.0,714.0,15959.0
24/10/2004,03.00.00,15.0,1050.0,84.0,916.0,192.5,696.0,58.5,1512.0,997.0,193.0,711.0,15746.0
24/10/2004,04.00.00,14.5,1035.0,70.0,855.0,142.0,731.0,51.0,1467.0,952.0,187.0,738.0,15704.0
24/10/2004,05.00.00,14.0,1057.0,86.0,925.0,139.0,684.0,48.0,1503.0,972.0,180.0,754.0,15441.0
24/10/2004,06.00.00,12.0,1029.0,75.0,880.0,182.0,709.0,47.0,1451.0,965.0,173.0,784.0,15320.0
24/10/2004,07.00.00,15.0,1037.0,81.0,902.0,196.0,704.0,48.0,1481.0,984.0,175.0,766.0,15174.0
24/10/2004,08.00.00,9.0,920.0,48.0,755.0,108.0,853.0,45.0,1359.0,880.0,200.0,667.0,15401.0
24/10/2004,09.00.00,14.0,1080.0,78.0,891.0,175.0,732.0,59.0,1477.0,1001.0,191.0,700.0,15366.0
24/10/2004,10.00.00,21.0,1152.0,97.0,966.0,266.0,661.0,84.0,1542.0,1137.0,214.0,617.0,15547.0
24/10/2004,11.00.00,16.0,1085.0,84.0,918.0,179.0,721.0,72.0,1467.0,1023.0,246.0,504.0,15363.0
24/10/2004,12.00.00,15.0,1071.0,76.0,882.0,154.0,745.0,68.0,1431.0,962.0,250.0,491.0,15295.0
24/10/2004,13.00.00,11.0,1000.0,59.0,807.0,95.0,811.0,52.0,1376.0,825.0,253.0,467.0,14874.0
24/10/2004,14.00.00,14.0,1058.0,74.0,875.0,151.0,756.0,70.0,1421.0,877.0,248.0,479.0,14819.0
24/10/2004,15.00.00,2.0,1184.0,101.0,983.0,230.0,667.0,90.0,1537.0,1046.0,253.0,480.0,15249.0
24/10/2004,16.00.00,2.0,1189.0,97.0,965.0,239.0,670.0,87.0,1533.0,1060.0,265.0,449.0,15278.0
24/10/2004,17.00.00,25.0,1277.0,118.0,1043.0,306.0,614.0,99.0,1631.0,1155.0,250.0,501.0,15630.0
24/10/2004,18.00.00,43.0,1482.0,203.0,1305.0,472.0,503.0,128.0,1874.0,1464.0,229.0,576.0,15885.0
24/10/2004,19.00.00,52.0,1555.0,243.0,1410.0,532.0,464.0,127.0,1971.0,2185.0,217.0,629.0,16117.0
24/10/2004,20.00.00,34.0,1324.0,156.0,1168.0,375.0,568.0,99.0,1716.0,1959.0,218.0,630.0,16190.0
24/10/2004,21.00.00,13.0,1015.0,73.0,869.0,147.0,747.0,72.0,1439.0,1375.0,212.0,634.0,15748.0
24/10/2004,22.00.00,12.0,1010.0,71.0,860.0,118.0,768.0,62.0,1450.0,1212.0,202.0,658.0,15350.0
24/10/2004,23.00.00,17.0,1081.0,90.0,938.0,181.0,697.0,62.0,1517.0,1273.0,184.0,715.0,15038.0
25/10/2004,00.00.00,17.0,1071.0,89.0,936.0,209.0,695.0,63.0,1516.0,1249.0,179.0,724.0,14758.0
25/10/2004,01.00.00,14.0,1014.0,72.0,864.0,167.0,745.0,56.0,1474.0,1097.0,169.0,754.0,14393.0
25/10/2004,02.00.00,9.0,891.0,44.0,735.0,112.0,878.0,44.0,1353.0,933.0,165.0,755.0,14056.0
25/10/2004,03.00.00,7.0,874.0,41.0,715.0,110.0,889.0,40.5,1315.0,858.0,154.0,790.0,13735.0
25/10/2004,04.00.00,8.0,882.0,43.0,729.0,108.0,875.0,37.0,1319.0,870.0,155.0,786.0,13700.0
25/10/2004,05.00.00,9.0,940.0,59.0,806.0,181.0,800.0,48.0,1392.0,1013.0,162.0,769.0,14029.0
25/10/2004,06.00.00,12.0,1020.0,72.0,866.0,253.0,749.0,59.0,1440.0,1087.0,158.0,796.0,14170.0
25/10/2004,07.00.00,32.0,1316.0,185.0,1253.0,521.0,527.0,77.0,1780.0,1566.0,160.0,763.0,13772.0
25/10/2004,08.00.00,44.0,1423.0,250.0,1429.0,649.0,467.0,88.0,1998.0,1631.0,163.0,743.0,13644.0
25/10/2004,09.00.00,35.0,1314.0,188.0,1262.0,516.0,531.0,111.0,1754.0,1564.0,187.0,663.0,14140.0
25/10/2004,10.00.00,32.0,1317.0,195.0,1283.0,487.0,518.0,114.0,1812.0,1601.0,205.0,602.0,14346.0
25/10/2004,11.00.00,3.0,1305.0,182.0,1245.0,529.0,524.0,108.0,1742.0,1539.0,193.0,662.0,14706.0
25/10/2004,12.00.00,35.0,1351.0,200.0,1298.0,565.0,498.0,111.0,1821.0,1577.0,200.0,639.0,14805.0
25/10/2004,13.00.00,4.0,1438.0,248.0,1425.0,558.0,451.0,126.0,1971.0,1732.0,214.0,594.0,14928.0
25/10/2004,14.00.00,38.0,1454.0,231.0,1380.0,568.0,457.0,117.0,1947.0,1672.0,215.0,609.0,15398.0
25/10/2004,15.00.00,42.0,1512.0,255.0,1441.0,605.0,432.0,119.0,2034.0,1744.0,216.0,609.0,15551.0
25/10/2004,16.00.00,5.0,1584.0,320.0,1597.0,666.0,392.0,125.0,2176.0,1845.0,216.0,620.0,15784.0
25/10/2004,17.00.00,79.0,1816.0,463.0,1897.0,814.0,330.0,158.0,2641.0,2164.0,217.0,619.0,15920.0
25/10/2004,18.00.00,84.0,1824.0,445.0,1862.0,860.0,340.0,149.0,2567.0,2106.0,210.0,649.0,15987.0
25/10/2004,19.00.00,8.0,1744.0,410.0,1793.0,820.0,352.0,136.0,2469.0,2007.0,200.0,686.0,15882.0
25/10/2004,20.00.00,64.0,1588.0,325.0,1610.0,742.0,400.0,112.0,2230.0,1791.0,193.0,714.0,15805.0
25/10/2004,21.00.00,35.0,1319.0,191.0,1273.0,492.0,511.0,87.0,1806.0,1444.0,185.0,734.0,15461.0
25/10/2004,22.00.00,35.0,1313.0,196.0,1285.0,464.0,505.0,82.0,1803.0,1373.0,177.0,756.0,15226.0
25/10/2004,23.00.00,19.0,1073.0,107.0,1005.0,258.0,661.0,67.0,1488.0,1110.0,185.0,704.0,14870.0
26/10/2004,00.00.00,22.0,1119.0,122.0,1056.0,311.0,624.0,68.0,1562.0,1099.0,170.0,761.0,14582.0
26/10/2004,01.00.00,16.0,989.0,80.0,900.0,231.0,737.0,60.0,1401.0,968.0,168.0,749.0,14258.0
26/10/2004,02.00.00,1.0,912.0,55.0,788.0,127.0,822.0,48.0,1331.0,847.0,155.0,785.0,13782.0
26/10/2004,03.00.00,1.0,904.0,55.0,787.0,125.5,820.0,45.0,1319.0,852.0,153.0,790.0,13605.0
26/10/2004,04.00.00,5.0,851.0,43.0,726.0,124.0,897.0,42.0,1277.0,799.0,150.0,779.0,13197.0
26/10/2004,05.00.00,9.0,902.0,59.0,809.0,138.0,835.0,46.0,1355.0,834.0,148.0,794.0,13312.0
26/10/2004,06.00.00,14.0,981.0,86.0,923.0,228.0,730.0,54.0,1425.0,956.0,157.0,770.0,13591.0
26/10/2004,07.00.00,3.0,1267.0,187.0,1260.0,383.0,572.0,82.0,1776.0,1259.0,162.0,759.0,13872.0
26/10/2004,08.00.00,45.0,1392.0,250.0,1429.0,581.0,469.0,93.0,1990.0,1494.0,163.0,759.0,13991.0
26/10/2004,09.00.00,38.0,1308.0,196.0,1285.0,545.0,522.0,95.0,1781.0,1458.0,177.0,706.0,14202.0
26/10/2004,10.00.00,34.0,1313.0,208.0,1318.0,593.0,511.0,120.0,1820.0,1491.0,183.0,676.0,14103.0
26/10/2004,11.00.00,35.0,1350.0,201.0,1299.0,602.0,518.0,132.0,1784.0,1560.0,201.0,620.0,14409.0
26/10/2004,12.00.00,44.0,1477.0,267.0,1471.0,624.0,455.0,146.0,2031.0,1750.0,226.0,545.0,14737.0
26/10/2004,13.00.00,4.0,1409.0,236.0,1393.0,546.0,484.0,157.0,1874.0,1709.0,246.0,471.0,14378.0
26/10/2004,14.00.00,45.0,1495.0,264.0,1465.0,597.0,451.0,158.0,2043.0,1786.0,249.0,483.0,14942.0
26/10/2004,15.00.00,53.0,1606.0,309.0,1573.0,688.0,419.0,175.0,2165.0,1900.0,249.0,500.0,15522.0
26/10/2004,16.00.00,58.0,1669.0,328.0,1615.0,760.0,404.0,166.0,2232.0,1963.0,240.0,550.0,16211.0
26/10/2004,17.00.00,84.0,1822.0,459.0,1890.0,918.0,347.0,187.0,2641.0,2161.0,232.0,587.0,16510.0
26/10/2004,18.00.00,95.0,1908.0,521.0,2007.0,952.0,325.0,180.0,2775.0,2372.0,225.0,615.0,16579.0
26/10/2004,19.00.00,62.0,1664.0,366.0,1699.0,685.0,385.0,134.0,2305.0,2062.0,222.0,610.0,16071.0
26/10/2004,20.00.00,5.0,1465.0,240.0,1404.0,561.0,468.0,127.0,1962.0,1736.0,226.0,583.0,15829.0
26/10/2004,21.00.00,21.0,1076.0,98.0,972.0,239.0,691.0,95.0,1506.0,1192.0,210.0,574.0,14098.0
26/10/2004,22.00.00,14.0,1055.0,79.0,895.0,175.0,758.0,79.0,1468.0,1043.0,198.0,637.0,14524.0
26/10/2004,23.00.00,16.0,1075.0,75.0,878.0,169.0,734.0,78.0,1495.0,948.0,177.0,788.0,15855.0
27/10/2004,00.00.00,2.0,1135.0,92.0,948.0,215.0,685.0,80.0,1569.0,992.0,176.0,805.0,16062.0
27/10/2004,01.00.00,12.0,998.0,57.0,799.0,115.0,786.0,67.0,1435.0,867.0,174.0,813.0,16066.0
27/10/2004,02.00.00,8.0,953.0,44.0,734.0,94.0,861.0,61.0,1401.0,825.0,174.0,810.0,16012.0
27/10/2004,03.00.00,6.0,926.0,39.0,708.0,87.0,874.0,56.0,1381.0,803.0,172.0,818.0,15856.0
27/10/2004,04.00.00,6.5,895.0,31.0,656.0,80.0,946.0,51.0,1343.0,786.0,170.0,810.0,15521.0
27/10/2004,05.00.00,7.0,967.0,51.0,767.0,132.0,833.0,56.0,1416.0,866.0,168.0,813.0,15447.0
27/10/2004,06.00.00,17.0,1164.0,105.0,997.0,295.0,641.0,68.0,1606.0,1113.0,176.0,788.0,15723.0
27/10/2004,07.00.00,34.0,1421.0,206.0,1313.0,517.0,502.0,101.0,1983.0,1384.0,180.0,757.0,15527.0
27/10/2004,08.00.00,49.0,1465.0,285.0,1515.0,555.0,454.0,119.0,2119.0,1516.0,180.0,748.0,15281.0
27/10/2004,09.00.00,27.0,1189.0,127.0,1075.0,429.0,614.0,108.0,1652.0,1222.0,182.0,740.0,15343.0
27/10/2004,10.00.00,32.0,1278.0,161.0,1182.0,561.0,585.0,132.0,1734.0,1354.0,197.0,654.0,14854.0
27/10/2004,11.00.00,27.0,1169.0,149.0,1144.0,427.0,611.0,130.0,1666.0,1291.0,210.0,579.0,14267.0
27/10/2004,12.00.00,32.0,1214.0,168.0,1203.0,445.0,580.0,129.0,1739.0,1308.0,207.0,586.0,14142.0
27/10/2004,13.00.00,41.0,1351.0,218.0,1345.0,538.0,502.0,117.0,1923.0,1420.0,195.0,671.0,15060.0
27/10/2004,14.00.00,36.0,1340.0,186.0,1256.0,556.0,537.0,119.0,1842.0,1297.0,185.0,762.0,16045.0
27/10/2004,15.00.00,28.0,1157.0,145.0,1131.0,370.0,623.0,113.0,1675.0,1157.0,196.0,697.0,15675.0
27/10/2004,16.00.00,21.0,1118.0,134.0,1096.0,257.0,647.0,102.0,1649.0,1130.0,199.0,653.0,15066.0
27/10/2004,17.00.00,24.0,1150.0,158.0,1173.0,266.0,608.0,101.0,1711.0,1195.0,200.0,633.0,14622.0
27/10/2004,18.00.00,36.0,1247.0,207.0,1315.0,403.0,544.0,116.0,1874.0,1341.0,192.0,664.0,14592.0
27/10/2004,19.00.00,26.0,1194.0,166.0,1198.0,275.0,587.0,101.0,1732.0,1228.0,193.0,675.0,14977.0
27/10/2004,20.00.00,28.0,1184.0,153.0,1157.0,338.0,586.0,94.0,1685.0,1273.0,182.0,714.0,14776.0
27/10/2004,21.00.00,14.0,990.0,80.0,898.0,176.0,748.0,75.0,1442.0,1006.0,178.0,712.0,14396.0
27/10/2004,22.00.00,11.0,933.0,58.0,803.0,159.0,842.0,69.0,1369.0,898.0,176.0,699.0,13969.0
27/10/2004,23.00.00,13.0,968.0,70.0,858.0,147.0,796.0,60.0,1388.0,894.0,160.0,759.0,13721.0
28/10/2004,00.00.00,9.0,861.0,45.0,735.0,99.0,925.0,58.0,1287.0,789.0,169.0,720.0,13749.0
28/10/2004,01.00.00,1.0,904.0,52.0,774.0,98.0,878.0,51.0,1329.0,805.0,157.0,763.0,13519.0
28/10/2004,02.00.00,9.0,866.0,44.0,734.0,109.0,899.0,45.0,1299.0,770.0,148.0,787.0,13169.0
28/10/2004,03.00.00,7.0,881.0,42.0,724.0,110.5,913.0,43.0,1277.0,776.0,148.0,797.0,13286.0
28/10/2004,04.00.00,7.5,838.0,38.0,700.0,112.0,936.0,41.0,1268.0,744.0,146.0,799.0,13156.0
28/10/2004,05.00.00,8.0,905.0,52.0,776.0,163.0,851.0,48.0,1327.0,825.0,152.0,780.0,13382.0
28/10/2004,06.00.00,16.0,1055.0,100.0,977.0,326.0,703.0,61.0,1506.0,1013.0,155.0,772.0,13502.0
28/10/2004,07.00.00,34.0,1328.0,200.0,1296.0,640.0,527.0,88.0,1829.0,1341.0,157.0,764.0,13558.0
28/10/2004,08.00.00,44.0,1401.0,258.0,1449.0,736.0,477.0,102.0,1969.0,1528.0,160.0,764.0,13751.0
28/10/2004,09.00.00,35.0,1291.0,200.0,1296.0,667.0,529.0,97.0,1752.0,1432.0,167.0,738.0,13886.0
28/10/2004,10.00.00,34.0,1316.0,206.0,1314.0,677.0,526.0,116.0,1780.0,1499.0,186.0,663.0,14047.0
28/10/2004,11.00.00,24.0,1116.0,122.0,1057.0,425.0,639.0,112.0,1532.0,1236.0,204.0,581.0,13762.0
28/10/2004,12.00.00,23.0,1139.0,131.0,1088.0,349.0,625.0,101.0,1580.0,1180.0,206.0,573.0,13792.0
28/10/2004,13.00.00,26.0,1165.0,145.0,1131.0,332.0,609.0,99.0,1640.0,1196.0,216.0,536.0,13669.0
28/10/2004,14.00.00,29.0,1260.0,175.0,1224.0,412.0,571.0,113.0,1731.0,1301.0,214.0,556.0,14015.0
28/10/2004,15.00.00,44.0,1475.0,259.0,1451.0,631.0,455.0,122.0,1991.0,1646.0,207.0,630.0,15204.0
28/10/2004,16.00.00,5.0,1521.0,266.0,1470.0,677.0,446.0,139.0,1977.0,1720.0,213.0,619.0,15463.0
28/10/2004,17.00.00,65.0,1633.0,353.0,1671.0,761.0,398.0,149.0,2271.0,1852.0,208.0,640.0,15522.0
28/10/2004,18.00.00,59.0,1463.0,282.0,1508.0,650.0,468.0,136.0,2092.0,1670.0,203.0,667.0,15656.0
28/10/2004,19.00.00,27.0,1140.0,142.0,1122.0,262.0,619.0,103.0,1602.0,1208.0,197.0,645.0,14594.0
28/10/2004,20.00.00,25.0,1147.0,124.0,1065.0,292.0,651.0,112.0,1562.0,1160.0,194.0,640.0,14282.0
28/10/2004,21.00.00,15.0,988.0,66.0,839.0,177.0,805.0,88.0,1382.0,937.0,201.0,608.0,14152.0
28/10/2004,22.00.00,1.0,924.0,48.0,754.0,103.0,890.0,63.0,1327.0,783.0,204.0,604.0,14263.0
28/10/2004,23.00.00,12.0,950.0,54.0,782.0,127.0,862.0,69.0,1331.0,807.0,201.0,626.0,14543.0
29/10/2004,00.00.00,1.0,926.0,43.0,727.0,119.0,925.0,65.0,1326.0,729.0,199.0,649.0,14905.0
29/10/2004,01.00.00,8.0,879.0,29.0,645.0,83.0,1023.0,50.0,1288.0,612.0,182.0,747.0,15441.0
29/10/2004,02.00.00,6.0,864.0,25.0,621.0,65.0,1073.0,43.0,1286.0,574.0,184.0,738.0,15463.0
29/10/2004,03.00.00,6.0,868.0,22.0,596.0,74.5,1092.0,49.5,1276.0,579.0,187.0,735.0,15664.0
29/10/2004,04.00.00,8.5,894.0,27.0,636.0,84.0,1010.0,56.0,1308.0,687.0,182.0,766.0,15907.0
29/10/2004,05.00.00,11.0,1009.0,61.0,816.0,200.0,799.0,69.0,1430.0,856.0,185.0,764.0,16112.0
29/10/2004,06.00.00,13.0,1069.0,77.0,889.0,242.0,738.0,91.0,1469.0,976.0,193.0,716.0,15844.0
29/10/2004,07.00.00,29.0,1311.0,159.0,1178.0,366.0,574.0,111.0,1769.0,1208.0,202.0,669.0,15643.0
29/10/2004,08.00.00,37.0,1370.0,228.0,1372.0,404.0,485.0,124.0,1945.0,1400.0,208.0,647.0,15692.0
29/10/2004,09.00.00,3.0,1246.0,166.0,1197.0,429.0,566.0,119.0,1746.0,1278.0,219.0,618.0,16021.0
29/10/2004,10.00.00,14.0,1039.0,84.0,917.0,169.0,735.0,77.0,1467.0,934.0,235.0,577.0,16515.0
29/10/2004,11.00.00,26.0,1296.0,139.0,1113.0,419.0,604.0,101.0,1736.0,1073.0,198.0,810.0,18538.0
29/10/2004,12.00.00,42.0,1523.0,249.0,1428.0,603.0,458.0,116.0,2114.0,1363.0,202.0,865.0,20224.0
29/10/2004,13.00.00,51.0,1424.0,224.0,1361.0,589.0,484.0,137.0,1983.0,1346.0,202.0,822.0,19184.0
29/10/2004,14.00.00,55.0,1513.0,261.0,1457.0,706.0,463.0,163.0,2125.0,1393.0,197.0,822.0,18669.0
29/10/2004,15.00.00,45.0,1338.0,181.0,1244.0,592.0,558.0,144.0,1847.0,1255.0,202.0,791.0,18500.0
29/10/2004,16.00.00,27.0,1214.0,139.0,1113.0,305.0,616.0,118.0,1664.0,1213.0,201.0,754.0,17510.0
29/10/2004,17.00.00,31.0,1290.0,185.0,1253.0,371.0,550.0,135.0,1807.0,1332.0,202.0,723.0,16893.0
29/10/2004,18.00.00,42.0,1353.0,209.0,1323.0,465.0,519.0,129.0,1860.0,1430.0,200.0,733.0,16930.0
29/10/2004,19.00.00,31.0,1130.0,129.0,1082.0,390.0,647.0,128.0,1591.0,1102.0,183.0,749.0,15583.0
29/10/2004,20.00.00,17.0,969.0,67.0,843.0,227.0,828.0,103.0,1375.0,895.0,189.0,704.0,15259.0
29/10/2004,21.00.00,18.0,1038.0,70.0,856.0,284.0,801.0,116.0,1415.0,905.0,173.0,763.0,14919.0
29/10/2004,22.00.00,17.0,1020.0,73.0,869.0,211.0,793.0,95.0,1410.0,869.0,171.0,779.0,15081.0
29/10/2004,23.00.00,21.0,1097.0,91.0,944.0,297.0,716.0,107.0,1489.0,982.0,173.0,793.0,15569.0
30/10/2004,00.00.00,24.0,1123.0,99.0,973.0,351.0,690.0,108.0,1520.0,999.0,173.0,799.0,15643.0
30/10/2004,01.00.00,18.0,1023.0,69.0,851.0,259.0,782.0,94.0,1413.0,881.0,169.0,806.0,15372.0
30/10/2004,02.00.00,15.0,1015.0,65.0,833.0,214.0,786.0,84.0,1400.0,868.0,169.0,814.0,15510.0
30/10/2004,03.00.00,14.0,979.0,59.0,805.0,193.5,809.0,78.0,1383.0,843.0,168.0,815.0,15418.0
30/10/2004,04.00.00,7.5,931.0,54.0,784.0,173.0,826.0,72.0,1372.0,833.0,169.0,798.0,15238.0
30/10/2004,05.00.00,1.0,922.0,54.0,783.0,192.0,857.0,76.0,1367.0,825.0,167.0,797.0,15030.0
30/10/2004,06.00.00,14.0,989.0,78.0,891.0,237.0,762.0,82.0,1453.0,901.0,168.0,790.0,14978.0
30/10/2004,07.00.00,24.0,1149.0,136.0,1103.0,413.0,622.0,94.0,1662.0,1090.0,168.0,798.0,15115.0
30/10/2004,08.00.00,31.0,1202.0,154.0,1160.0,455.0,585.0,102.0,1723.0,1165.0,169.0,799.0,15253.0
30/10/2004,09.00.00,3.0,1206.0,144.0,1131.0,493.0,592.0,106.0,1675.0,1201.0,174.0,793.0,15593.0
30/10/2004,10.00.00,27.0,1224.0,143.0,1126.0,482.0,596.0,108.0,1656.0,1231.0,180.0,766.0,15706.0
30/10/2004,11.00.00,4.0,1371.0,203.0,1305.0,599.0,521.0,152.0,1845.0,1461.0,212.0,644.0,16015.0
30/10/2004,12.00.00,37.0,1327.0,187.0,1259.0,481.0,539.0,160.0,1826.0,1434.0,224.0,608.0,16261.0
30/10/2004,13.00.00,34.0,1301.0,173.0,1218.0,406.0,553.0,133.0,1806.0,1399.0,226.0,611.0,16596.0
30/10/2004,14.00.00,34.0,1301.0,169.0,1208.0,419.0,560.0,147.0,1781.0,1417.0,236.0,573.0,16450.0
30/10/2004,15.00.00,32.0,1314.0,164.0,1191.0,387.0,564.0,135.0,1777.0,1395.0,235.0,583.0,16640.0
30/10/2004,16.00.00,39.0,1394.0,191.0,1272.0,461.0,526.0,135.0,1869.0,1442.0,229.0,616.0,17014.0
30/10/2004,17.00.00,37.0,1385.0,187.0,1260.0,493.0,528.0,129.0,1850.0,1425.0,223.0,643.0,17055.0
30/10/2004,18.00.00,43.0,1440.0,224.0,1362.0,532.0,486.0,117.0,1968.0,1496.0,216.0,680.0,17305.0
30/10/2004,19.00.00,49.0,1493.0,253.0,1437.0,581.0,470.0,116.0,2015.0,1551.0,212.0,674.0,16755.0
30/10/2004,20.00.00,4.0,1319.0,177.0,1230.0,494.0,551.0,109.0,1785.0,1381.0,208.0,658.0,16001.0
30/10/2004,21.00.00,28.0,1187.0,138.0,1110.0,392.0,612.0,96.0,1658.0,1229.0,204.0,648.0,15379.0
30/10/2004,22.00.00,24.0,1119.0,102.0,984.0,311.0,688.0,90.0,1539.0,1082.0,201.0,667.0,15548.0
30/10/2004,23.00.00,19.0,1100.0,86.0,924.0,236.0,744.0,82.0,1494.0,963.0,195.0,700.0,15711.0
31/10/2004,00.00.00,2.0,1076.0,79.0,895.0,270.0,757.0,86.0,1492.0,939.0,193.0,704.0,15578.0
31/10/2004,01.00.00,15.0,972.0,57.0,799.0,199.0,833.0,72.0,1425.0,825.0,197.0,686.0,15563.0
31/10/2004,02.00.00,13.0,973.0,64.0,828.0,146.0,818.0,61.0,1445.0,811.0,197.0,682.0,15484.0
31/10/2004,03.00.00,1.0,918.0,46.0,742.0,110.0,905.0,53.0,1386.0,720.0,199.0,684.0,15673.0
31/10/2004,04.00.00,3.0,844.0,27.0,630.0,74.0,1035.0,45.0,1320.0,627.0,184.0,742.0,15581.0
31/10/2004,05.00.00,5.0,817.0,21.0,588.0,55.0,1134.0,37.0,1310.0,589.0,189.0,713.0,15449.0
31/10/2004,06.00.00,4.0,791.0,12.0,519.0,43.0,1291.0,31.0,1295.0,540.0,181.0,790.0,16224.0
31/10/2004,07.00.00,4.0,819.0,14.0,537.0,46.0,1264.0,30.0,1315.0,551.0,204.0,712.0,16834.0
31/10/2004,08.00.00,9.0,972.0,46.0,743.0,139.0,944.0,41.0,1477.0,742.0,206.0,707.0,16996.0
31/10/2004,09.00.00,13.0,997.0,57.0,797.0,169.0,812.0,64.0,1470.0,824.0,193.0,741.0,16391.0
31/10/2004,10.00.00,21.0,1194.0,106.0,1000.0,254.0,653.0,74.0,1642.0,1059.0,222.0,644.0,17005.0
31/10/2004,11.00.00,24.0,1240.0,110.0,1014.0,303.0,628.0,77.0,1643.0,1144.0,230.0,646.0,17851.0
31/10/2004,12.00.00,2.0,1117.0,86.0,922.0,259.0,717.0,83.0,1585.0,994.0,243.0,574.0,17233.0
31/10/2004,13.00.00,18.0,1141.0,88.0,932.0,226.0,689.0,71.0,1595.0,1014.0,220.0,670.0,17441.0
31/10/2004,14.00.00,15.0,1062.0,75.0,880.0,161.0,719.0,62.0,1580.0,924.0,229.0,657.0,18148.0
31/10/2004,15.00.00,16.0,1160.0,116.0,1036.0,182.0,622.0,62.0,1727.0,1023.0,232.0,639.0,17957.0
31/10/2004,16.00.00,22.0,1169.0,101.0,983.0,289.0,672.0,79.0,1633.0,1033.0,230.0,623.0,17248.0
31/10/2004,17.00.00,23.0,1185.0,108.0,1006.0,340.0,666.0,93.0,1638.0,1065.0,224.0,632.0,16878.0
31/10/2004,18.00.00,66.0,1571.0,303.0,1559.0,544.0,440.0,106.0,2277.0,1516.0,217.0,666.0,17077.0
31/10/2004,19.00.00,47.0,1464.0,224.0,1362.0,543.0,487.0,100.0,1987.0,1648.0,212.0,703.0,17476.0
31/10/2004,20.00.00,41.0,1423.0,206.0,1314.0,501.0,508.0,89.0,1912.0,1466.0,208.0,709.0,17203.0
31/10/2004,21.00.00,41.0,1318.0,175.0,1226.0,521.0,543.0,83.0,1848.0,1365.0,200.0,732.0,16965.0
31/10/2004,22.00.00,27.0,1229.0,139.0,1114.0,352.0,598.0,76.0,1723.0,1247.0,197.0,737.0,16708.0
31/10/2004,23.00.00,26.0,1187.0,136.0,1105.0,321.0,611.0,68.0,1700.0,1183.0,199.0,726.0,16681.0
01/11/2004,00.00.00,32.0,1353.0,159.0,1176.0,318.0,584.0,69.0,1723.0,2150.0,201.0,713.0,16564.0
01/11/2004,01.00.00,37.0,1407.0,178.0,1235.0,338.0,548.0,77.0,1780.0,2519.0,201.0,711.0,16498.0
01/11/2004,02.00.00,35.0,1333.0,167.0,1201.0,353.0,552.0,68.0,1767.0,1925.0,196.0,732.0,16543.0
01/11/2004,03.00.00,3.0,1269.0,160.0,1181.0,322.0,559.0,60.0,1756.0,1762.0,191.0,758.0,16568.0
01/11/2004,04.00.00,15.0,1253.0,169.0,1206.0,291.0,540.0,52.0,1779.0,1579.0,184.0,779.0,16389.0
01/11/2004,05.00.00,27.0,1212.0,150.0,1149.0,279.0,562.0,49.0,1710.0,1599.0,184.0,781.0,16370.0
01/11/2004,06.00.00,18.0,1061.0,96.0,962.0,200.0,679.0,45.0,1554.0,1395.0,192.0,747.0,16398.0
01/11/2004,07.00.00,13.0,1028.0,78.0,890.0,180.0,733.0,51.0,1525.0,1323.0,194.0,751.0,16766.0
01/11/2004,08.00.00,15.0,1067.0,87.0,928.0,213.0,711.0,51.0,1564.0,1309.0,191.0,756.0,16519.0
01/11/2004,09.00.00,19.0,1111.0,98.0,970.0,266.0,667.0,62.0,1594.0,1441.0,203.0,711.0,16803.0
01/11/2004,10.00.00,22.0,1189.0,124.0,1065.0,247.0,609.0,74.0,1683.0,1830.0,231.0,613.0,17131.0
01/11/2004,11.00.00,26.0,1293.0,139.0,1114.0,326.0,584.0,88.0,1702.0,1704.0,251.0,560.0,17565.0
01/11/2004,12.00.00,27.0,1285.0,125.0,1065.0,319.0,597.0,90.0,1686.0,1576.0,258.0,561.0,18410.0
01/11/2004,13.00.00,25.0,1236.0,109.0,1011.0,320.0,631.0,91.0,1706.0,1305.0,237.0,682.0,19739.0
01/11/2004,14.00.00,15.0,1082.0,65.0,834.0,174.0,747.0,64.0,1562.0,991.0,231.0,708.0,19800.0
01/11/2004,15.00.00,2.0,1188.0,94.0,954.0,216.0,664.0,72.0,1636.0,1148.0,239.0,663.0,19361.0
01/11/2004,16.00.00,31.0,1348.0,153.0,1157.0,376.0,564.0,88.0,1810.0,1307.0,238.0,650.0,18897.0
01/11/2004,17.00.00,37.0,1394.0,164.0,1193.0,496.0,547.0,110.0,1811.0,1386.0,232.0,656.0,18435.0
01/11/2004,18.00.00,4.0,1472.0,198.0,1290.0,523.0,510.0,95.0,1942.0,1420.0,218.0,727.0,18789.0
01/11/2004,19.00.00,41.0,1291.0,158.0,1174.0,465.0,567.0,91.0,1746.0,1341.0,217.0,673.0,17256.0
01/11/2004,20.00.00,31.0,1264.0,145.0,1133.0,407.0,593.0,94.0,1750.0,1258.0,213.0,663.0,16594.0
01/11/2004,21.00.00,32.0,1264.0,147.0,1138.0,412.0,579.0,86.0,1733.0,1245.0,204.0,716.0,17004.0
01/11/2004,22.00.00,32.0,1260.0,153.0,1160.0,403.0,568.0,79.0,1755.0,1231.0,196.0,753.0,16981.0
01/11/2004,23.00.00,27.0,1184.0,130.0,1084.0,357.0,612.0,71.0,1674.0,1151.0,193.0,758.0,16762.0
02/11/2004,00.00.00,23.0,1122.0,105.0,996.0,259.0,660.0,62.0,1586.0,1048.0,184.0,763.0,16017.0
02/11/2004,01.00.00,16.0,983.0,76.0,881.0,227.0,752.0,56.0,1472.0,928.0,182.0,764.0,15787.0
02/11/2004,02.00.00,11.0,885.0,48.0,753.0,147.0,878.0,49.0,1374.0,813.0,179.0,748.0,15219.0
02/11/2004,03.00.00,7.0,825.0,31.0,661.0,109.5,987.0,43.5,1334.0,753.0,175.0,745.0,14781.0
02/11/2004,04.00.00,6.5,791.0,26.0,627.0,72.0,1069.0,38.0,1306.0,709.0,172.0,740.0,14388.0
02/11/2004,05.00.00,6.0,802.0,27.0,636.0,96.0,1016.0,35.0,1289.0,721.0,176.0,732.0,14555.0
02/11/2004,06.00.00,5.0,804.0,30.0,652.0,73.0,1054.0,37.0,1294.0,710.0,179.0,693.0,14099.0
02/11/2004,07.00.00,15.0,1014.0,87.0,927.0,309.0,747.0,56.0,1497.0,951.0,161.0,763.0,13902.0
02/11/2004,08.00.00,34.0,1316.0,207.0,1317.0,607.0,538.0,85.0,1860.0,1336.0,171.0,728.0,14054.0
02/11/2004,09.00.00,44.0,1296.0,252.0,1435.0,562.0,504.0,112.0,1899.0,1489.0,208.0,579.0,14070.0
02/11/2004,10.00.00,44.0,1381.0,236.0,1394.0,560.0,495.0,107.0,1911.0,1558.0,206.0,602.0,14428.0
02/11/2004,11.00.00,58.0,1570.0,329.0,1617.0,844.0,426.0,151.0,2170.0,1944.0,221.0,566.0,14851.0
02/11/2004,12.00.00,49.0,1426.0,256.0,1445.0,667.0,477.0,151.0,1970.0,1782.0,240.0,500.0,14679.0
02/11/2004,13.00.00,51.0,1535.0,312.0,1578.0,583.0,440.0,150.0,2125.0,1921.0,257.0,456.0,14870.0
02/11/2004,14.00.00,75.0,1678.0,379.0,1727.0,726.0,390.0,190.0,2318.0,2039.0,255.0,497.0,15985.0
02/11/2004,15.00.00,58.0,1605.0,323.0,1603.0,674.0,415.0,168.0,2199.0,1912.0,252.0,506.0,15989.0
02/11/2004,16.00.00,59.0,1559.0,315.0,1586.0,544.0,421.0,127.0,2197.0,1827.0,254.0,507.0,16187.0
02/11/2004,17.00.00,68.0,1713.0,380.0,1728.0,715.0,390.0,140.0,2386.0,1919.0,244.0,560.0,16885.0
02/11/2004,18.00.00,79.0,1751.0,441.0,1853.0,789.0,358.0,158.0,2496.0,2013.0,230.0,621.0,17283.0
02/11/2004,19.00.00,8.0,1723.0,449.0,1869.0,737.0,359.0,121.0,2563.0,1919.0,218.0,653.0,16889.0
02/11/2004,20.00.00,92.0,1778.0,482.0,1935.0,859.0,349.0,119.0,2643.0,1927.0,209.0,675.0,16539.0
02/11/2004,21.00.00,59.0,1461.0,291.0,1529.0,668.0,450.0,96.0,2111.0,1573.0,202.0,686.0,16034.0
02/11/2004,22.00.00,37.0,1258.0,191.0,1272.0,454.0,541.0,77.0,1804.0,1325.0,193.0,708.0,15728.0
02/11/2004,23.00.00,26.0,1138.0,139.0,1113.0,337.0,610.0,66.0,1641.0,1203.0,192.0,688.0,15097.0
03/11/2004,00.00.00,11.0,936.0,68.0,849.0,127.0,798.0,56.0,1381.0,947.0,204.0,611.0,14495.0
03/11/2004,01.00.00,26.0,1167.0,132.0,1090.0,281.0,626.0,62.0,1620.0,1106.0,180.0,715.0,14615.0
03/11/2004,02.00.00,22.0,1071.0,107.0,1003.0,252.0,665.0,58.0,1542.0,1045.0,175.0,732.0,14515.0
03/11/2004,03.00.00,9.0,866.0,41.0,717.0,158.5,909.0,47.5,1328.0,827.0,172.0,717.0,13940.0
03/11/2004,04.00.00,7.0,836.0,29.0,647.0,65.0,985.0,37.0,1271.0,777.0,164.0,744.0,13779.0
03/11/2004,05.00.00,5.0,823.0,27.0,630.0,69.0,1033.0,35.0,1253.0,748.0,168.0,719.0,13628.0
03/11/2004,06.00.00,7.0,890.0,43.0,727.0,151.0,917.0,50.0,1290.0,833.0,169.0,705.0,13504.0
03/11/2004,07.00.00,13.0,1019.0,80.0,901.0,231.0,750.0,64.0,1438.0,960.0,170.0,701.0,13512.0
03/11/2004,08.00.00,22.0,1177.0,155.0,1166.0,297.0,621.0,75.0,1667.0,1157.0,188.0,625.0,13401.0
03/11/2004,09.00.00,37.0,1348.0,238.0,1398.0,515.0,505.0,101.0,1847.0,1444.0,203.0,584.0,13745.0
03/11/2004,10.00.00,37.0,1341.0,210.0,1323.0,499.0,516.0,94.0,1786.0,1522.0,237.0,491.0,14230.0
03/11/2004,11.00.00,34.0,1307.0,193.0,1278.0,445.0,527.0,95.0,1767.0,1452.0,266.0,428.0,14713.0
03/11/2004,12.00.00,34.0,1305.0,197.0,1287.0,464.0,525.0,124.0,1771.0,1437.0,262.0,435.0,14591.0
03/11/2004,13.00.00,26.0,1177.0,132.0,1090.0,298.0,612.0,86.0,1632.0,1209.0,263.0,436.0,14663.0
03/11/2004,14.00.00,25.0,1192.0,130.0,1085.0,266.0,617.0,79.0,1638.0,1170.0,266.0,425.0,14568.0
03/11/2004,15.00.00,25.0,1214.0,129.0,1080.0,323.0,611.0,87.0,1642.0,1190.0,263.0,437.0,14718.0
03/11/2004,16.00.00,27.0,1240.0,151.0,1152.0,352.0,575.0,94.0,1699.0,1278.0,256.0,462.0,14903.0
03/11/2004,17.00.00,32.0,1271.0,163.0,1188.0,372.0,563.0,107.0,1703.0,1305.0,251.0,476.0,14983.0
03/11/2004,18.00.00,37.0,1333.0,205.0,1312.0,383.0,520.0,107.0,1853.0,1364.0,238.0,514.0,14956.0
03/11/2004,19.00.00,46.0,1390.0,244.0,1414.0,455.0,487.0,117.0,1959.0,1428.0,233.0,531.0,14960.0
03/11/2004,20.00.00,33.0,1266.0,187.0,1261.0,355.0,541.0,97.0,1807.0,1285.0,224.0,552.0,14735.0
03/11/2004,21.00.00,24.0,1140.0,127.0,1072.0,267.0,626.0,90.0,1597.0,1143.0,217.0,577.0,14766.0
03/11/2004,22.00.00,28.0,1240.0,156.0,1168.0,308.0,582.0,86.0,1714.0,1235.0,205.0,630.0,15043.0
03/11/2004,23.00.00,27.0,1187.0,142.0,1122.0,313.0,589.0,77.0,1641.0,1208.0,195.0,676.0,15156.0
04/11/2004,00.00.00,18.0,1043.0,99.0,975.0,216.0,675.0,66.0,1489.0,1041.0,187.0,690.0,14727.0
04/11/2004,01.00.00,11.0,948.0,63.0,826.0,137.0,802.0,57.0,1382.0,897.0,193.0,655.0,14500.0
04/11/2004,02.00.00,12.0,955.0,52.0,775.0,140.0,831.0,55.0,1362.0,862.0,176.0,708.0,14105.0
04/11/2004,03.00.00,8.0,915.0,42.0,721.0,117.0,891.0,47.5,1315.0,816.0,168.0,729.0,13851.0
04/11/2004,04.00.00,6.0,832.0,29.0,644.0,94.0,990.0,40.0,1239.0,747.0,178.0,681.0,13722.0
04/11/2004,05.00.00,5.0,846.0,26.0,628.0,79.0,1025.0,40.0,1218.0,727.0,161.0,735.0,13329.0
04/11/2004,06.00.00,7.0,897.0,47.0,750.0,156.0,874.0,46.0,1270.0,799.0,158.0,735.0,13151.0
04/11/2004,07.00.00,8.0,908.0,51.0,767.0,153.0,868.0,53.0,1272.0,807.0,170.0,680.0,13102.0
04/11/2004,08.00.00,35.0,1348.0,222.0,1357.0,464.0,526.0,84.0,1833.0,1324.0,160.0,722.0,13077.0
04/11/2004,09.00.00,36.0,1384.0,233.0,1386.0,435.0,504.0,88.0,1833.0,1404.0,178.0,654.0,13213.0
04/11/2004,10.00.00,41.666666666666664,1473.0,263.0,1463.0,683.0,462.0,143.0,1948.0,1605.0,206.0,560.0,13467.0
04/11/2004,11.00.00,47.333333333333336,1360.0,197.0,1287.0,523.0,517.0,130.0,1755.0,1478.0,236.0,480.0,13757.0
04/11/2004,12.00.00,53.0,1305.0,174.0,1223.0,460.0,545.0,120.0,1720.0,1414.0,237.0,498.0,14433.0
04/11/2004,13.00.00,58.66666666666667,1337.0,202.0,1302.0,417.0,507.0,139.0,1786.0,1465.0,247.0,474.0,14527.0
04/11/2004,14.00.00,64.33333333333334,1414.0,244.0,1414.0,486.0,478.0,139.0,1896.0,1588.0,259.0,428.0,14122.0
04/11/2004,15.00.00,70.0,1463.0,245.0,1417.0,512.0,467.0,156.0,1900.0,1651.0,268.0,433.0,14977.0
04/11/2004,16.00.00,75.66666666666667,1530.0,248.0,1425.0,595.0,457.0,143.0,1975.0,1652.0,266.0,455.0,15555.0
04/11/2004,17.00.00,81.33333333333334,1915.0,459.0,1889.0,1052.0,340.0,186.0,2603.0,2110.0,248.0,539.0,16683.0
04/11/2004,18.00.00,87.0,1882.0,475.0,1920.0,1014.0,328.0,171.0,2609.0,2204.0,231.0,611.0,17082.0
04/11/2004,19.00.00,58.0,1589.0,330.0,1619.0,633.0,406.0,124.0,2216.0,1780.0,222.0,637.0,16865.0
04/11/2004,20.00.00,43.0,1463.0,272.0,1484.0,485.0,443.0,97.0,2011.0,1590.0,211.0,661.0,16313.0
04/11/2004,21.00.00,36.0,1380.0,218.0,1345.0,480.0,493.0,92.0,1856.0,1419.0,200.0,690.0,15956.0
04/11/2004,22.00.00,39.0,1383.0,213.0,1332.0,572.0,495.0,96.0,1855.0,1415.0,191.0,720.0,15732.0
04/11/2004,23.00.00,24.0,1181.0,133.0,1094.0,345.0,600.0,74.0,1599.0,1180.0,188.0,706.0,15209.0
05/11/2004,00.00.00,16.0,1061.0,88.0,931.0,195.0,699.0,65.0,1481.0,1015.0,185.0,695.0,14657.0
05/11/2004,01.00.00,18.0,1091.0,92.0,945.0,213.0,698.0,62.0,1467.0,1014.0,184.0,685.0,14390.0
05/11/2004,02.00.00,15.0,1010.0,76.0,884.0,216.0,719.0,59.0,1430.0,938.0,168.0,733.0,13915.0
05/11/2004,03.00.00,7.0,868.0,36.0,688.0,144.5,922.0,50.0,1249.0,777.0,179.0,668.0,13596.0
05/11/2004,04.00.00,5.0,852.0,28.0,639.0,73.0,1009.0,41.0,1204.0,723.0,165.0,710.0,13239.0
05/11/2004,05.00.00,4.0,826.0,22.0,601.0,67.0,1056.0,38.0,1180.0,702.0,169.0,679.0,12950.0
05/11/2004,06.00.00,5.0,862.0,34.0,677.0,96.0,973.0,43.0,1192.0,725.0,161.0,693.0,12591.0
05/11/2004,07.00.00,8.0,951.0,57.0,800.0,162.0,803.0,52.0,1257.0,836.0,161.0,696.0,12593.0
05/11/2004,08.00.00,2.0,1210.0,163.0,1188.0,305.0,583.0,75.0,1575.0,1129.0,162.0,701.0,12837.0
05/11/2004,09.00.00,62.0,1601.0,379.0,1727.0,725.0,389.0,118.0,2252.0,1718.0,165.0,693.0,12897.0
05/11/2004,10.00.00,45.0,1477.0,255.0,1443.0,658.0,469.0,126.0,1878.0,1646.0,196.0,583.0,13141.0
05/11/2004,11.00.00,46.0,1458.0,242.0,1408.0,710.0,471.0,151.0,1889.0,1664.0,207.0,555.0,13414.0
05/11/2004,12.00.00,33.0,1354.0,209.0,1321.0,445.0,504.0,107.0,1799.0,1496.0,208.0,563.0,13664.0
05/11/2004,13.00.00,36.0,1385.0,221.0,1354.0,455.0,490.0,114.0,1823.0,1506.0,217.0,531.0,13649.0
05/11/2004,14.00.00,44.0,1460.0,250.0,1430.0,524.0,466.0,125.0,1932.0,1604.0,230.0,490.0,13620.0
05/11/2004,15.00.00,43.0,1492.0,264.0,1463.0,527.0,460.0,138.0,1935.0,1632.0,242.0,440.0,13078.0
05/11/2004,16.00.00,5.0,1569.0,298.0,1547.0,601.0,435.0,144.0,2016.0,1736.0,247.0,436.0,13396.0
05/11/2004,17.00.00,81.0,1870.0,450.0,1871.0,1001.0,351.0,180.0,2483.0,2165.0,230.0,542.0,15066.0
05/11/2004,18.00.00,8.0,1774.0,428.0,1829.0,852.0,359.0,154.0,2457.0,2152.0,214.0,609.0,15322.0
05/11/2004,19.00.00,36.0,1388.0,224.0,1363.0,370.0,485.0,105.0,1815.0,1556.0,203.0,614.0,14417.0
05/11/2004,20.00.00,29.0,1303.0,159.0,1177.0,348.0,562.0,98.0,1619.0,1389.0,200.0,632.0,14581.0
05/11/2004,21.00.00,27.0,1257.0,143.0,1126.0,361.0,581.0,93.0,1599.0,1300.0,191.0,644.0,14050.0
05/11/2004,22.00.00,19.0,1132.0,107.0,1002.0,255.0,640.0,76.0,1474.0,1126.0,181.0,675.0,13855.0
05/11/2004,23.00.00,13.0,1050.0,76.0,881.0,162.0,732.0,69.0,1363.0,982.0,178.0,669.0,13464.0
06/11/2004,00.00.00,12.0,1033.0,67.0,842.0,166.0,756.0,66.0,1362.0,941.0,176.0,665.0,13249.0
06/11/2004,01.00.00,18.0,1106.0,90.0,938.0,247.0,685.0,76.0,1395.0,1010.0,161.0,712.0,12948.0
06/11/2004,02.00.00,19.0,1107.0,90.0,940.0,255.0,689.0,73.0,1403.0,985.0,155.0,733.0,12845.0
06/11/2004,03.00.00,15.0,1011.0,70.0,856.0,192.0,769.0,63.5,1341.0,889.0,154.0,728.0,12633.0
06/11/2004,04.00.00,9.0,916.0,43.0,726.0,129.0,879.0,54.0,1248.0,791.0,156.0,708.0,12461.0
06/11/2004,05.00.00,5.0,852.0,28.0,641.0,83.0,1012.0,44.0,1172.0,710.0,170.0,645.0,12374.0
06/11/2004,06.00.00,6.0,889.0,37.0,694.0,114.0,913.0,45.0,1198.0,743.0,149.0,723.0,12186.0
06/11/2004,07.00.00,11.0,1002.0,63.0,828.0,233.0,798.0,58.0,1307.0,857.0,140.0,766.0,12183.0
06/11/2004,08.00.00,28.0,1231.0,145.0,1134.0,448.0,587.0,87.0,1572.0,1143.0,146.0,742.0,12256.0
06/11/2004,09.00.00,29.0,1212.0,164.0,1191.0,455.0,551.0,97.0,1586.0,1210.0,159.0,698.0,12530.0
06/11/2004,10.00.00,17.0,1121.0,109.0,1012.0,254.0,650.0,80.0,1436.0,1060.0,184.0,613.0,12854.0
06/11/2004,11.00.00,23.0,1260.0,141.0,1121.0,313.0,568.0,82.0,1569.0,1252.0,200.0,567.0,13078.0
06/11/2004,12.00.00,33.0,1391.0,171.0,1214.0,490.0,518.0,112.0,1691.0,1435.0,204.0,570.0,13507.0
06/11/2004,13.00.00,35.0,1463.0,194.0,1280.0,496.0,482.0,121.0,1794.0,1544.0,207.0,593.0,14283.0
06/11/2004,14.00.00,38.0,1464.0,209.0,1321.0,514.0,475.0,132.0,1794.0,1600.0,217.0,548.0,14024.0
06/11/2004,15.00.00,34.0,1412.0,177.0,1230.0,454.0,516.0,141.0,1672.0,1534.0,220.0,542.0,14096.0
06/11/2004,16.00.00,38.0,1450.0,198.0,1292.0,507.0,495.0,130.0,1768.0,1495.0,214.0,571.0,14356.0
06/11/2004,17.00.00,36.0,1416.0,195.0,1283.0,474.0,510.0,113.0,1739.0,1442.0,208.0,587.0,14259.0
06/11/2004,18.00.00,35.0,1346.0,170.0,1211.0,404.0,540.0,101.0,1674.0,1340.0,201.0,596.0,13852.0
06/11/2004,19.00.00,28.0,1273.0,146.0,1137.0,356.0,586.0,91.0,1563.0,1231.0,200.0,584.0,13473.0
06/11/2004,20.00.00,25.0,1206.0,120.0,1049.0,345.0,634.0,90.0,1484.0,1128.0,195.0,589.0,13195.0
06/11/2004,21.00.00,31.0,1252.0,133.0,1094.0,395.0,615.0,90.0,1526.0,1188.0,195.0,574.0,12874.0
06/11/2004,22.00.00,18.0,1069.0,79.0,897.0,249.0,729.0,83.0,1364.0,998.0,191.0,592.0,12950.0
06/11/2004,23.00.00,16.0,1061.0,79.0,895.0,197.0,737.0,73.0,1359.0,944.0,188.0,591.0,12702.0
07/11/2004,00.00.00,19.0,1072.0,75.0,880.0,224.0,767.0,80.0,1318.0,928.0,180.0,604.0,12331.0
07/11/2004,01.00.00,2.0,1075.0,84.0,917.0,231.0,737.0,87.0,1354.0,1037.0,175.0,607.0,12009.0
07/11/2004,02.00.00,14.0,992.0,69.0,853.0,177.0,796.0,79.0,1305.0,930.0,175.0,594.0,11768.0
07/11/2004,03.00.00,12.0,914.0,46.0,741.0,137.5,891.0,67.5,1210.0,803.0,171.0,592.0,11477.0
07/11/2004,04.00.00,9.5,854.0,38.0,700.0,98.0,980.0,56.0,1151.0,665.0,170.0,523.0,10009.0
07/11/2004,05.00.00,7.0,774.0,21.0,591.0,64.0,1151.0,42.0,1044.0,533.0,161.0,498.0,9021.0
07/11/2004,06.00.00,4.0,757.0,15.0,542.0,44.0,1339.0,31.0,1004.0,449.0,155.0,515.0,9026.0
07/11/2004,07.00.00,4.0,752.0,12.0,516.0,53.0,1370.0,35.0,997.0,440.0,151.0,520.0,8878.0
07/11/2004,08.00.00,5.0,757.0,16.0,551.0,94.0,1295.0,51.0,967.0,453.0,149.0,468.0,7885.0
07/11/2004,09.00.00,7.0,777.0,19.0,580.0,100.0,1263.0,58.0,963.0,465.0,155.0,424.0,7400.0
07/11/2004,10.00.00,7.0,774.0,20.0,583.0,98.0,1246.0,57.0,966.0,457.0,166.0,382.0,7186.0
07/11/2004,11.00.00,7.0,805.0,27.0,632.0,115.0,1176.0,63.0,1033.0,475.0,180.0,347.0,7089.0
07/11/2004,12.00.00,1.0,838.0,36.0,686.0,115.0,1083.0,61.0,1046.0,532.0,180.0,351.0,7176.0
07/11/2004,13.00.00,1.0,824.0,37.0,695.0,76.0,1091.0,34.0,1035.0,526.0,176.0,338.0,6726.0
07/11/2004,14.00.00,9.0,812.0,39.0,704.0,55.0,1055.0,26.0,1044.0,520.0,175.0,337.0,6691.0
07/11/2004,15.00.00,9.0,806.0,38.0,702.0,59.0,1052.0,28.0,1035.0,500.0,172.0,339.0,6591.0
07/11/2004,16.00.00,9.0,789.0,34.0,675.0,95.0,1121.0,50.0,974.0,482.0,168.0,321.0,6073.0
07/11/2004,17.00.00,11.0,821.0,40.0,713.0,107.0,1067.0,55.0,1030.0,539.0,160.0,341.0,6155.0
07/11/2004,18.00.00,32.0,1024.0,143.0,1127.0,189.0,704.0,84.0,1346.0,943.0,148.0,375.0,6259.0
07/11/2004,19.00.00,31.0,1009.0,105.0,995.0,386.0,784.0,140.0,1201.0,1016.0,144.0,392.0,6407.0
07/11/2004,20.00.00,31.0,1064.0,122.0,1055.0,412.0,738.0,138.0,1242.0,1063.0,141.0,430.0,6883.0
07/11/2004,21.00.00,23.0,1001.0,114.0,1029.0,342.0,733.0,127.0,1255.0,1034.0,134.0,484.0,7397.0
07/11/2004,22.00.00,18.0,927.0,73.0,868.0,255.0,847.0,117.0,1155.0,864.0,127.0,512.0,7505.0
07/11/2004,23.00.00,8.0,819.0,24.0,613.0,89.0,1118.0,57.0,1060.0,500.0,99.0,714.0,8736.0
08/11/2004,00.00.00,9.0,847.0,27.0,630.0,106.0,1057.0,59.0,1091.0,537.0,102.0,716.0,8893.0
08/11/2004,01.00.00,8.0,798.0,25.0,621.0,109.0,1115.0,62.0,1041.0,524.0,106.0,613.0,7856.0
08/11/2004,02.00.00,7.0,757.0,17.0,561.0,67.0,1192.0,42.0,998.0,457.0,111.0,556.0,7344.0
08/11/2004,03.00.00,4.0,703.0,5.0,446.0,40.0,1523.0,27.5,918.0,360.0,115.0,504.0,6815.0
08/11/2004,04.00.00,2.0,689.0,3.0,407.0,13.0,1757.0,13.0,895.0,333.0,113.0,495.0,6615.0
08/11/2004,05.00.00,2.0,698.0,4.0,424.0,20.0,1665.0,18.0,903.0,339.0,108.0,509.0,6570.0
08/11/2004,06.00.00,3.0,720.0,6.0,458.0,33.0,1536.0,26.0,917.0,358.0,109.0,501.0,6519.0
08/11/2004,07.00.00,7.0,797.0,21.0,593.0,146.0,1212.0,72.0,984.0,494.0,108.0,497.0,6429.0
08/11/2004,08.00.00,17.0,950.0,74.0,875.0,359.0,850.0,131.0,1179.0,828.0,107.0,504.0,6467.0
08/11/2004,09.00.00,18.0,887.0,59.0,809.0,322.0,899.0,133.0,1111.0,769.0,109.0,500.0,6531.0
08/11/2004,10.00.00,15.0,850.0,48.0,755.0,293.0,966.0,116.0,1051.0,714.0,121.0,465.0,6530.0
08/11/2004,11.00.00,13.0,836.0,45.0,740.0,255.0,987.0,117.0,1046.0,672.0,124.0,441.0,6324.0
08/11/2004,12.00.00,12.0,827.0,51.0,768.0,233.0,972.0,103.0,1040.0,671.0,130.0,401.0,5989.0
08/11/2004,13.00.00,13.0,819.0,60.0,810.0,220.0,947.0,100.0,1027.0,631.0,134.0,363.0,5556.0
08/11/2004,14.00.00,18.0,919.0,100.0,978.0,246.0,820.0,105.0,1180.0,805.0,131.0,385.0,5776.0
08/11/2004,15.00.00,17.0,897.0,78.0,890.0,272.0,850.0,121.0,1139.0,808.0,115.0,464.0,6302.0
08/11/2004,16.00.00,22.0,973.0,112.0,1023.0,358.0,780.0,132.0,1226.0,964.0,131.0,404.0,6060.0
08/11/2004,17.00.00,32.0,1065.0,170.0,1211.0,514.0,669.0,156.0,1364.0,1188.0,130.0,393.0,5877.0
08/11/2004,18.00.00,59.0,1341.0,310.0,1575.0,742.0,503.0,183.0,1778.0,1571.0,113.0,509.0,6790.0
08/11/2004,19.00.00,66.0,1303.0,289.0,1524.0,721.1176470588235,515.0,178.47058823529412,1744.0,1580.0,106.0,534.0,6818.0
08/11/2004,20.00.00,63.75,1189.0,231.0,1381.0,700.2352941176471,566.0,173.94117647058823,1574.0,1426.0,95.0,579.0,6877.0
08/11/2004,21.00.00,61.5,1054.0,137.0,1106.0,679.3529411764706,679.0,169.41176470588235,1297.0,1239.0,86.0,605.0,6788.0
08/11/2004,22.00.00,59.25,943.0,80.0,900.0,658.4705882352941,816.0,164.88235294117646,1129.0,1064.0,85.0,597.0,6649.0
08/11/2004,23.00.00,57.0,903.0,74.0,872.0,637.5882352941177,855.0,160.35294117647058,1108.0,987.0,79.0,614.0,6582.0
09/11/2004,00.00.00,54.75,858.0,49.0,760.0,616.7058823529412,940.0,155.8235294117647,1049.0,873.0,71.0,636.0,6442.0
09/11/2004,01.00.00,52.5,821.0,37.0,696.0,595.8235294117646,1032.0,151.29411764705884,1013.0,783.0,72.0,622.0,6362.0
09/11/2004,02.00.00,50.25,781.0,29.0,645.0,574.9411764705883,1088.0,146.76470588235293,986.0,719.0,56.0,679.0,6247.0
09/11/2004,03.00.00,48.0,741.0,19.0,580.0,554.0588235294117,1224.0,142.23529411764707,952.0,660.0,51.0,687.0,6077.0
09/11/2004,04.00.00,45.75,720.0,14.0,540.0,533.1764705882354,1296.0,137.70588235294116,938.0,613.0,44.0,714.0,6024.0
09/11/2004,05.00.00,43.5,733.0,19.0,574.0,512.2941176470588,1238.0,133.1764705882353,964.0,627.0,41.0,731.0,6074.0
09/11/2004,06.00.00,41.25,780.0,32.0,666.0,491.4117647058823,1099.0,128.64705882352942,1003.0,697.0,32.0,768.0,5963.0
09/11/2004,07.00.00,39.0,915.0,74.0,873.0,470.52941176470586,873.0,124.11764705882354,1135.0,915.0,37.0,762.0,6137.0
09/11/2004,08.00.00,36.75,1228.0,224.0,1362.0,449.6470588235294,575.0,119.58823529411765,1543.0,1399.0,49.0,707.0,6193.0
09/11/2004,09.00.00,34.5,1239.0,228.0,1373.0,428.7647058823529,550.0,115.05882352941177,1593.0,1495.0,71.0,620.0,6265.0
09/11/2004,10.00.00,32.25,1209.0,185.0,1255.0,407.88235294117646,588.0,110.52941176470588,1447.0,1499.0,81.0,591.0,6397.0
09/11/2004,11.00.00,30.0,1257.0,204.0,1308.0,387.0,548.0,106.0,1466.0,1720.0,111.0,488.0,6430.0
09/11/2004,12.00.00,27.75,1007.0,106.0,1000.0,366.11764705882354,727.0,101.47058823529412,1197.0,1210.0,113.0,465.0,6194.0
09/11/2004,13.00.00,25.5,1020.0,118.0,1041.0,345.2352941176471,733.0,96.94117647058823,1245.0,1123.0,125.0,423.0,6104.0
09/11/2004,14.00.00,23.25,1094.0,148.0,1144.0,324.3529411764706,669.0,92.41176470588235,1327.0,1209.0,125.0,428.0,6177.0
09/11/2004,15.00.00,21.0,1045.0,131.0,1087.0,303.4705882352941,712.0,87.88235294117648,1270.0,1144.0,126.0,424.0,6159.0
09/11/2004,16.00.00,15.0,909.0,75.0,879.0,282.5882352941176,874.0,83.3529411764706,1083.0,847.0,138.0,407.0,6405.0
09/11/2004,17.00.00,16.0,1013.0,81.0,905.0,261.70588235294116,816.0,78.82352941176471,1201.0,923.0,110.0,588.0,7705.0
09/11/2004,18.00.00,35.0,1236.0,169.0,1206.0,240.8235294117647,615.0,74.29411764705883,1523.0,1166.0,83.0,765.0,8426.0
09/11/2004,19.00.00,46.0,1275.0,199.0,1294.0,219.94117647058818,570.0,69.76470588235294,1605.0,1280.0,86.0,755.0,8469.0
09/11/2004,20.00.00,47.0,1237.0,165.0,1194.0,199.0588235294117,615.0,65.23529411764706,1508.0,1193.0,88.0,766.0,8678.0
09/11/2004,21.00.00,3.0,1101.0,96.0,963.0,178.17647058823525,748.0,60.705882352941174,1320.0,966.0,80.0,810.0,8714.0
09/11/2004,22.00.00,15.0,962.0,53.0,778.0,157.29411764705878,911.0,56.176470588235304,1162.0,752.0,73.0,857.0,8818.0
09/11/2004,23.00.00,9.0,841.0,35.0,680.0,136.41176470588232,1052.0,51.64705882352942,1067.0,594.0,65.0,856.0,8353.0
10/11/2004,00.00.00,8.0,831.0,25.0,620.0,115.52941176470586,1164.0,47.117647058823536,1039.0,545.0,65.0,835.0,8116.0
10/11/2004,01.00.00,7.0,843.0,25.0,622.0,94.64705882352939,1146.0,42.58823529411765,1060.0,555.0,69.0,823.0,8244.0
10/11/2004,02.00.00,6.0,798.0,22.0,600.0,73.76470588235293,1151.0,38.05882352941177,1049.0,543.0,73.0,781.0,8041.0
10/11/2004,03.00.00,3.0,730.0,8.0,477.0,52.882352941176464,1433.0,33.529411764705884,950.0,420.0,79.0,680.0,7265.0
10/11/2004,04.00.00,2.0,715.0,5.0,445.0,32.0,1601.0,29.0,925.0,373.0,80.0,645.0,6950.0
10/11/2004,05.00.00,2.0,726.0,5.0,443.0,29.0,1663.0,26.0,942.0,363.0,81.0,686.0,7409.0
10/11/2004,06.00.00,3.0,771.0,9.0,490.0,48.0,1419.0,39.0,990.0,411.0,63.0,848.0,8148.0
10/11/2004,07.00.00,5.0,805.0,16.0,555.0,113.0,1255.0,72.0,1019.0,496.0,67.0,798.0,7872.0
10/11/2004,08.00.00,14.0,958.0,58.0,803.0,267.0,910.0,128.0,1172.0,738.0,71.0,779.0,7914.0
10/11/2004,09.00.00,2.0,1021.0,95.0,959.0,332.0,760.0,149.0,1297.0,910.0,79.0,735.0,7883.0
10/11/2004,10.00.00,16.0,969.0,67.0,843.0,354.0,857.0,165.0,1213.0,821.0,69.0,860.0,8632.0
10/11/2004,11.00.00,13.0,923.0,44.0,733.0,316.0,962.0,150.0,1124.0,740.0,68.0,871.0,8652.0
10/11/2004,12.00.00,14.0,973.0,68.0,850.0,395.0,868.0,165.0,1213.0,852.0,80.0,816.0,8755.0
10/11/2004,13.00.00,19.0,996.0,78.0,893.0,391.0,808.0,175.0,1237.0,895.0,95.0,700.0,8296.0
10/11/2004,14.00.00,27.0,1055.0,108.0,1007.0,457.0,736.0,145.0,1301.0,1019.0,105.0,622.0,7923.0
10/11/2004,15.00.00,21.0,1023.0,98.0,971.0,448.0,752.0,98.0,1283.0,993.0,114.0,591.0,7963.0
10/11/2004,16.00.00,24.0,1039.0,113.0,1024.0,543.0,721.0,105.0,1325.0,1043.0,111.0,586.0,7737.0
10/11/2004,17.00.00,27.0,1051.0,123.0,1061.0,574.0,696.0,106.0,1333.0,1111.0,108.0,576.0,7473.0
10/11/2004,18.00.00,25.0,1050.0,126.0,1070.0,435.0,699.0,141.0,1334.0,1087.0,106.0,569.0,7281.0
10/11/2004,19.00.00,37.0,1156.0,170.0,1209.0,504.0,614.0,177.0,1467.0,1250.0,106.0,593.0,7588.0
10/11/2004,20.00.00,46.0,1277.0,214.0,1335.0,586.0,551.0,182.0,1636.0,1331.0,100.0,715.0,8768.0
10/11/2004,21.00.00,39.0,1172.0,153.0,1159.0,580.0,621.0,193.0,1461.0,1243.0,103.0,711.0,8878.0
10/11/2004,22.00.00,22.0,1048.0,99.0,973.0,346.0,731.0,148.0,1298.0,1074.0,105.0,703.0,8930.0
10/11/2004,23.00.00,27.0,1144.0,134.0,1096.0,531.0,643.0,167.0,1394.0,1258.0,102.0,713.0,8859.0
11/11/2004,00.00.00,26.0,1104.0,112.0,1023.0,477.0,677.0,158.0,1314.0,1189.0,97.0,731.0,8787.0
11/11/2004,01.00.00,21.0,1038.0,94.0,957.0,344.0,713.0,132.0,1271.0,1092.0,93.0,735.0,8651.0
11/11/2004,02.00.00,14.0,960.0,66.0,838.0,219.0,797.0,97.0,1189.0,996.0,92.0,739.0,8616.0
11/11/2004,03.00.00,12.0,934.0,55.0,787.0,196.5,822.0,85.5,1147.0,974.0,81.0,781.0,8452.0
11/11/2004,04.00.00,11.0,930.0,54.0,784.0,174.0,850.0,74.0,1151.0,902.0,76.0,812.0,8483.0
11/11/2004,05.00.00,11.0,918.0,53.0,778.0,165.0,864.0,68.0,1136.0,859.0,75.0,815.0,8495.0
11/11/2004,06.00.00,11.0,952.0,61.0,814.0,250.0,804.0,89.0,1153.0,970.0,83.0,772.0,8464.0
11/11/2004,07.00.00,15.0,1019.0,81.0,905.0,388.0,757.0,117.0,1244.0,1062.0,89.0,756.0,8667.0
11/11/2004,08.00.00,31.0,1287.0,173.0,1218.0,758.0,580.0,190.0,1580.0,1304.0,92.0,817.0,9506.0
11/11/2004,09.00.00,68.0,1578.0,323.0,1605.0,1247.0,429.0,211.0,2032.0,1643.0,99.0,834.0,10194.0
11/11/2004,10.00.00,54.0,1417.0,241.0,1407.0,1110.0,490.0,190.0,1709.0,1488.0,102.0,823.0,10253.0
11/11/2004,11.00.00,45.0,1392.0,210.0,1325.0,1145.0,511.0,194.0,1631.0,1465.0,112.0,807.0,10688.0
11/11/2004,12.00.00,3.0,1147.0,127.0,1073.0,720.0,628.0,210.0,1415.0,1198.0,118.0,761.0,10516.0
11/11/2004,13.00.00,28.0,1150.0,136.0,1105.0,557.0,629.0,199.0,1450.0,1160.0,125.0,713.0,10285.0
11/11/2004,14.00.00,39.0,1252.0,180.0,1240.0,678.0,564.0,178.0,1614.0,1277.0,132.0,684.0,10346.0
11/11/2004,15.00.00,34.0,1186.0,143.0,1125.0,659.0,617.0,184.0,1493.0,1171.0,125.0,732.0,10563.0
11/11/2004,16.00.00,32.0,1172.0,137.0,1107.0,552.0,629.0,186.0,1449.0,1106.0,122.0,757.0,10693.0
11/11/2004,17.00.00,28.0,1109.0,112.0,1021.0,395.0,689.0,168.0,1361.0,1036.0,115.0,781.0,10565.0
11/11/2004,18.00.00,39.0,1201.0,165.0,1196.0,573.0,597.0,187.0,1546.0,1196.0,116.0,760.0,10354.0
11/11/2004,19.00.00,35.0,1189.0,161.0,1183.0,463.0,603.0,166.0,1534.0,1170.0,120.0,733.0,10264.0
11/11/2004,20.00.00,47.0,1282.0,206.0,1312.0,568.0,551.0,177.0,1671.0,1312.0,129.0,688.0,10175.0
11/11/2004,21.00.00,46.0,1207.0,168.0,1203.0,706.0,625.0,207.0,1570.0,1251.0,131.0,696.0,10464.0
11/11/2004,22.00.00,12.0,904.0,48.0,754.0,193.0,930.0,114.0,1172.0,805.0,123.0,734.0,10490.0
11/11/2004,23.00.00,11.0,900.0,40.0,711.0,151.0,975.0,84.0,1153.0,736.0,127.0,710.0,10387.0
12/11/2004,00.00.00,12.0,932.0,45.0,740.0,167.0,926.0,92.0,1180.0,774.0,129.0,699.0,10371.0
12/11/2004,01.00.00,16.0,968.0,54.0,785.0,239.0,872.0,111.0,1209.0,826.0,129.0,705.0,10442.0
12/11/2004,02.00.00,7.0,827.0,24.0,610.0,102.0,1092.0,71.0,1120.0,636.0,131.0,677.0,10198.0
12/11/2004,03.00.00,4.0,789.0,12.0,515.0,78.5,1276.0,57.0,1054.0,516.0,131.0,676.0,10127.0
12/11/2004,04.00.00,5.0,812.0,16.0,549.0,55.0,1213.0,43.0,1079.0,531.0,138.0,640.0,10042.0
12/11/2004,05.00.00,6.0,811.0,17.0,559.0,71.0,1170.0,50.0,1085.0,558.0,137.0,644.0,10036.0
12/11/2004,06.00.00,5.0,827.0,17.0,560.0,79.0,1169.0,53.0,1087.0,565.0,139.0,638.0,10079.0
12/11/2004,07.00.00,6.0,849.0,23.0,604.0,117.0,1086.0,67.0,1108.0,604.0,141.0,645.0,10287.0
12/11/2004,08.00.00,14.0,1001.0,57.0,798.0,266.0,855.0,113.0,1257.0,794.0,140.0,661.0,10488.0
12/11/2004,09.00.00,2.0,1021.0,79.0,896.0,340.0,741.0,140.0,1314.0,907.0,142.0,664.0,10673.0
12/11/2004,10.00.00,16.0,978.0,64.0,831.0,257.0,807.0,116.0,1257.0,838.0,149.0,625.0,10529.0
12/11/2004,11.00.00,16.0,996.0,69.0,855.0,311.0,793.0,122.0,1277.0,884.0,163.0,584.0,10729.0
12/11/2004,12.00.00,17.0,1014.0,67.0,843.0,279.0,791.0,116.0,1297.0,866.0,169.0,565.0,10801.0
12/11/2004,13.00.00,2.0,1061.0,87.0,928.0,267.0,730.0,118.0,1366.0,909.0,174.0,558.0,10980.0
12/11/2004,14.00.00,23.0,1092.0,99.0,975.0,310.0,690.0,125.0,1418.0,990.0,174.0,573.0,11328.0
12/11/2004,15.00.00,24.0,1129.0,114.0,1028.0,352.0,661.0,126.0,1480.0,1050.0,177.0,555.0,11127.0
12/11/2004,16.00.00,22.0,1077.0,98.0,969.0,337.0,690.0,135.0,1405.0,1023.0,168.0,589.0,11199.0
12/11/2004,17.00.00,26.0,1153.0,129.0,1079.0,358.0,635.0,140.0,1496.0,1103.0,170.0,575.0,11071.0
12/11/2004,18.00.00,4.0,1234.0,166.0,1197.0,547.0,575.0,163.0,1597.0,1239.0,162.0,602.0,11003.0
12/11/2004,19.00.00,52.0,1319.0,208.0,1319.0,600.0,539.0,178.0,1735.0,1384.0,167.0,580.0,10916.0
12/11/2004,20.00.00,39.0,1251.0,188.0,1264.0,470.0,561.0,160.0,1677.0,1289.0,165.0,588.0,10921.0
12/11/2004,21.00.00,38.0,1165.0,126.0,1070.0,522.0,650.0,166.0,1467.0,1180.0,158.0,611.0,10856.0
12/11/2004,22.00.00,16.0,954.0,59.0,807.0,208.0,833.0,115.0,1243.0,855.0,157.0,608.0,10769.0
12/11/2004,23.00.00,15.0,971.0,61.0,818.0,205.0,828.0,107.0,1252.0,857.0,159.0,596.0,10673.0
13/11/2004,00.00.00,16.0,961.0,50.0,765.0,217.0,865.0,108.0,1212.0,811.0,156.0,600.0,10594.0
13/11/2004,01.00.00,15.0,952.0,49.0,758.0,216.0,876.0,111.0,1203.0,794.0,156.0,601.0,10557.0
13/11/2004,02.00.00,1.0,875.0,27.0,635.0,117.0,1037.0,75.0,1133.0,612.0,157.0,595.0,10534.0
13/11/2004,03.00.00,8.0,891.0,27.0,633.0,145.5,1035.0,81.5,1137.0,590.0,157.0,601.0,10640.0
13/11/2004,04.00.00,13.0,1006.0,50.0,765.0,174.0,848.0,88.0,1239.0,807.0,156.0,617.0,10847.0
13/11/2004,05.00.00,1.0,907.0,37.0,691.0,111.0,927.0,71.0,1173.0,702.0,158.0,599.0,10693.0
13/11/2004,06.00.00,1.0,938.0,38.0,702.0,147.0,904.0,75.0,1185.0,753.0,152.0,618.0,10602.0
13/11/2004,07.00.00,9.0,925.0,33.0,672.0,140.0,991.0,86.0,1154.0,709.0,161.0,554.0,10089.0
13/11/2004,08.00.00,21.0,1157.0,97.0,967.0,421.0,678.0,124.0,1365.0,1087.0,149.0,641.0,10773.0
13/11/2004,09.00.00,21.0,1169.0,107.0,1003.0,350.0,665.0,128.0,1409.0,1126.0,156.0,620.0,10904.0
13/11/2004,10.00.00,31.0,1312.0,147.0,1139.0,550.0,565.0,164.0,1568.0,1386.0,179.0,546.0,11100.0
13/11/2004,11.00.00,38.0,1347.0,176.0,1227.0,589.0,539.0,199.0,1627.0,1476.0,211.0,445.0,10964.0
13/11/2004,12.00.00,37.0,1321.0,175.0,1224.0,537.0,543.0,192.0,1617.0,1424.0,203.0,467.0,10971.0
13/11/2004,13.00.00,36.0,1267.0,141.0,1118.0,473.0,592.0,166.0,1503.0,1310.0,215.0,427.0,10837.0
13/11/2004,14.00.00,33.0,1234.0,121.0,1053.0,364.0,639.0,133.0,1476.0,1114.0,215.0,431.0,10919.0
13/11/2004,15.00.00,21.0,1101.0,92.0,947.0,270.0,699.0,118.0,1374.0,1029.0,215.0,434.0,10965.0
13/11/2004,16.00.00,23.0,1149.0,106.0,998.0,368.0,664.0,133.0,1434.0,1101.0,208.0,455.0,11054.0
13/11/2004,17.00.00,21.0,1094.0,90.0,941.0,318.0,695.0,128.0,1371.0,1040.0,192.0,496.0,10893.0
13/11/2004,18.00.00,19.0,1056.0,75.0,878.0,244.0,758.0,116.0,1308.0,856.0,183.0,516.0,10732.0
13/11/2004,19.00.00,19.0,1030.0,80.0,899.0,234.0,767.0,118.0,1275.0,836.0,177.0,515.0,10357.0
13/11/2004,20.00.00,23.0,1075.0,91.0,943.0,296.0,752.0,142.0,1305.0,894.0,172.0,515.0,10015.0
13/11/2004,21.00.00,17.0,927.0,47.0,748.0,205.0,888.0,113.0,1157.0,696.0,159.0,549.0,9853.0
13/11/2004,22.00.00,8.0,793.0,18.0,570.0,95.0,1143.0,59.0,1036.0,524.0,140.0,552.0,8807.0
13/11/2004,23.00.00,8.0,796.0,21.0,589.0,93.0,1136.0,52.0,1026.0,506.0,133.0,530.0,8044.0
14/11/2004,00.00.00,8.0,780.0,18.0,568.0,100.0,1190.0,57.0,997.0,453.0,119.0,555.0,7711.0
14/11/2004,01.00.00,8.0,774.0,18.0,569.0,100.0,1222.0,58.0,984.0,434.0,114.0,546.0,7363.0
14/11/2004,02.00.00,6.0,718.0,10.0,500.0,63.0,1401.0,44.0,914.0,373.0,104.0,537.0,6749.0
14/11/2004,03.00.00,4.0,705.0,8.0,478.0,49.5,1546.0,35.0,885.0,330.0,99.0,543.0,6609.0
14/11/2004,04.00.00,3.0,689.0,7.0,470.0,36.0,1643.0,26.0,863.0,305.0,98.0,513.0,6225.0
14/11/2004,05.00.00,3.0,678.0,4.0,427.0,24.0,1771.0,20.0,853.0,286.0,95.0,522.0,6198.0
14/11/2004,06.00.00,2.0,655.0,2.0,402.0,20.0,2077.0,17.0,814.0,268.0,100.0,457.0,5598.0
14/11/2004,07.00.00,2.0,649.0,2.0,397.0,25.0,2062.0,21.0,798.0,261.0,102.0,419.0,5209.0
14/11/2004,08.00.00,3.0,647.0,3.0,412.0,39.0,1964.0,29.0,779.0,274.0,106.0,361.0,4624.0
14/11/2004,09.00.00,3.0,667.0,4.0,429.0,57.0,1793.0,39.0,790.0,291.0,107.0,360.0,4623.0
14/11/2004,10.00.00,4.0,669.0,5.0,444.0,59.0,1664.0,41.0,791.0,304.0,108.0,354.0,4583.0
14/11/2004,11.00.00,4.0,667.0,6.0,455.0,65.0,1716.0,44.0,786.0,301.0,114.0,329.0,4435.0
14/11/2004,12.00.00,6.0,705.0,11.0,508.0,93.0,1494.0,54.0,820.0,329.0,124.0,320.0,4583.0
14/11/2004,13.00.00,6.0,710.0,12.0,523.0,112.0,1479.0,62.0,827.0,350.0,124.0,313.0,4500.0
14/11/2004,14.00.00,6.0,713.0,14.0,539.0,110.0,1593.0,62.0,829.0,380.0,122.0,318.0,4514.0
14/11/2004,15.00.00,5.0,703.0,11.0,512.0,81.0,2121.0,48.0,837.0,356.0,105.0,379.0,4821.0
14/11/2004,16.00.00,6.0,738.0,13.0,529.0,100.0,1991.0,59.0,876.0,383.0,96.0,442.0,5289.0
14/11/2004,17.00.00,7.0,795.0,18.0,569.0,109.0,1773.0,63.0,959.0,429.0,82.0,579.0,6293.0
14/11/2004,18.00.00,14.0,861.0,47.0,750.0,148.0,1481.0,78.0,1051.0,556.0,73.0,635.0,6519.0
14/11/2004,19.00.00,12.0,836.0,30.0,653.0,207.0,1798.0,99.0,978.0,537.0,84.0,557.0,6155.0
14/11/2004,20.00.00,11.0,812.0,30.0,652.0,210.0,1586.0,106.0,964.0,554.0,91.0,496.0,5765.0
14/11/2004,21.00.00,1.0,771.0,28.0,642.0,180.0,1678.0,97.0,915.0,518.0,100.0,414.0,5102.0
14/11/2004,22.00.00,6.0,711.0,16.0,556.0,109.0,1938.0,67.0,840.0,416.0,104.0,362.0,4561.0
14/11/2004,23.00.00,8.0,741.0,23.0,607.0,128.0,1312.0,73.0,865.0,433.0,113.0,323.0,4329.0
15/11/2004,00.00.00,6.0,696.0,13.0,532.0,96.0,1416.0,62.0,814.0,393.0,109.0,335.0,4378.0
15/11/2004,01.00.00,5.0,692.0,11.0,507.0,65.0,1483.0,44.0,811.0,353.0,106.0,349.0,4455.0
15/11/2004,02.00.00,3.0,679.0,6.0,449.0,42.0,1666.0,31.0,800.0,314.0,107.0,361.0,4639.0
15/11/2004,03.00.00,2.0,676.0,4.0,429.0,33.0,1750.0,26.0,803.0,296.0,110.0,373.0,4880.0
15/11/2004,04.00.00,2.5,681.0,4.0,428.0,24.0,1768.0,21.0,817.0,297.0,107.0,392.0,5045.0
15/11/2004,05.00.00,3.0,683.0,4.0,426.0,28.0,1775.0,22.0,805.0,302.0,104.0,386.0,4862.0
15/11/2004,06.00.00,4.0,704.0,8.0,478.0,55.0,1498.0,41.0,821.0,348.0,104.0,374.0,4717.0
15/11/2004,07.00.00,7.0,767.0,20.0,588.0,181.0,1292.0,94.0,885.0,508.0,105.0,370.0,4707.0
15/11/2004,08.00.00,2.0,964.0,87.0,928.0,480.0,871.0,167.0,1130.0,936.0,107.0,379.0,4870.0
15/11/2004,09.00.00,24.0,925.0,86.0,923.0,442.0,841.0,162.0,1115.0,944.0,111.0,381.0,5023.0
15/11/2004,10.00.00,18.0,883.0,68.0,849.0,361.0,910.0,141.0,1053.0,843.0,126.0,366.0,5314.0
15/11/2004,11.00.00,16.0,894.0,62.0,820.0,288.0,932.0,127.0,1072.0,820.0,138.0,362.0,5690.0
15/11/2004,12.00.00,17.0,881.0,64.0,831.0,330.0,911.0,116.0,1074.0,793.0,134.0,371.0,5683.0
15/11/2004,13.00.00,18.0,867.0,67.0,842.0,300.0,909.0,104.0,1077.0,737.0,135.0,349.0,5393.0
15/11/2004,14.00.00,17.0,856.0,62.0,821.0,239.0,937.0,111.0,1043.0,718.0,137.0,322.0,5032.0
15/11/2004,15.00.00,17.0,862.0,67.0,843.0,265.0,930.0,114.0,1032.0,743.0,136.0,321.0,4977.0
15/11/2004,16.00.00,17.0,891.0,78.0,891.0,287.0,874.0,121.0,1077.0,848.0,135.0,318.0,4876.0
15/11/2004,17.00.00,26.0,931.0,115.0,1032.0,403.0,795.0,164.0,1098.0,991.0,135.0,279.0,4287.0
15/11/2004,18.00.00,4.0,1025.0,167.0,1202.0,515.0,691.0,194.0,1263.0,1191.0,127.0,289.0,4233.0
15/11/2004,19.00.00,38.0,1029.0,166.0,1198.0,446.0,694.0,175.0,1305.0,1169.0,126.0,302.0,4384.0
15/11/2004,20.00.00,4.0,1038.0,163.0,1190.0,501.0,685.0,180.0,1291.0,1167.0,123.0,320.0,4553.0
15/11/2004,21.00.00,24.0,904.0,86.0,924.0,355.0,846.0,147.0,1083.0,966.0,120.0,343.0,4787.0
15/11/2004,22.00.00,14.0,844.0,54.0,782.0,217.0,969.0,112.0,1003.0,796.0,116.0,373.0,5095.0
15/11/2004,23.00.00,13.0,839.0,40.0,711.0,180.0,1029.0,94.0,990.0,712.0,113.0,403.0,5406.0
16/11/2004,00.00.00,13.0,844.0,39.0,705.0,167.0,1035.0,91.0,986.0,701.0,113.0,418.0,5610.0
16/11/2004,01.00.00,1.0,800.0,28.0,641.0,126.0,1113.0,76.0,957.0,591.0,112.0,420.0,5582.0
16/11/2004,02.00.00,8.0,786.0,22.0,596.0,113.0,1178.0,73.0,937.0,609.0,110.0,426.0,5595.0
16/11/2004,03.00.00,6.0,737.0,9.0,492.0,75.0,1391.0,52.5,880.0,467.0,112.0,413.0,5498.0
16/11/2004,04.00.00,4.0,732.0,7.0,472.0,37.0,1461.0,32.0,866.0,391.0,111.0,408.0,5395.0
16/11/2004,05.00.00,5.0,737.0,7.0,468.0,50.0,1481.0,40.0,869.0,395.0,107.0,418.0,5360.0
16/11/2004,06.00.00,5.0,778.0,12.0,517.0,96.0,1330.0,63.0,890.0,510.0,102.0,436.0,5405.0
16/11/2004,07.00.00,9.0,867.0,33.0,669.0,271.0,1069.0,119.0,981.0,779.0,101.0,440.0,5434.0
16/11/2004,08.00.00,35.0,1248.0,166.0,1197.0,892.0,641.0,202.0,1405.0,1395.0,101.0,456.0,5632.0
16/11/2004,09.00.00,52.0,1389.0,263.0,1463.0,1071.0,518.0,222.0,1694.0,1706.0,113.0,439.0,5867.0
16/11/2004,10.00.00,43.0,1184.0,164.0,1193.0,839.0,626.0,212.0,1327.0,1479.0,145.0,338.0,5541.0
16/11/2004,11.00.00,35.0,1160.0,155.0,1165.0,713.0,655.0,219.0,1325.0,1403.0,175.0,264.0,5228.0
16/11/2004,12.00.00,26.0,982.0,107.0,1003.0,498.0,1037.0,189.0,1117.0,1072.0,172.0,224.0,4354.0
16/11/2004,13.00.00,25.0,948.0,111.0,1017.0,389.0,1065.0,147.0,1077.0,929.0,173.0,204.0,4011.0
16/11/2004,14.00.00,28.0,1017.0,117.0,1039.0,457.0,769.0,161.0,1149.0,1024.0,181.0,210.0,4321.0
16/11/2004,15.00.00,22.0,985.0,109.0,1011.0,425.0,779.0,148.0,1138.0,1010.0,179.0,223.0,4537.0
16/11/2004,16.00.00,24.0,1017.0,114.0,1029.0,483.0,768.0,148.0,1160.0,1046.0,176.0,237.0,4730.0
16/11/2004,17.00.00,35.0,1121.0,163.0,1190.0,604.0,673.0,188.0,1297.0,1264.0,167.0,259.0,4886.0
16/11/2004,18.00.00,42.0,1129.0,185.0,1255.0,648.0,634.0,206.0,1370.0,1365.0,148.0,296.0,4965.0
16/11/2004,19.00.00,31.0,1101.0,145.0,1134.0,427.0,683.0,168.0,1283.0,1281.0,136.0,340.0,5251.0
16/11/2004,20.00.00,32.0,1182.0,158.0,1175.0,461.0,637.0,171.0,1363.0,1463.0,134.0,404.0,6178.0
16/11/2004,21.00.00,28.0,1144.0,132.0,1091.0,436.0,671.0,171.0,1295.0,1388.0,118.0,443.0,6121.0
16/11/2004,22.00.00,22.0,1046.0,78.0,890.0,300.0,791.0,142.0,1109.0,1195.0,107.0,475.0,6108.0
16/11/2004,23.00.00,18.0,990.0,61.0,817.0,277.0,849.0,134.0,1071.0,1111.0,102.0,494.0,6138.0
17/11/2004,00.00.00,17.0,974.0,50.0,764.0,196.0,910.0,107.0,1029.0,992.0,95.0,510.0,6045.0
17/11/2004,01.00.00,16.0,953.0,53.0,778.0,277.0,885.0,121.0,1051.0,1019.0,77.0,579.0,6107.0
17/11/2004,02.00.00,11.0,868.0,29.0,647.0,131.0,1054.0,85.0,962.0,828.0,84.0,545.0,6022.0
17/11/2004,03.00.00,8.0,833.0,19.0,574.0,114.0,1150.0,76.5,930.0,752.0,79.0,554.0,5930.0
17/11/2004,04.00.00,7.0,786.0,12.0,522.0,97.0,1253.0,68.0,910.0,699.0,62.0,610.0,5824.0
17/11/2004,05.00.00,8.0,834.0,16.0,551.0,105.0,1193.0,69.0,917.0,719.0,68.0,586.0,5813.0
17/11/2004,06.00.00,9.0,845.0,20.0,583.0,138.0,1132.0,81.0,929.0,761.0,57.0,627.0,5801.0
17/11/2004,07.00.00,12.0,929.0,40.0,713.0,183.0,987.0,92.0,1002.0,830.0,59.0,620.0,5811.0
17/11/2004,08.00.00,33.0,1234.0,154.0,1161.0,664.0,629.0,200.0,1386.0,1318.0,63.0,617.0,5926.0
17/11/2004,09.00.00,38.0,1270.0,190.0,1267.0,611.0,565.0,201.0,1434.0,1482.0,75.0,588.0,6117.0
17/11/2004,10.00.00,32.0,1241.0,146.0,1135.0,600.0,622.0,213.0,1280.0,1474.0,114.0,454.0,6113.0
17/11/2004,11.00.00,32.0,1268.0,160.0,1180.0,739.0,593.0,200.0,1323.0,1632.0,141.0,392.0,6278.0
17/11/2004,12.00.00,32.0,1248.0,144.0,1131.0,878.0,615.0,187.0,1296.0,1592.0,133.0,423.0,6448.0
17/11/2004,13.00.00,42.0,1317.0,190.0,1269.0,905.0,554.0,205.0,1446.0,1679.0,147.0,389.0,6462.0
17/11/2004,14.00.00,43.0,1308.0,203.0,1306.0,808.0,553.0,212.0,1471.0,1670.0,165.0,329.0,6127.0
17/11/2004,15.00.00,4.0,1321.0,195.0,1281.0,858.0,557.0,198.0,1442.0,1650.0,174.0,327.0,6422.0
17/11/2004,16.00.00,41.0,1360.0,210.0,1325.0,839.0,535.0,171.0,1513.0,1692.0,173.0,339.0,6627.0
17/11/2004,17.00.00,78.0,1659.0,359.0,1685.0,1290.0,423.0,272.0,1946.0,2155.0,160.0,415.0,7483.0
17/11/2004,18.00.00,102.0,1802.0,477.0,1924.0,748.0,356.0,192.0,2235.0,2452.0,137.0,528.0,8244.0
17/11/2004,19.00.00,66.0,1549.0,301.0,1553.0,1148.0,446.0,288.0,1796.0,2032.0,130.0,551.0,8240.0
17/11/2004,20.00.00,43.0,1407.0,220.0,1351.0,729.0,516.0,254.0,1557.0,1751.0,124.0,568.0,8141.0
17/11/2004,21.00.00,49.0,1374.0,190.0,1268.0,810.0,536.0,267.0,1531.0,1675.0,107.0,621.0,7972.0
17/11/2004,22.00.00,26.0,1127.0,92.0,948.0,427.0,703.0,198.0,1188.0,1312.0,105.0,611.0,7755.0
17/11/2004,23.00.00,23.0,1096.0,71.0,860.0,274.0,777.0,145.0,1131.0,1179.0,97.0,625.0,7509.0
18/11/2004,00.00.00,27.0,1119.0,82.0,908.0,387.0,735.0,167.0,1173.0,1197.0,88.0,655.0,7435.0
18/11/2004,01.00.00,22.0,999.0,51.0,771.0,235.0,864.0,127.0,1068.0,995.0,88.0,638.0,7236.0
18/11/2004,02.00.00,2.0,987.0,56.0,794.0,225.0,852.0,119.0,1106.0,971.0,85.0,650.0,7221.0
18/11/2004,03.00.00,13.0,912.0,35.0,685.0,205.0,934.0,101.5,1050.0,876.0,75.0,693.0,7201.0
18/11/2004,04.00.00,12.0,893.0,38.0,701.0,185.0,935.0,84.0,1045.0,844.0,64.0,740.0,7134.0
18/11/2004,05.00.00,11.0,878.0,36.0,687.0,212.0,964.0,89.0,1035.0,813.0,59.0,766.0,7179.0
18/11/2004,06.00.00,14.0,996.0,66.0,841.0,358.0,797.0,122.0,1127.0,1005.0,61.0,767.0,7271.0
18/11/2004,07.00.00,21.0,1119.0,99.0,974.0,531.0,710.0,162.0,1224.0,1170.0,68.0,745.0,7415.0
18/11/2004,08.00.00,45.0,1407.0,215.0,1339.0,992.0,531.0,225.0,1584.0,1533.0,77.0,725.0,7666.0
18/11/2004,09.00.00,56.0,1503.0,278.0,1498.0,1132.0,469.0,249.0,1749.0,1783.0,89.0,674.0,7714.0
18/11/2004,10.00.00,56.0,1446.0,229.0,1374.0,1195.0,499.0,282.0,1560.0,1818.0,114.0,583.0,7868.0
18/11/2004,11.00.00,47.0,1416.0,202.0,1302.0,1120.0,526.0,278.0,1471.0,1826.0,134.0,528.0,8086.0
18/11/2004,12.00.00,42.0,1448.0,197.0,1288.0,870.0,518.0,251.0,1506.0,1839.0,158.0,501.0,8920.0
18/11/2004,13.00.00,36.0,1282.0,138.0,1111.0,570.0,586.0,208.0,1455.0,1428.0,183.0,500.0,10431.0
18/11/2004,14.00.00,32.0,1271.0,153.0,1157.0,384.0,572.0,187.0,1483.0,1353.0,188.0,492.0,10548.0
18/11/2004,15.00.00,31.0,1321.0,159.0,1178.0,381.0,552.0,182.0,1539.0,1491.0,184.0,496.0,10391.0
18/11/2004,16.00.00,38.0,1362.0,174.0,1223.0,541.0,535.0,212.0,1597.0,1517.0,183.0,510.0,10586.0
18/11/2004,17.00.00,39.0,1316.0,176.0,1228.0,484.0,540.0,174.0,1610.0,1413.0,176.0,531.0,10596.0
18/11/2004,18.00.00,46.0,1374.0,204.0,1307.0,549.0,521.0,220.0,1709.0,1429.0,173.0,536.0,10472.0
18/11/2004,19.00.00,49.0,1388.0,226.0,1367.0,596.0,500.0,214.0,1722.0,1503.0,168.0,552.0,10480.0
18/11/2004,20.00.00,54.0,1422.0,251.0,1432.0,620.0,474.0,212.0,1852.0,1636.0,166.0,565.0,10551.0
18/11/2004,21.00.00,43.0,1281.0,172.0,1216.0,542.0,548.0,191.0,1604.0,1687.0,163.0,581.0,10648.0
18/11/2004,22.00.00,31.0,1192.0,117.0,1040.0,381.0,640.0,160.0,1441.0,1405.0,159.0,590.0,10590.0
18/11/2004,23.00.00,25.0,1108.0,92.0,945.0,270.0,692.0,130.0,1355.0,1199.0,159.0,594.0,10628.0
19/11/2004,00.00.00,24.0,1071.0,77.0,885.0,284.0,740.0,133.0,1298.0,1090.0,157.0,609.0,10774.0
19/11/2004,01.00.00,19.0,999.0,56.0,793.0,204.0,817.0,110.0,1242.0,898.0,161.0,595.0,10811.0
19/11/2004,02.00.00,13.0,925.0,33.0,670.0,93.0,940.0,65.0,1173.0,663.0,155.0,638.0,11119.0
19/11/2004,03.00.00,12.0,886.0,23.0,608.0,72.0,1013.0,53.0,1143.0,611.0,149.0,653.0,11018.0
19/11/2004,04.00.00,11.0,888.0,21.0,590.0,51.0,1009.0,41.0,1152.0,625.0,147.0,644.0,10704.0
19/11/2004,05.00.00,9.0,863.0,13.0,531.0,45.0,1097.0,36.0,1095.0,606.0,147.0,598.0,9968.0
19/11/2004,06.00.00,1.0,870.0,16.0,550.0,68.0,1126.0,45.0,1078.0,515.0,154.0,559.0,9722.0
19/11/2004,07.00.00,16.0,1043.0,53.0,776.0,198.0,800.0,98.0,1248.0,826.0,145.0,630.0,10319.0
19/11/2004,08.00.00,48.0,1478.0,205.0,1310.0,633.0,492.0,194.0,1775.0,1542.0,147.0,631.0,10513.0
19/11/2004,09.00.00,59.0,1436.0,227.0,1371.0,548.0,458.0,191.0,1808.0,1626.0,152.0,622.0,10641.0
19/11/2004,10.00.00,56.0,1354.0,167.0,1201.0,588.0,529.0,193.0,1593.0,1538.0,161.0,592.0,10736.0
19/11/2004,11.00.00,35.0,1290.0,138.0,1110.0,612.0,571.0,231.0,1512.0,1441.0,170.0,559.0,10741.0
19/11/2004,12.00.00,28.0,1203.0,118.0,1043.0,428.0,617.0,202.0,1470.0,1217.0,176.0,522.0,10396.0
19/11/2004,13.00.00,36.0,1298.0,152.0,1156.0,463.0,549.0,188.0,1582.0,1320.0,173.0,554.0,10836.0
19/11/2004,14.00.00,48.0,1352.0,179.0,1236.0,479.0,522.0,184.0,1659.0,1368.0,178.0,535.0,10833.0
19/11/2004,15.00.00,5.0,1247.0,148.0,1142.0,469.0,574.0,222.0,1547.0,1199.0,183.0,523.0,10922.0
19/11/2004,16.00.00,56.0,1375.0,183.0,1247.0,583.0,531.0,221.0,1650.0,1375.0,183.0,528.0,11016.0
19/11/2004,17.00.00,75.0,1553.0,244.0,1414.0,760.0,455.0,193.0,1851.0,1682.0,177.0,566.0,11330.0
19/11/2004,18.00.00,72.0,1521.0,250.0,1430.0,691.0,449.0,187.0,1907.0,1761.0,173.0,582.0,11435.0
19/11/2004,19.00.00,83.0,1623.0,298.0,1547.0,832.0,414.0,188.0,2040.0,1883.0,162.0,626.0,11455.0
19/11/2004,20.00.00,86.0,1510.0,279.0,1501.0,881.0,456.0,185.0,1901.0,1855.0,152.0,575.0,9829.0
19/11/2004,21.00.00,43.0,837.0,65.0,835.0,390.0,896.0,146.0,960.0,1078.0,142.0,277.0,4451.0
19/11/2004,22.00.00,26.0,667.0,36.0,689.0,207.0,1210.0,120.0,709.0,620.0,134.0,143.0,2185.0
19/11/2004,23.00.00,26.0,695.0,40.0,711.0,204.0,1193.0,110.0,739.0,645.0,128.0,148.0,2180.0
20/11/2004,00.00.00,27.0,683.0,36.0,686.0,243.0,1240.0,121.0,702.0,627.0,122.0,140.0,1988.0
20/11/2004,01.00.00,27.0,695.0,40.0,709.0,264.0,1236.0,126.0,717.0,645.0,120.0,145.0,2029.0
20/11/2004,02.00.00,26.0,703.0,35.0,685.0,215.0,1218.0,117.0,734.0,641.0,108.0,170.0,2193.0
20/11/2004,03.00.00,24.0,698.0,24.0,614.0,180.5,1286.0,105.5,718.0,591.0,104.0,192.0,2420.0
20/11/2004,04.00.00,15.0,714.0,23.0,605.0,146.0,1278.0,94.0,738.0,594.0,97.0,225.0,2698.0
20/11/2004,05.00.00,6.0,692.0,15.0,546.0,92.0,1347.0,70.0,697.0,500.0,90.0,231.0,2648.0
20/11/2004,06.00.00,7.0,729.0,28.0,639.0,174.0,1234.0,96.0,773.0,628.0,87.0,247.0,2785.0
20/11/2004,07.00.00,12.0,880.0,60.0,812.0,294.0,928.0,136.0,954.0,1040.0,69.0,394.0,3948.0
20/11/2004,08.00.00,2.0,974.0,111.0,1019.0,412.0,769.0,177.0,1122.0,1159.0,63.0,448.0,4310.0
20/11/2004,09.00.00,28.0,1086.0,153.0,1157.0,573.0,674.0,214.0,1237.0,1330.0,72.0,432.0,4417.0
20/11/2004,10.00.00,29.0,1087.0,171.0,1213.0,661.0,668.0,243.0,1216.0,1402.0,119.0,279.0,3882.0
20/11/2004,11.00.00,22.0,933.0,103.0,990.0,555.0,849.0,192.0,956.0,1104.0,148.0,179.0,2977.0
20/11/2004,12.00.00,16.0,852.0,85.0,919.0,363.0,967.0,149.0,831.0,855.0,148.0,143.0,2397.0
20/11/2004,13.00.00,15.0,882.0,104.0,993.0,302.0,902.0,141.0,941.0,862.0,147.0,155.0,2586.0
20/11/2004,14.00.00,19.0,888.0,109.0,1009.0,340.0,866.0,137.0,937.0,973.0,147.0,166.0,2756.0
20/11/2004,15.00.00,15.0,878.0,106.0,1000.0,306.0,880.0,138.0,942.0,936.0,148.0,156.0,2615.0
20/11/2004,16.00.00,18.0,892.0,111.0,1018.0,377.0,879.0,149.0,931.0,1009.0,153.0,143.0,2462.0
20/11/2004,17.00.00,34.0,1117.0,211.0,1327.0,625.0,692.0,196.0,1302.0,1475.0,135.0,195.0,3003.0
20/11/2004,18.00.00,46.0,1252.0,223.0,1359.0,870.0,604.0,239.0,1380.0,1765.0,111.0,318.0,4187.0
20/11/2004,19.00.00,16.0,1012.0,106.0,999.0,421.0,785.0,164.0,1057.0,1329.0,102.0,334.0,4143.0
20/11/2004,20.00.00,12.0,1025.0,84.0,916.0,294.0,832.0,149.0,1018.0,1262.0,95.0,359.0,4273.0
20/11/2004,21.00.00,12.0,1033.0,76.0,881.0,339.0,855.0,159.0,999.0,1230.0,80.0,398.0,4286.0
20/11/2004,22.00.00,9.0,1008.0,71.0,861.0,260.0,858.0,149.0,991.0,1229.0,66.0,441.0,4333.0
20/11/2004,23.00.00,7.0,992.0,72.0,867.0,256.0,876.0,133.0,997.0,1196.0,61.0,452.0,4295.0
21/11/2004,00.00.00,25.0,1187.0,139.0,1114.0,572.0,700.0,216.0,1193.0,1433.0,52.0,508.0,4520.0
21/11/2004,01.00.00,15.0,1065.0,97.0,968.0,428.0,808.0,196.0,1059.0,1249.0,49.0,530.0,4629.0
21/11/2004,02.00.00,5.0,889.0,49.0,760.0,195.0,968.0,120.0,919.0,983.0,53.0,487.0,4364.0
21/11/2004,03.00.00,3.0,901.0,51.0,767.0,177.5,961.0,110.5,944.0,965.0,42.0,536.0,4454.0
21/11/2004,04.00.00,5.0,875.0,56.0,795.0,160.0,928.0,101.0,965.0,932.0,31.0,563.0,4368.0
21/11/2004,05.00.00,1.0,808.0,28.0,636.0,101.0,1120.0,75.0,862.0,770.0,41.0,522.0,4338.0
21/11/2004,06.00.00,2.0,858.0,27.0,633.0,97.0,1136.0,73.0,878.0,788.0,35.0,559.0,4431.0
21/11/2004,07.00.00,2.0,819.0,36.0,690.0,127.0,1051.0,84.0,907.0,819.0,18.0,617.0,4376.0
21/11/2004,08.00.00,2.0,862.0,49.0,757.0,227.0,983.0,116.0,938.0,879.0,13.0,653.0,4457.0
21/11/2004,09.00.00,5.0,877.0,56.0,793.0,253.0,944.0,132.0,951.0,924.0,32.0,570.0,4434.0
21/11/2004,10.00.00,4.0,941.0,64.0,832.0,234.0,914.0,125.0,970.0,964.0,72.0,428.0,4356.0
21/11/2004,11.00.00,8.0,983.0,68.0,846.0,291.0,871.0,148.0,996.0,1055.0,103.0,342.0,4291.0
21/11/2004,12.00.00,15.0,1067.0,101.0,981.0,402.0,755.0,186.0,1104.0,1383.0,109.0,338.0,4393.0
21/11/2004,13.00.00,19.0,1100.0,112.0,1022.0,492.0,752.0,193.0,1101.0,1367.0,122.0,300.0,4245.0
21/11/2004,14.00.00,11.0,958.0,87.0,928.0,351.0,841.0,174.0,986.0,1120.0,133.0,243.0,3686.0
21/11/2004,15.00.00,3.0,866.0,50.0,763.0,160.0,1018.0,106.0,859.0,775.0,152.0,187.0,3214.0
21/11/2004,16.00.00,9.0,1018.0,82.0,907.0,292.0,889.0,127.0,981.0,1150.0,149.0,217.0,3646.0
21/11/2004,17.00.00,21.0,1175.0,127.0,1074.0,537.0,748.0,172.0,1134.0,1528.0,131.0,254.0,3814.0
21/11/2004,18.00.00,24.0,1197.0,109.0,1012.0,607.0,717.0,179.0,1103.0,1655.0,117.0,327.0,4472.0
21/11/2004,19.00.00,16.0,1110.0,74.0,872.0,308.0,822.0,150.0,971.0,1393.0,101.0,344.0,4249.0
21/11/2004,20.00.00,11.0,1060.0,63.0,825.0,277.0,854.0,147.0,967.0,1338.0,98.0,360.0,4364.0
21/11/2004,21.00.00,13.0,1136.0,77.0,885.0,348.0,806.0,163.0,1006.0,1403.0,71.0,432.0,4360.0
21/11/2004,22.00.00,8.0,1049.0,72.0,864.0,267.0,818.0,145.0,1010.0,1327.0,59.0,478.0,4459.0
21/11/2004,23.00.00,1.0,1053.0,70.0,859.0,399.0,810.0,186.0,1008.0,1346.0,53.0,505.0,4530.0
22/11/2004,00.00.00,3.0,970.0,50.0,763.0,163.0,917.0,116.0,930.0,1132.0,56.0,480.0,4412.0
22/11/2004,01.00.00,1.0,1049.0,82.0,907.0,297.0,795.0,145.0,1038.0,1209.0,39.0,559.0,4568.0
22/11/2004,02.00.00,4.0,919.0,50.0,761.0,212.0,911.0,122.0,942.0,1044.0,33.0,580.0,4551.0
22/11/2004,03.00.00,1.0,870.0,35.0,684.0,146.5,997.0,95.0,895.0,936.0,37.0,563.0,4544.0
22/11/2004,04.00.00,1.0,814.0,20.0,587.0,81.0,1146.0,68.0,876.0,840.0,42.0,548.0,4571.0
22/11/2004,05.00.00,1.0,820.0,23.0,604.0,116.0,1127.0,80.0,874.0,847.0,26.0,608.0,4544.0
22/11/2004,06.00.00,1.0,897.0,42.0,722.0,201.0,987.0,108.0,953.0,959.0,37.0,579.0,4651.0
22/11/2004,07.00.00,4.0,988.0,68.0,850.0,333.0,861.0,149.0,1030.0,1133.0,45.0,548.0,4660.0
22/11/2004,08.00.00,24.0,1242.0,162.0,1185.0,733.0,625.0,232.0,1297.0,1511.0,49.0,558.0,4882.0
22/11/2004,09.00.00,31.0,1493.0,507.0,1981.0,846.0,448.0,215.0,1567.0,2346.0,54.0,551.0,4970.0
22/11/2004,10.00.00,31.0,1394.0,637.0,2214.0,801.0,411.0,218.0,1629.0,2311.0,62.0,518.0,4952.0
22/11/2004,11.00.00,27.0,1252.0,254.0,1439.0,884.0,559.0,239.0,1383.0,1798.0,68.0,498.0,4959.0
22/11/2004,12.00.00,23.0,1255.0,201.0,1301.0,784.0,571.0,224.0,1355.0,1750.0,73.0,506.0,5184.0
22/11/2004,13.00.00,3.0,1360.0,235.0,1392.0,896.0,490.0,235.0,1458.0,1863.0,78.0,490.0,5191.0
22/11/2004,14.00.00,36.0,1369.0,252.0,1434.0,953.0,489.0,237.0,1539.0,1883.0,80.0,492.0,5282.0
22/11/2004,15.00.00,31.0,1361.0,218.0,1347.0,980.0,518.0,239.0,1456.0,1851.0,83.0,493.0,5414.0
22/11/2004,16.00.00,35.0,1411.0,228.0,1371.0,1058.0,500.0,235.0,1484.0,1919.0,85.0,496.0,5517.0
22/11/2004,17.00.00,4.0,1509.0,254.0,1439.0,1080.0,459.0,199.0,1577.0,2078.0,85.0,526.0,5856.0
22/11/2004,18.00.00,63.0,1738.0,383.0,1735.0,1301.0,365.0,240.0,1917.0,2434.0,89.0,534.0,6117.0
22/11/2004,19.00.00,69.0,1766.0,376.0,1720.0,1345.0,361.0,245.0,1881.0,2515.0,91.0,538.0,6216.0
22/11/2004,20.00.00,65.0,1706.0,339.0,1641.0,1218.0,381.0,239.0,1778.0,2522.0,89.0,542.0,6183.0
22/11/2004,21.00.00,33.0,1472.0,224.0,1361.0,884.0,462.0,191.0,1455.0,2334.0,85.0,542.0,6054.0
22/11/2004,22.00.00,24.0,1392.0,169.0,1206.0,650.0,521.0,164.0,1347.0,2199.0,85.0,578.0,6432.0
22/11/2004,23.00.00,17.0,1335.0,139.0,1112.0,444.0,570.0,130.0,1331.0,1861.0,77.0,711.0,7503.0
23/11/2004,00.00.00,13.0,1285.0,116.0,1037.0,370.0,610.0,121.0,1277.0,1751.0,79.0,725.0,7766.0
23/11/2004,01.00.00,11.0,1267.0,108.0,1008.0,349.0,628.0,118.0,1264.0,1652.0,80.0,753.0,8079.0
23/11/2004,02.00.00,8.0,1176.0,88.0,930.0,287.0,679.0,113.0,1216.0,1455.0,80.0,762.0,8217.0
23/11/2004,03.00.00,3.0,1079.0,60.0,812.0,256.5,782.0,103.5,1158.0,1158.0,78.0,813.0,8631.0
23/11/2004,04.00.00,8.0,1084.0,61.0,816.0,226.0,776.0,94.0,1165.0,1126.0,79.0,818.0,8759.0
23/11/2004,05.00.00,13.0,1091.0,64.0,829.0,238.0,755.0,92.0,1177.0,1126.0,82.0,814.0,8880.0
23/11/2004,06.00.00,14.0,1126.0,77.0,886.0,316.0,713.0,98.0,1225.0,1158.0,85.0,811.0,8989.0
23/11/2004,07.00.00,21.0,1210.0,100.0,978.0,508.0,666.0,111.0,1332.0,1237.0,89.0,793.0,9088.0
23/11/2004,08.00.00,45.0,1565.0,240.0,1405.0,920.0,488.0,139.0,1830.0,1696.0,95.0,779.0,9278.0
23/11/2004,09.00.00,57.0,1578.0,276.0,1494.0,980.0,448.0,160.0,1854.0,1800.0,99.0,776.0,9488.0
23/11/2004,10.00.00,66.0,1702.0,315.0,1585.0,1188.0,422.0,183.0,1960.0,1967.0,107.0,762.0,9798.0
23/11/2004,11.00.00,5.0,1552.0,241.0,1406.0,1045.0,478.0,185.0,1749.0,1862.0,118.0,722.0,9948.0
23/11/2004,12.00.00,53.0,1590.0,265.0,1466.0,999.0,448.0,198.0,1831.0,2003.0,133.0,669.0,10163.0
23/11/2004,13.00.00,54.0,1640.0,271.0,1480.0,955.0,432.0,201.0,1865.0,2041.0,138.0,670.0,10513.0
23/11/2004,14.00.00,73.0,1769.0,332.0,1624.0,1189.0,396.0,233.0,2041.0,2202.0,139.0,676.0,10666.0
23/11/2004,15.00.00,51.0,1581.0,255.0,1442.0,933.0,435.0,202.0,1839.0,1966.0,142.0,668.0,10730.0
23/11/2004,16.00.00,53.0,1658.0,271.0,1482.0,898.0,419.0,186.0,1893.0,2030.0,142.0,678.0,10879.0
23/11/2004,17.00.00,73.0,1821.0,354.0,1673.0,1201.0,371.0,215.0,2119.0,2201.0,136.0,710.0,11018.0
23/11/2004,18.00.00,102.0,1982.0,495.0,1959.0,1369.0,322.0,227.0,2536.0,2386.0,132.0,726.0,10936.0
23/11/2004,19.00.00,119.0,2008.0,506.0,1980.0,1389.0,325.0,220.0,2562.0,2342.0,124.0,747.0,10741.0
23/11/2004,20.00.00,115.0,1918.0,494.0,1958.0,1358.0,335.0,190.0,2477.0,2237.0,115.0,762.0,10324.0
23/11/2004,21.00.00,83.0,1693.0,317.0,1590.0,1189.0,412.0,178.0,1949.0,2025.0,104.0,793.0,9993.0
23/11/2004,22.00.00,47.0,1495.0,218.0,1345.0,866.0,467.0,147.0,1649.0,1853.0,100.0,825.0,10150.0
23/11/2004,23.00.00,4.0,1449.0,198.0,1291.0,718.0,482.0,138.0,1580.0,1817.0,100.0,826.0,10163.0
24/11/2004,00.00.00,39.0,1439.0,186.0,1257.0,715.0,494.0,135.0,1571.0,1704.0,101.0,835.0,10296.0
24/11/2004,01.00.00,28.0,1270.0,134.0,1098.0,558.0,572.0,123.0,1420.0,1463.0,100.0,836.0,10235.0
24/11/2004,02.00.00,23.0,1163.0,101.0,980.0,467.0,654.0,106.0,1327.0,1299.0,104.0,808.0,10191.0
24/11/2004,03.00.00,18.0,1130.0,84.0,915.0,381.0,697.0,93.5,1281.0,1205.0,106.0,803.0,10252.0
24/11/2004,04.00.00,14.0,1023.0,54.0,781.0,295.0,809.0,81.0,1195.0,1019.0,106.0,788.0,10080.0
24/11/2004,05.00.00,1.0,931.0,34.0,679.0,151.0,947.0,66.0,1138.0,867.0,105.0,778.0,9839.0
24/11/2004,06.00.00,1.0,953.0,41.0,717.0,188.0,907.0,64.0,1152.0,911.0,98.0,792.0,9567.0
24/11/2004,07.00.00,18.0,1108.0,87.0,927.0,380.0,718.0,86.0,1315.0,1106.0,95.0,803.0,9532.0
24/11/2004,08.00.00,38.0,1414.0,187.0,1261.0,717.0,532.0,114.0,1644.0,1479.0,98.0,805.0,9724.0
24/11/2004,09.00.00,42.0,1423.0,210.0,1323.0,803.0,496.0,115.0,1727.0,1568.0,103.0,803.0,10020.0
24/11/2004,10.00.00,36.0,1352.0,177.0,1231.0,726.0,538.0,110.0,1605.0,1530.0,111.0,772.0,10175.0
24/11/2004,11.00.00,33.0,1303.0,151.0,1153.0,558.0,575.0,116.0,1520.0,1582.0,133.0,688.0,10505.0
24/11/2004,12.00.00,2.0,1103.0,88.0,931.0,427.0,711.0,162.0,1293.0,1235.0,151.0,583.0,9978.0
24/11/2004,13.00.00,2.0,1138.0,97.0,967.0,317.0,695.0,104.0,1332.0,1195.0,156.0,562.0,9876.0
24/11/2004,14.00.00,29.0,1278.0,144.0,1130.0,436.0,580.0,129.0,1506.0,1471.0,154.0,596.0,10375.0
24/11/2004,15.00.00,27.0,1292.0,147.0,1141.0,490.0,556.0,146.0,1498.0,1582.0,146.0,637.0,10508.0
24/11/2004,16.00.00,34.0,1374.0,174.0,1222.0,602.0,516.0,160.0,1582.0,1671.0,137.0,668.0,10432.0
24/11/2004,17.00.00,45.0,1464.0,223.0,1358.0,732.0,477.0,169.0,1719.0,1711.0,123.0,725.0,10331.0
24/11/2004,18.00.00,61.0,1562.0,303.0,1557.0,865.0,427.0,167.0,1916.0,1852.0,108.0,772.0,10021.0
24/11/2004,19.00.00,68.0,1592.0,333.0,1627.0,936.0,401.0,166.0,1957.0,1902.0,102.0,804.0,10003.0
24/11/2004,20.00.00,84.0,1669.0,360.0,1686.0,1074.0,384.0,181.0,2066.0,1961.0,101.0,793.0,9795.0
24/11/2004,21.00.00,53.0,1429.0,239.0,1401.0,812.0,475.0,144.0,1698.0,1689.0,100.0,761.0,9329.0
24/11/2004,22.00.00,45.0,1354.0,190.0,1269.0,773.0,506.0,141.0,1530.0,1580.0,86.0,823.0,9198.0
24/11/2004,23.00.00,41.0,1311.0,168.0,1203.0,761.0,542.0,123.0,1448.0,1428.0,77.0,843.0,8881.0
25/11/2004,00.00.00,4.0,1311.0,175.0,1225.0,781.0,538.0,121.0,1464.0,1434.0,71.0,841.0,8557.0
25/11/2004,01.00.00,4.0,1292.0,174.0,1221.0,743.0,547.0,114.0,1437.0,1389.0,67.0,832.0,8190.0
25/11/2004,02.00.00,3.0,1091.0,113.0,1025.0,533.0,666.0,93.0,1262.0,1130.0,60.0,830.0,7800.0
25/11/2004,03.00.00,21.0,1009.0,87.0,928.0,494.5,754.0,91.0,1166.0,983.0,51.0,840.0,7439.0
25/11/2004,04.00.00,22.0,1050.0,94.0,956.0,456.0,725.0,89.0,1162.0,1025.0,43.0,854.0,7152.0
25/11/2004,05.00.00,22.0,1053.0,94.0,955.0,486.0,710.0,94.0,1154.0,1050.0,40.0,857.0,7041.0
25/11/2004,06.00.00,2.0,1016.0,91.0,945.0,498.0,724.0,93.0,1147.0,1038.0,40.0,844.0,6943.0
25/11/2004,07.00.00,22.0,1057.0,107.0,1004.0,585.0,702.0,100.0,1204.0,1080.0,40.0,831.0,6820.0
25/11/2004,08.00.00,4.0,1309.0,213.0,1333.0,911.0,537.0,127.0,1555.0,1411.0,44.0,813.0,6890.0
25/11/2004,09.00.00,48.0,1315.0,229.0,1375.0,845.0,526.0,137.0,1576.0,1549.0,67.0,726.0,7180.0
25/11/2004,10.00.00,46.0,1315.0,201.0,1300.0,807.0,547.0,190.0,1531.0,1659.0,100.0,634.0,7791.0
25/11/2004,11.00.00,28.0,1111.0,118.0,1042.0,603.0,682.0,171.0,1257.0,1434.0,136.0,487.0,7547.0
25/11/2004,12.00.00,21.0,1087.0,106.0,1000.0,391.0,706.0,127.0,1251.0,1310.0,146.0,465.0,7687.0
25/11/2004,13.00.00,2.0,1104.0,114.0,1028.0,279.0,696.0,109.0,1263.0,1227.0,154.0,430.0,7483.0
25/11/2004,14.00.00,25.0,1142.0,128.0,1078.0,358.0,670.0,126.0,1256.0,1261.0,164.0,382.0,7081.0
25/11/2004,15.00.00,25.0,1164.0,134.0,1096.0,403.0,662.0,136.0,1311.0,1261.0,168.0,376.0,7129.0
25/11/2004,16.00.00,28.0,1214.0,142.0,1124.0,465.0,659.0,156.0,1302.0,1345.0,168.0,367.0,6944.0
25/11/2004,17.00.00,4.0,1369.0,218.0,1346.0,707.0,558.0,187.0,1537.0,1608.0,154.0,413.0,7151.0
25/11/2004,18.00.00,45.0,1368.0,214.0,1334.0,660.0,529.0,173.0,1547.0,1653.0,138.0,489.0,7699.0
25/11/2004,19.00.00,31.0,1226.0,154.0,1161.0,402.0,606.0,137.0,1368.0,1442.0,133.0,509.0,7745.0
25/11/2004,20.00.00,26.0,1225.0,145.0,1134.0,350.0,614.0,122.0,1352.0,1421.0,115.0,573.0,7786.0
25/11/2004,21.00.00,26.0,1190.0,114.0,1028.0,355.0,654.0,129.0,1287.0,1329.0,107.0,598.0,7674.0
25/11/2004,22.00.00,2.0,1128.0,78.0,889.0,296.0,743.0,110.0,1160.0,1212.0,100.0,618.0,7576.0
25/11/2004,23.00.00,18.0,1105.0,76.0,883.0,266.0,747.0,102.0,1180.0,1179.0,99.0,621.0,7566.0
26/11/2004,00.00.00,25.0,1152.0,95.0,959.0,373.0,689.0,114.0,1232.0,1231.0,93.0,645.0,7554.0
26/11/2004,01.00.00,23.0,1141.0,97.0,967.0,417.0,698.0,117.0,1245.0,1214.0,91.0,657.0,7607.0
26/11/2004,02.00.00,21.0,1121.0,81.0,901.0,308.0,712.0,98.0,1215.0,1134.0,89.0,718.0,8180.0
26/11/2004,03.00.00,15.0,1043.0,59.0,805.0,258.5,798.0,88.5,1155.0,992.0,91.0,729.0,8429.0
26/11/2004,04.00.00,13.5,1090.0,66.0,841.0,209.0,757.0,79.0,1202.0,989.0,87.0,776.0,8753.0
26/11/2004,05.00.00,12.0,982.0,48.0,752.0,196.0,844.0,77.0,1153.0,897.0,90.0,773.0,8873.0
26/11/2004,06.00.00,1.0,974.0,46.0,743.0,203.0,864.0,75.0,1155.0,885.0,91.0,773.0,8944.0
26/11/2004,07.00.00,17.0,1118.0,84.0,915.0,393.0,731.0,95.0,1289.0,1059.0,93.0,769.0,9007.0
26/11/2004,08.00.00,43.0,1508.0,231.0,1379.0,864.0,496.0,137.0,1767.0,1567.0,100.0,750.0,9179.0
26/11/2004,09.00.00,58.0,1521.0,266.0,1470.0,960.0,456.0,149.0,1857.0,1727.0,106.0,727.0,9272.0
26/11/2004,10.00.00,56.0,1562.0,261.0,1458.0,1056.0,458.0,197.0,1770.0,2021.0,124.0,648.0,9310.0
26/11/2004,11.00.00,4.0,1392.0,164.0,1192.0,856.0,543.0,183.0,1508.0,1795.0,137.0,599.0,9335.0
26/11/2004,12.00.00,4.0,1439.0,189.0,1267.0,854.0,522.0,179.0,1586.0,1852.0,149.0,570.0,9564.0
26/11/2004,13.00.00,49.0,1539.0,227.0,1371.0,854.0,488.0,196.0,1712.0,1943.0,155.0,562.0,9814.0
26/11/2004,14.00.00,56.0,1608.0,272.0,1483.0,949.0,446.0,208.0,1845.0,2058.0,158.0,563.0,10026.0
26/11/2004,15.00.00,51.0,1589.0,241.0,1407.0,932.0,556.0,203.0,1757.0,1972.0,158.0,579.0,10292.0
26/11/2004,16.00.00,62.0,1704.0,291.0,1531.0,1071.0,507.0,213.0,1904.0,2098.0,157.0,589.0,10432.0
26/11/2004,17.00.00,77.0,1822.0,360.0,1686.0,1134.0,387.0,233.0,2077.0,2244.0,155.0,612.0,10670.0
26/11/2004,18.00.00,101.0,1956.0,452.0,1877.0,1389.0,347.0,255.0,2338.0,2465.0,155.0,628.0,10979.0
26/11/2004,19.00.00,64.0,1676.0,307.0,1568.0,866.0,444.0,170.0,1983.0,2096.0,156.0,649.0,11396.0
26/11/2004,20.00.00,77.0,1834.0,377.0,1723.0,947.0,400.0,167.0,2204.0,2190.0,151.0,670.0,11394.0
26/11/2004,21.00.00,81.0,1759.0,316.0,1588.0,1155.0,437.0,205.0,1971.0,2234.0,146.0,677.0,11164.0
26/11/2004,22.00.00,47.0,1518.0,199.0,1293.0,798.0,515.0,170.0,1602.0,2048.0,138.0,678.0,10609.0
26/11/2004,23.00.00,43.0,1502.0,186.0,1256.0,696.0,560.0,154.0,1568.0,2044.0,134.0,690.0,10579.0
27/11/2004,00.00.00,41.0,1499.0,169.0,1207.0,654.0,748.0,143.0,1530.0,1881.0,130.0,737.0,10957.0
27/11/2004,01.00.00,42.0,1531.0,180.0,1238.0,685.0,619.0,140.0,1583.0,1774.0,127.0,775.0,11339.0
27/11/2004,02.00.00,38.0,1424.0,149.0,1145.0,574.0,641.0,122.0,1482.0,1615.0,124.0,784.0,11269.0
27/11/2004,03.00.00,27.0,1279.0,102.0,986.0,446.5,756.0,112.5,1362.0,1473.0,119.0,797.0,11075.0
27/11/2004,04.00.00,24.0,1250.0,91.0,942.0,319.0,755.0,103.0,1323.0,1380.0,119.0,807.0,11199.0
27/11/2004,05.00.00,2.0,1189.0,73.0,870.0,263.0,821.0,97.0,1272.0,1251.0,132.0,758.0,11459.0
27/11/2004,06.00.00,17.0,1197.0,76.0,881.0,320.0,820.0,99.0,1295.0,1173.0,123.0,819.0,11674.0
27/11/2004,07.00.00,21.0,1273.0,92.0,946.0,439.0,729.0,110.0,1349.0,1217.0,128.0,808.0,11898.0
27/11/2004,08.00.00,25.0,1298.0,111.0,1017.0,398.0,727.0,110.0,1418.0,1193.0,137.0,763.0,11932.0
27/11/2004,09.00.00,38.0,1453.0,163.0,1190.0,637.0,583.0,121.0,1644.0,1358.0,134.0,788.0,12104.0
27/11/2004,10.00.00,39.0,1492.0,178.0,1233.0,699.0,561.0,122.0,1672.0,1481.0,138.0,778.0,12201.0
27/11/2004,11.00.00,42.0,1481.0,167.0,1202.0,699.0,768.0,136.0,1639.0,1532.0,151.0,732.0,12440.0
27/11/2004,12.00.00,4.0,1524.0,176.0,1228.0,707.0,853.0,170.0,1646.0,1675.0,158.0,705.0,12557.0
27/11/2004,13.00.00,44.0,1562.0,194.0,1280.0,743.0,479.0,156.0,1711.0,1709.0,154.0,733.0,12700.0
27/11/2004,14.00.00,47.0,1567.0,201.0,1300.0,745.0,473.0,158.0,1753.0,1743.0,156.0,714.0,12596.0
27/11/2004,15.00.00,46.0,1568.0,194.0,1280.0,741.0,479.0,174.0,1703.0,1774.0,163.0,687.0,12596.0
27/11/2004,16.00.00,48.0,1622.0,205.0,1312.0,765.0,477.0,187.0,1727.0,1804.0,164.0,682.0,12662.0
27/11/2004,17.00.00,45.0,1515.0,187.0,1259.0,632.0,508.0,147.0,1695.0,1555.0,156.0,702.0,12380.0
27/11/2004,18.00.00,56.0,1603.0,245.0,1417.0,808.0,459.0,136.0,1871.0,1621.0,142.0,758.0,12202.0
27/11/2004,19.00.00,49.0,1514.0,213.0,1334.0,703.0,489.0,134.0,1755.0,1614.0,140.0,746.0,11865.0
27/11/2004,20.00.00,53.0,1567.0,235.0,1392.0,764.0,470.0,126.0,1821.0,1637.0,133.0,758.0,11506.0
27/11/2004,21.00.00,46.0,1380.0,155.0,1163.0,667.0,573.0,130.0,1547.0,1485.0,137.0,725.0,11326.0
27/11/2004,22.00.00,24.0,1214.0,99.0,972.0,355.0,663.0,98.0,1359.0,1280.0,128.0,738.0,10853.0
27/11/2004,23.00.00,27.0,1225.0,101.0,982.0,359.0,656.0,89.0,1358.0,1236.0,112.0,783.0,10415.0
28/11/2004,00.00.00,25.0,1250.0,103.0,989.0,327.0,665.0,88.0,1343.0,1204.0,106.0,794.0,10133.0
28/11/2004,01.00.00,23.0,1143.0,76.0,882.0,289.0,738.0,86.0,1260.0,1069.0,108.0,775.0,10027.0
28/11/2004,02.00.00,18.0,1046.0,61.0,817.0,213.5,790.0,78.0,1214.0,957.0,105.0,786.0,9976.0
28/11/2004,03.00.00,13.0,953.0,42.0,722.0,138.0,911.0,70.0,1148.0,828.0,103.0,776.0,9743.0
28/11/2004,04.00.00,1.0,913.0,31.0,659.0,86.0,1010.0,55.0,1121.0,748.0,103.0,749.0,9362.0
28/11/2004,05.00.00,9.0,858.0,16.0,554.0,60.0,1207.0,45.0,1047.0,663.0,112.0,690.0,9159.0
28/11/2004,06.00.00,7.0,848.0,17.0,560.0,62.0,1206.0,44.0,1045.0,644.0,89.0,771.0,8804.0
28/11/2004,07.00.00,8.0,871.0,15.0,548.0,73.0,1197.0,50.0,1025.0,662.0,95.0,733.0,8719.0
28/11/2004,08.00.00,1.0,909.0,26.0,624.0,157.0,1056.0,74.0,1073.0,736.0,86.0,772.0,8617.0
28/11/2004,09.00.00,11.0,906.0,28.0,637.0,166.0,1024.0,81.0,1070.0,761.0,86.0,766.0,8586.0
28/11/2004,10.00.00,8.0,859.0,19.0,573.0,98.0,1126.0,65.0,1039.0,696.0,97.0,720.0,8649.0
28/11/2004,11.00.00,14.0,1028.0,52.0,773.0,153.0,877.0,76.0,1194.0,871.0,111.0,682.0,8979.0
28/11/2004,12.00.00,22.0,1089.0,65.0,835.0,307.0,778.0,110.0,1216.0,1004.0,118.0,650.0,8966.0
28/11/2004,13.00.00,27.0,1184.0,94.0,954.0,416.0,701.0,124.0,1313.0,1133.0,121.0,648.0,9135.0
28/11/2004,14.00.00,23.0,1136.0,82.0,906.0,346.0,729.0,120.0,1274.0,1140.0,126.0,632.0,9209.0
28/11/2004,15.00.00,19.0,1069.0,69.0,854.0,252.0,780.0,99.0,1242.0,999.0,134.0,619.0,9513.0
28/11/2004,16.00.00,27.0,1214.0,86.0,922.0,326.0,741.0,117.0,1273.0,1124.0,133.0,633.0,9597.0
28/11/2004,17.00.00,32.0,1212.0,86.0,926.0,490.0,720.0,132.0,1283.0,1193.0,112.0,709.0,9406.0
28/11/2004,18.00.00,32.0,1218.0,101.0,981.0,452.0,677.0,113.0,1335.0,1258.0,96.0,765.0,9184.0
28/11/2004,19.00.00,35.0,1279.0,126.0,1069.0,542.0,628.0,117.0,1418.0,1356.0,99.0,763.0,9296.0
28/11/2004,20.00.00,45.0,1382.0,165.0,1196.0,605.0,573.0,127.0,1543.0,1468.0,104.0,746.0,9394.0
28/11/2004,21.00.00,41.0,1292.0,130.0,1085.0,577.0,620.0,132.0,1438.0,1390.0,103.0,751.0,9399.0
28/11/2004,22.00.00,33.0,1250.0,121.0,1054.0,491.0,634.0,121.0,1407.0,1348.0,104.0,754.0,9470.0
28/11/2004,23.00.00,31.0,1260.0,114.0,1030.0,492.0,639.0,122.0,1378.0,1355.0,105.0,754.0,9566.0
29/11/2004,00.00.00,3.0,1203.0,103.0,988.0,412.0,658.0,113.0,1350.0,1315.0,102.0,784.0,9757.0
29/11/2004,01.00.00,23.0,1146.0,80.0,900.0,283.0,718.0,99.0,1280.0,1183.0,99.0,805.0,9840.0
29/11/2004,02.00.00,23.0,1130.0,81.0,902.0,280.0,715.0,86.0,1289.0,1117.0,98.0,814.0,9855.0
29/11/2004,03.00.00,17.0,1032.0,49.0,757.0,218.0,837.0,76.0,1182.0,1001.0,95.0,817.0,9693.0
29/11/2004,04.00.00,15.0,993.0,42.0,720.0,156.0,891.0,66.0,1143.0,925.0,89.0,830.0,9487.0
29/11/2004,05.00.00,13.0,987.0,49.0,759.0,166.0,856.0,67.0,1162.0,940.0,88.0,837.0,9529.0
29/11/2004,06.00.00,14.0,1018.0,57.0,800.0,225.0,821.0,78.0,1185.0,956.0,87.0,842.0,9526.0
29/11/2004,07.00.00,2.0,1129.0,98.0,971.0,325.0,707.0,90.0,1315.0,1064.0,87.0,837.0,9454.0
29/11/2004,08.00.00,42.0,1440.0,206.0,1312.0,760.0,537.0,120.0,1657.0,1515.0,96.0,808.0,9687.0
29/11/2004,09.00.00,59.0,1609.0,295.0,1540.0,948.0,486.0,139.0,1961.0,1803.0,113.0,753.0,10048.0
29/11/2004,10.00.00,63.0,1573.0,283.0,1511.0,1044.0,531.0,172.0,1916.0,1927.0,138.0,685.0,10718.0
29/11/2004,11.00.00,66.0,1705.0,305.0,1562.0,1172.0,473.0,232.0,1988.0,2197.0,149.0,649.0,10929.0
29/11/2004,12.00.00,5.0,1551.0,230.0,1377.0,1000.0,564.0,168.0,1734.0,2038.0,153.0,632.0,10898.0
29/11/2004,13.00.00,25.0,1163.0,111.0,1016.0,366.0,781.0,120.0,1363.0,1339.0,186.0,491.0,10425.0
29/11/2004,14.00.00,26.0,1186.0,128.0,1077.0,346.0,797.0,121.0,1404.0,1328.0,186.0,493.0,10451.0
29/11/2004,15.00.00,19.0,1166.0,108.0,1007.0,289.0,775.0,117.0,1391.0,1227.0,184.0,499.0,10453.0
29/11/2004,16.00.00,23.0,1200.0,114.0,1027.0,316.0,760.0,121.0,1416.0,1199.0,179.0,514.0,10488.0
29/11/2004,17.00.00,19.0,1134.0,81.0,903.0,238.0,821.0,107.0,1299.0,1046.0,180.0,519.0,10622.0
29/11/2004,18.00.00,23.0,1161.0,100.0,979.0,267.0,758.0,115.0,1375.0,1132.0,167.0,573.0,10813.0
29/11/2004,19.00.00,18.0,1117.0,73.0,871.0,182.0,781.0,94.0,1320.0,986.0,173.0,570.0,11137.0
29/11/2004,20.00.00,19.0,1114.0,73.0,872.0,197.0,857.0,98.0,1310.0,991.0,168.0,587.0,11109.0
29/11/2004,21.00.00,14.0,1022.0,46.0,744.0,149.0,1224.0,87.0,1210.0,847.0,165.0,592.0,11021.0
29/11/2004,22.00.00,12.0,996.0,40.0,710.0,124.0,1699.0,78.0,1182.0,783.0,163.0,597.0,10941.0
29/11/2004,23.00.00,1.0,1002.0,39.0,704.0,105.0,1472.0,69.0,1202.0,752.0,160.0,616.0,11127.0
30/11/2004,00.00.00,12.0,1032.0,36.0,688.0,109.0,1514.0,67.0,1200.0,737.0,156.0,666.0,11763.0
30/11/2004,01.00.00,14.0,1052.0,51.0,766.0,169.0,1031.0,81.0,1302.0,796.0,138.0,804.0,12621.0
30/11/2004,02.00.00,12.0,1014.0,45.0,737.0,124.0,1509.0,75.0,1288.0,765.0,132.0,844.0,12779.0
30/11/2004,03.00.00,8.0,897.0,20.0,581.0,87.0,1184.0,58.5,1181.0,636.0,136.0,828.0,12845.0
30/11/2004,04.00.00,6.0,878.0,12.0,518.0,50.0,1294.0,42.0,1149.0,539.0,138.0,813.0,12767.0
30/11/2004,05.00.00,6.0,840.0,14.0,534.0,47.0,1268.0,38.0,1109.0,483.0,136.0,755.0,11720.0
30/11/2004,06.00.00,7.0,879.0,19.0,575.0,110.0,1262.0,64.0,1111.0,537.0,115.0,814.0,11025.0
30/11/2004,07.00.00,11.0,999.0,36.0,690.0,193.0,1027.0,86.0,1192.0,707.0,118.0,807.0,11181.0
30/11/2004,08.00.00,25.0,1251.0,110.0,1015.0,475.0,751.0,127.0,1453.0,1070.0,123.0,789.0,11283.0
30/11/2004,09.00.00,36.0,1351.0,175.0,1226.0,420.0,648.0,122.0,1649.0,1248.0,130.0,760.0,11317.0
30/11/2004,10.00.00,36.0,1312.0,159.0,1177.0,439.0,711.0,141.0,1588.0,1261.0,137.0,709.0,11076.0
30/11/2004,11.00.00,33.0,1201.0,134.0,1098.0,461.0,763.0,139.0,1500.0,1209.0,140.0,709.0,11244.0
30/11/2004,12.00.00,2.0,1120.0,88.0,932.0,238.0,897.0,105.0,1301.0,1039.0,146.0,659.0,10880.0
30/11/2004,13.00.00,19.0,1071.0,94.0,955.0,232.0,940.0,103.0,1311.0,977.0,149.0,599.0,10063.0
30/11/2004,14.00.00,22.0,1085.0,97.0,967.0,241.0,943.0,108.0,1321.0,976.0,149.0,584.0,9839.0
30/11/2004,15.00.00,22.0,1113.0,101.0,980.0,278.0,984.0,109.0,1311.0,995.0,153.0,543.0,9357.0
30/11/2004,16.00.00,38.0,1310.0,202.0,1301.0,496.0,746.0,149.0,1694.0,1350.0,146.0,566.0,9367.0
30/11/2004,17.00.00,35.0,1183.0,142.0,1122.0,464.0,897.0,143.0,1476.0,1215.0,126.0,620.0,9027.0
30/11/2004,18.00.00,52.0,1362.0,228.0,1373.0,600.0,755.0,159.0,1698.0,1461.0,119.0,623.0,8674.0
30/11/2004,19.00.00,63.0,1408.0,280.0,1502.0,692.0,640.0,178.0,1843.0,1598.0,116.0,643.0,8789.0
30/11/2004,20.00.00,68.0,1471.0,303.0,1559.0,731.0,605.0,168.0,1939.0,1669.0,115.0,680.0,9207.0
30/11/2004,21.00.00,41.0,1157.0,124.0,1063.0,491.0,905.0,160.0,1394.0,1223.0,107.0,739.0,9502.0
30/11/2004,22.00.00,23.0,1061.0,80.0,899.0,284.0,1067.0,117.0,1277.0,939.0,96.0,830.0,9899.0
30/11/2004,23.00.00,19.0,1006.0,65.0,836.0,245.0,1226.0,113.0,1210.0,902.0,96.0,799.0,9579.0
01/12/2004,00.00.00,22.0,1039.0,75.0,880.0,273.0,1198.0,113.0,1251.0,933.0,98.0,794.0,9626.0
01/12/2004,01.00.00,13.0,886.0,38.0,699.0,157.0,1900.0,94.0,1106.0,766.0,101.0,753.0,9322.0
01/12/2004,02.00.00,12.0,900.0,38.0,701.0,117.0,1955.0,76.0,1127.0,749.0,91.0,800.0,9299.0
01/12/2004,03.00.00,9.0,856.0,30.0,654.0,120.0,2042.0,72.0,1100.0,709.0,87.0,824.0,9294.0
01/12/2004,04.00.00,7.5,857.0,28.0,638.0,123.0,2061.0,68.0,1083.0,746.0,85.0,817.0,9074.0
01/12/2004,05.00.00,6.0,844.0,25.0,618.0,100.0,2095.0,63.0,1064.0,757.0,83.0,804.0,8861.0
01/12/2004,06.00.00,9.0,927.0,33.0,671.0,135.0,2009.0,74.0,1098.0,792.0,89.0,792.0,9067.0
01/12/2004,07.00.00,14.0,1007.0,70.0,857.0,301.0,1699.0,96.0,1248.0,921.0,87.0,808.0,9096.0
01/12/2004,08.00.00,34.0,1318.0,181.0,1243.0,641.0,1261.0,121.0,1638.0,1318.0,90.0,798.0,9203.0
01/12/2004,09.00.00,5.0,1396.0,246.0,1419.0,849.0,1104.0,145.0,1799.0,1547.0,95.0,783.0,9338.0
01/12/2004,10.00.00,47.0,1337.0,197.0,1288.0,861.0,1192.0,158.0,1648.0,1516.0,104.0,760.0,9561.0
01/12/2004,11.00.00,32.0,1202.0,130.0,1083.0,629.0,1376.0,143.0,1410.0,1340.0,110.0,744.0,9736.0
01/12/2004,12.00.00,35.0,1309.0,171.0,1212.0,737.0,1267.0,182.0,1533.0,1556.0,138.0,636.0,9959.0
01/12/2004,13.00.00,4.0,1351.0,193.0,1278.0,712.0,1249.0,163.0,1623.0,1582.0,136.0,656.0,10167.0
01/12/2004,14.00.00,57.0,1501.0,284.0,1514.0,933.0,1090.0,178.0,1898.0,1791.0,137.0,665.0,10380.0
01/12/2004,15.00.00,5.0,1426.0,229.0,1375.0,836.0,1143.0,162.0,1751.0,1631.0,130.0,730.0,10860.0
01/12/2004,16.00.00,56.0,1544.0,257.0,1446.0,987.0,1070.0,171.0,1834.0,1679.0,127.0,771.0,11251.0
01/12/2004,17.00.00,62.0,1566.0,268.0,1474.0,985.0,1049.0,174.0,1887.0,1681.0,123.0,797.0,11342.0
01/12/2004,18.00.00,75.0,1547.0,292.0,1532.0,1040.0,1009.0,185.0,1972.0,1718.0,123.0,788.0,11279.0
01/12/2004,19.00.00,3.0,1124.0,119.0,1047.0,401.0,1401.0,126.0,1419.0,1193.0,125.0,726.0,10489.0
01/12/2004,20.00.00,26.0,1090.0,101.0,981.0,279.0,1513.0,113.0,1390.0,1044.0,118.0,761.0,10544.0
01/12/2004,21.00.00,21.0,1034.0,72.0,865.0,280.0,1732.0,111.0,1280.0,925.0,113.0,799.0,10697.0
01/12/2004,22.00.00,18.0,1040.0,71.0,859.0,280.0,1705.0,107.0,1293.0,889.0,111.0,843.0,11137.0
01/12/2004,23.00.00,2.0,1060.0,75.0,877.0,327.0,1648.0,107.0,1313.0,929.0,113.0,831.0,11089.0
02/12/2004,00.00.00,22.0,1076.0,81.0,903.0,316.0,1627.0,102.0,1330.0,958.0,116.0,810.0,11082.0
02/12/2004,01.00.00,19.0,975.0,55.0,787.0,223.0,1812.0,96.0,1238.0,844.0,117.0,778.0,10689.0
02/12/2004,02.00.00,16.0,987.0,57.0,796.0,180.0,1789.0,86.0,1254.0,830.0,117.0,786.0,10813.0
02/12/2004,03.00.00,11.0,928.0,38.0,699.0,155.5,1930.0,78.0,1198.0,785.0,119.0,782.0,10856.0
02/12/2004,04.00.00,9.0,889.0,29.0,646.0,131.0,2047.0,70.0,1163.0,743.0,120.0,774.0,10825.0
02/12/2004,05.00.00,7.0,880.0,24.0,610.0,101.0,2095.0,59.0,1150.0,711.0,120.0,780.0,10940.0
02/12/2004,06.00.00,9.0,919.0,40.0,711.0,189.0,1667.0,74.0,1195.0,819.0,124.0,753.0,10813.0
02/12/2004,07.00.00,14.0,1073.0,72.0,867.0,336.0,768.0,89.0,1329.0,981.0,125.0,764.0,11021.0
02/12/2004,08.00.00,42.0,1435.0,216.0,1341.0,804.0,501.0,131.0,1787.0,1480.0,129.0,738.0,10937.0
02/12/2004,09.00.00,5.0,1477.0,279.0,1501.0,860.0,444.0,139.0,1972.0,1691.0,133.0,707.0,10749.0
02/12/2004,10.00.00,44.0,1337.0,192.0,1275.0,745.0,525.0,145.0,1655.0,1548.0,143.0,661.0,10711.0
02/12/2004,11.00.00,34.0,1308.0,164.0,1191.0,685.0,537.0,137.0,1559.0,1523.0,154.0,639.0,11071.0
02/12/2004,12.00.00,28.0,1245.0,148.0,1143.0,639.0,569.0,128.0,1531.0,1406.0,159.0,627.0,11273.0
02/12/2004,13.00.00,34.0,1295.0,168.0,1205.0,668.0,538.0,128.0,1579.0,1476.0,164.0,619.0,11465.0
02/12/2004,14.00.00,29.0,1338.0,169.0,1208.0,469.0,539.0,123.0,1600.0,1481.0,180.0,580.0,11901.0
02/12/2004,15.00.00,39.0,1405.0,190.0,1269.0,605.0,500.0,136.0,1735.0,1534.0,192.0,579.0,12757.0
02/12/2004,16.00.00,4.0,1456.0,198.0,1291.0,641.0,490.0,137.0,1753.0,1592.0,181.0,621.0,12822.0
02/12/2004,17.00.00,49.0,1516.0,248.0,1423.0,774.0,455.0,151.0,1881.0,1688.0,167.0,673.0,12707.0
02/12/2004,18.00.00,77.0,1707.0,376.0,1721.0,1001.0,375.0,171.0,2260.0,1940.0,158.0,707.0,12601.0
02/12/2004,19.00.00,94.0,1816.0,439.0,1851.0,1184.0,341.0,171.0,2405.0,2069.0,154.0,730.0,12688.0
02/12/2004,20.00.00,78.0,1713.0,366.0,1699.0,1020.0,371.0,161.0,2196.0,1943.0,154.0,730.0,12648.0
02/12/2004,21.00.00,66.0,1646.0,308.0,1570.0,964.0,401.0,154.0,2049.0,1846.0,153.0,736.0,12691.0
02/12/2004,22.00.00,47.0,1468.0,220.0,1351.0,741.0,472.0,127.0,1783.0,1611.0,151.0,743.0,12623.0
02/12/2004,23.00.00,48.0,1443.0,209.0,1323.0,757.0,486.0,115.0,1760.0,1487.0,142.0,780.0,12540.0
03/12/2004,00.00.00,32.0,1289.0,131.0,1087.0,564.0,587.0,102.0,1515.0,1208.0,141.0,814.0,13066.0
03/12/2004,01.00.00,26.0,1194.0,93.0,950.0,434.0,667.0,100.0,1433.0,1043.0,144.0,827.0,13496.0
03/12/2004,02.00.00,21.0,1165.0,94.0,957.0,308.0,661.0,86.0,1452.0,979.0,141.0,841.0,13461.0
03/12/2004,03.00.00,13.0,1003.0,47.0,747.0,220.5,843.0,83.0,1289.0,806.0,141.0,848.0,13544.0
03/12/2004,04.00.00,11.0,986.0,38.0,700.0,133.0,883.0,80.0,1249.0,768.0,140.0,841.0,13389.0
03/12/2004,05.00.00,7.0,930.0,25.0,623.0,103.0,975.0,74.0,1215.0,720.0,139.0,851.0,13449.0
03/12/2004,06.00.00,9.0,988.0,40.0,709.0,178.0,897.0,82.0,1267.0,785.0,138.0,855.0,13469.0
03/12/2004,07.00.00,15.0,1094.0,70.0,857.0,289.0,739.0,96.0,1378.0,903.0,138.0,853.0,13412.0
03/12/2004,08.00.00,38.0,1528.0,211.0,1328.0,736.0,487.0,124.0,1839.0,1389.0,137.0,845.0,13202.0
03/12/2004,09.00.00,6.0,1628.0,290.0,1528.0,928.0,416.0,142.0,2081.0,1649.0,139.0,839.0,13284.0
03/12/2004,10.00.00,51.0,1555.0,230.0,1377.0,897.0,455.0,154.0,1834.0,1621.0,146.0,816.0,13448.0
03/12/2004,11.00.00,36.0,1290.0,130.0,1084.0,596.0,586.0,144.0,1544.0,1362.0,158.0,747.0,13336.0
03/12/2004,12.00.00,3.0,1280.0,149.0,1144.0,481.0,555.0,144.0,1599.0,1624.0,164.0,721.0,13360.0
03/12/2004,13.00.00,31.0,1302.0,157.0,1169.0,495.0,544.0,139.0,1636.0,1605.0,168.0,703.0,13341.0
03/12/2004,14.00.00,33.0,1332.0,181.0,1242.0,460.0,524.0,138.0,1716.0,1608.0,179.0,663.0,13499.0
03/12/2004,15.00.00,34.0,1332.0,155.0,1163.0,445.0,548.0,134.0,1664.0,1522.0,188.0,627.0,13506.0
03/12/2004,16.00.00,46.0,1493.0,238.0,1399.0,618.0,466.0,150.0,1893.0,1708.0,190.0,616.0,13407.0
03/12/2004,17.00.00,69.0,1648.0,326.0,1612.0,858.0,401.0,173.0,2177.0,1885.0,177.0,683.0,13713.0
03/12/2004,18.00.00,51.0,1482.0,240.0,1404.0,634.0,463.0,134.0,1883.0,1657.0,165.0,717.0,13358.0
03/12/2004,19.00.00,49.0,1501.0,236.0,1392.0,575.0,476.0,128.0,1832.0,1645.0,157.0,727.0,12872.0
03/12/2004,20.00.00,61.0,1601.0,307.0,1568.0,738.0,422.0,132.0,2111.0,1729.0,150.0,744.0,12593.0
03/12/2004,21.00.00,62.0,1421.0,209.0,1320.0,739.0,496.0,134.0,1804.0,1556.0,146.0,752.0,12405.0
03/12/2004,22.00.00,3.0,1232.0,127.0,1074.0,472.0,606.0,107.0,1504.0,1317.0,140.0,757.0,12051.0
03/12/2004,23.00.00,34.0,1270.0,140.0,1117.0,542.0,586.0,101.0,1528.0,1290.0,131.0,787.0,11817.0
04/12/2004,00.00.00,35.0,1257.0,137.0,1108.0,577.0,592.0,94.0,1520.0,1287.0,126.0,784.0,11419.0
04/12/2004,01.00.00,32.0,1246.0,128.0,1077.0,568.0,621.0,99.0,1462.0,1235.0,128.0,779.0,11438.0
04/12/2004,02.00.00,29.0,1166.0,110.0,1013.0,451.0,643.0,90.0,1408.0,1144.0,121.0,794.0,11201.0
04/12/2004,03.00.00,21.0,1062.0,82.0,906.0,346.5,724.0,80.5,1305.0,1004.0,116.0,801.0,10899.0
04/12/2004,04.00.00,19.0,1005.0,64.0,829.0,242.0,779.0,71.0,1246.0,944.0,116.0,797.0,10858.0
04/12/2004,05.00.00,17.0,1032.0,68.0,848.0,277.0,751.0,71.0,1266.0,972.0,114.0,811.0,10928.0
04/12/2004,06.00.00,17.0,1034.0,74.0,876.0,291.0,740.0,66.0,1305.0,968.0,115.0,817.0,11033.0
04/12/2004,07.00.00,13.0,1024.0,62.0,822.0,277.0,800.0,70.0,1266.0,954.0,124.0,771.0,11072.0
04/12/2004,08.00.00,28.0,1243.0,137.0,1108.0,510.0,595.0,90.0,1539.0,1201.0,123.0,790.0,11293.0
04/12/2004,09.00.00,25.0,1148.0,96.0,963.0,451.0,680.0,102.0,1395.0,1017.0,122.0,839.0,11890.0
04/12/2004,10.00.00,27.0,1182.0,104.0,994.0,584.0,654.0,102.0,1431.0,1039.0,122.0,851.0,12079.0
04/12/2004,11.00.00,15.0,1015.0,65.0,835.0,260.0,796.0,94.0,1263.0,911.0,124.0,801.0,11462.0
04/12/2004,12.00.00,26.0,1175.0,106.0,1002.0,492.0,668.0,122.0,1422.0,1059.0,130.0,778.0,11641.0
04/12/2004,13.00.00,31.0,1224.0,119.0,1046.0,580.0,630.0,124.0,1476.0,1213.0,118.0,865.0,11981.0
04/12/2004,14.00.00,25.0,1123.0,84.0,916.0,373.0,709.0,103.0,1346.0,1003.0,119.0,857.0,11912.0
04/12/2004,15.00.00,26.0,1187.0,96.0,961.0,497.0,685.0,115.0,1408.0,1017.0,119.0,887.0,12352.0
04/12/2004,16.00.00,25.0,1116.0,71.0,860.0,413.0,758.0,107.0,1316.0,937.0,123.0,870.0,12422.0
04/12/2004,17.00.00,23.0,1131.0,83.0,912.0,444.0,728.0,120.0,1356.0,987.0,127.0,844.0,12352.0
04/12/2004,18.00.00,31.0,1215.0,109.0,1012.0,533.0,653.0,120.0,1441.0,1131.0,131.0,817.0,12284.0
04/12/2004,19.00.00,19.0,1077.0,69.0,852.0,325.0,773.0,108.0,1302.0,969.0,131.0,804.0,12038.0
04/12/2004,20.00.00,25.0,1210.0,106.0,1000.0,439.0,679.0,115.0,1456.0,1062.0,134.0,799.0,12254.0
04/12/2004,21.00.00,31.0,1181.0,94.0,956.0,506.0,689.0,124.0,1400.0,1058.0,138.0,768.0,12060.0
04/12/2004,22.00.00,2.0,1088.0,69.0,851.0,349.0,766.0,109.0,1307.0,959.0,140.0,759.0,12064.0
04/12/2004,23.00.00,19.0,1054.0,56.0,794.0,235.0,830.0,93.0,1282.0,887.0,135.0,783.0,12097.0
05/12/2004,00.00.00,24.0,1096.0,63.0,826.0,378.0,795.0,103.0,1285.0,911.0,130.0,792.0,11820.0
05/12/2004,01.00.00,2.0,1042.0,65.0,834.0,304.0,808.0,106.0,1267.0,914.0,124.0,775.0,11115.0
05/12/2004,02.00.00,12.0,887.0,34.0,679.0,180.0,969.0,96.0,1132.0,786.0,123.0,712.0,10175.0
05/12/2004,03.00.00,1.0,884.0,30.0,651.0,164.0,1034.0,88.5,1105.0,741.0,122.0,696.0,9860.0
05/12/2004,04.00.00,1.0,862.0,28.0,639.0,148.0,1033.0,81.0,1100.0,727.0,123.0,675.0,9624.0
05/12/2004,05.00.00,8.0,821.0,20.0,584.0,106.0,1132.0,70.0,1070.0,686.0,127.0,656.0,9566.0
05/12/2004,06.00.00,6.0,797.0,15.0,543.0,87.0,1235.0,60.0,1047.0,648.0,125.0,659.0,9533.0
05/12/2004,07.00.00,7.0,802.0,14.0,538.0,96.0,1237.0,63.0,1042.0,645.0,124.0,654.0,9426.0
05/12/2004,08.00.00,8.0,848.0,19.0,578.0,120.0,1160.0,68.0,1068.0,679.0,132.0,625.0,9430.0
05/12/2004,09.00.00,9.0,863.0,24.0,610.0,130.0,1088.0,68.0,1086.0,696.0,131.0,624.0,9366.0
05/12/2004,10.00.00,1.0,889.0,31.0,661.0,140.0,1001.0,66.0,1115.0,735.0,129.0,647.0,9564.0
05/12/2004,11.00.00,13.0,969.0,44.0,733.0,176.0,901.0,72.0,1191.0,803.0,130.0,676.0,10090.0
05/12/2004,12.00.00,17.0,1013.0,56.0,795.0,209.0,826.0,81.0,1257.0,848.0,130.0,697.0,10403.0
05/12/2004,13.00.00,24.0,1100.0,67.0,842.0,309.0,774.0,89.0,1296.0,882.0,120.0,800.0,11167.0
05/12/2004,14.00.00,17.0,1019.0,55.0,788.0,226.0,828.0,85.0,1267.0,812.0,114.0,837.0,11278.0
05/12/2004,15.00.00,18.0,1061.0,77.0,887.0,246.0,745.0,86.0,1367.0,889.0,120.0,808.0,11264.0
05/12/2004,16.00.00,15.0,940.0,37.0,692.0,208.0,934.0,83.0,1177.0,749.0,115.0,810.0,11010.0
05/12/2004,17.00.00,11.0,904.0,28.0,640.0,154.0,1022.0,77.0,1152.0,682.0,113.0,810.0,10851.0
05/12/2004,18.00.00,24.0,1120.0,89.0,935.0,275.0,744.0,93.0,1385.0,922.0,120.0,784.0,10954.0
05/12/2004,19.00.00,2.0,987.0,46.0,746.0,281.0,880.0,103.0,1212.0,833.0,121.0,755.0,10669.0
05/12/2004,20.00.00,15.0,971.0,44.0,734.0,237.0,905.0,90.0,1187.0,808.0,125.0,719.0,10351.0
05/12/2004,21.00.00,17.0,965.0,44.0,733.0,225.0,909.0,93.0,1173.0,790.0,126.0,705.0,10239.0
05/12/2004,22.00.00,1.0,873.0,28.0,641.0,143.0,1025.0,72.0,1120.0,685.0,125.0,691.0,10003.0
05/12/2004,23.00.00,1.0,892.0,33.0,672.0,146.0,1012.0,73.0,1111.0,706.0,131.0,643.0,9628.0
06/12/2004,00.00.00,1.0,857.0,23.0,605.0,115.0,1094.0,64.0,1071.0,636.0,132.0,629.0,9517.0
06/12/2004,01.00.00,9.0,901.0,32.0,662.0,125.0,1034.0,66.0,1127.0,678.0,133.0,636.0,9673.0
06/12/2004,02.00.00,11.0,901.0,31.0,661.0,150.0,1022.0,71.0,1124.0,714.0,133.0,653.0,9948.0
06/12/2004,03.00.00,11.0,904.0,30.0,649.0,114.0,983.0,62.5,1157.0,726.0,127.0,722.0,10525.0
06/12/2004,04.00.00,6.0,857.0,17.0,562.0,78.0,1140.0,54.0,1130.0,646.0,119.0,796.0,11043.0
06/12/2004,05.00.00,7.0,881.0,23.0,602.0,108.0,1034.0,58.0,1157.0,685.0,118.0,814.0,11238.0
06/12/2004,06.00.00,9.0,913.0,38.0,701.0,181.0,926.0,72.0,1219.0,750.0,120.0,801.0,11231.0
06/12/2004,07.00.00,13.0,1012.0,61.0,817.0,302.0,819.0,89.0,1314.0,878.0,122.0,788.0,11178.0
06/12/2004,08.00.00,31.0,1314.0,158.0,1173.0,587.0,589.0,112.0,1627.0,1238.0,127.0,772.0,11298.0
06/12/2004,09.00.00,49.0,1479.0,264.0,1465.0,712.0,471.0,131.0,2018.0,1572.0,134.0,744.0,11407.0
06/12/2004,10.00.00,47.0,1299.0,185.0,1254.0,698.0,566.0,161.0,1662.0,1488.0,159.0,634.0,11349.0
06/12/2004,11.00.00,32.0,1221.0,132.0,1090.0,576.0,641.0,135.0,1489.0,1424.0,185.0,529.0,11174.0
06/12/2004,12.00.00,25.0,1171.0,120.0,1049.0,438.0,655.0,119.0,1418.0,1338.0,184.0,526.0,11064.0
06/12/2004,13.00.00,38.0,1316.0,199.0,1293.0,562.0,538.0,144.0,1682.0,1559.0,194.0,498.0,11095.0
06/12/2004,14.00.00,33.0,1208.0,164.0,1191.0,467.0,573.0,130.0,1589.0,1415.0,195.0,501.0,11225.0
06/12/2004,15.00.00,25.0,1145.0,138.0,1112.0,323.0,621.0,109.0,1481.0,1331.0,203.0,475.0,11187.0
06/12/2004,16.00.00,27.0,1189.0,156.0,1167.0,391.0,599.0,114.0,1541.0,1315.0,187.0,530.0,11322.0
06/12/2004,17.00.00,29.0,1173.0,157.0,1170.0,379.0,597.0,115.0,1551.0,1289.0,173.0,571.0,11161.0
06/12/2004,18.00.00,31.0,1237.0,180.0,1239.0,387.0,570.0,123.0,1620.0,1389.0,164.0,595.0,11017.0
06/12/2004,19.00.00,4.0,1253.0,179.0,1238.0,433.0,571.0,138.0,1613.0,1351.0,159.0,608.0,10880.0
06/12/2004,20.00.00,31.0,1155.0,143.0,1126.0,349.0,617.0,123.0,1511.0,1267.0,155.0,607.0,10591.0
06/12/2004,21.00.00,27.0,1175.0,128.0,1077.0,337.0,634.0,112.0,1480.0,1279.0,153.0,631.0,10872.0
06/12/2004,22.00.00,17.0,1001.0,73.0,871.0,245.0,806.0,87.0,1264.0,1071.0,166.0,585.0,10963.0
06/12/2004,23.00.00,15.0,1014.0,58.0,804.0,236.0,871.0,79.0,1233.0,994.0,146.0,647.0,10677.0
07/12/2004,00.00.00,14.0,966.0,51.0,770.0,191.0,900.0,74.0,1206.0,956.0,140.0,661.0,10500.0
07/12/2004,01.00.00,14.0,987.0,55.0,786.0,273.0,901.0,75.0,1220.0,936.0,130.0,694.0,10364.0
07/12/2004,02.00.00,11.0,888.0,35.0,680.0,211.0,985.0,70.0,1138.0,826.0,131.0,674.0,10101.0
07/12/2004,03.00.00,11.0,911.0,42.0,719.0,178.5,947.0,67.0,1170.0,839.0,116.0,734.0,9990.0
07/12/2004,04.00.00,8.5,828.0,26.0,627.0,146.0,1074.0,64.0,1103.0,748.0,119.0,714.0,9921.0
07/12/2004,05.00.00,6.0,857.0,23.0,604.0,126.0,1126.0,63.0,1091.0,740.0,124.0,683.0,9801.0
07/12/2004,06.00.00,8.0,886.0,28.0,641.0,146.0,1082.0,67.0,1098.0,783.0,141.0,606.0,9715.0
07/12/2004,07.00.00,1.0,964.0,43.0,730.0,243.0,985.0,71.0,1146.0,891.0,129.0,642.0,9506.0
07/12/2004,08.00.00,28.0,1230.0,126.0,1070.0,450.0,761.0,98.0,1431.0,1197.0,117.0,689.0,9439.0
07/12/2004,09.00.00,34.0,1236.0,168.0,1203.0,499.0,681.0,114.0,1566.0,1311.0,125.0,658.0,9538.0
07/12/2004,10.00.00,33.0,1322.0,173.0,1219.0,574.0,682.0,130.0,1591.0,1472.0,145.0,611.0,10007.0
07/12/2004,11.00.00,41.0,1407.0,198.0,1292.0,679.0,643.0,155.0,1638.0,1694.0,169.0,542.0,10371.0
07/12/2004,12.00.00,35.0,1357.0,216.0,1339.0,572.0,657.0,141.0,1583.0,1639.0,174.0,533.0,10528.0
07/12/2004,13.00.00,3.0,1289.0,180.0,1239.0,396.0,733.0,118.0,1635.0,1469.0,188.0,493.0,10581.0
07/12/2004,14.00.00,36.0,1257.0,160.0,1179.0,455.0,818.0,134.0,1545.0,1415.0,194.0,471.0,10510.0
07/12/2004,15.00.00,3.0,1199.0,137.0,1108.0,423.0,818.0,123.0,1450.0,1250.0,192.0,471.0,10371.0
07/12/2004,16.00.00,26.0,1181.0,141.0,1121.0,356.0,629.0,117.0,1466.0,1236.0,177.0,515.0,10315.0
07/12/2004,17.00.00,26.0,1175.0,139.0,1112.0,350.0,628.0,110.0,1484.0,1212.0,165.0,546.0,10164.0
07/12/2004,18.00.00,31.0,1202.0,143.0,1126.0,359.0,606.0,115.0,1480.0,1212.0,154.0,579.0,10068.0
07/12/2004,19.00.00,32.0,1170.0,133.0,1095.0,358.0,618.0,116.0,1470.0,1195.0,152.0,584.0,10007.0
07/12/2004,20.00.00,24.0,1115.0,116.0,1036.0,289.0,649.0,99.0,1381.0,1200.0,149.0,584.0,9843.0
07/12/2004,21.00.00,26.0,1130.0,113.0,1026.0,359.0,657.0,115.0,1374.0,1209.0,145.0,604.0,9909.0
07/12/2004,22.00.00,24.0,1195.0,110.0,1013.0,355.0,646.0,104.0,1345.0,1276.0,145.0,623.0,10216.0
07/12/2004,23.00.00,18.0,1111.0,77.0,887.0,244.0,720.0,92.0,1262.0,1132.0,146.0,606.0,10033.0
08/12/2004,00.00.00,17.0,1092.0,70.0,855.0,194.0,750.0,84.0,1231.0,1061.0,150.0,593.0,10045.0
08/12/2004,01.00.00,19.0,1111.0,70.0,856.0,176.0,746.0,81.0,1254.0,1036.0,147.0,603.0,10031.0
08/12/2004,02.00.00,14.0,992.0,44.0,731.0,170.0,1035.0,77.0,1149.0,911.0,153.0,591.0,10191.0
08/12/2004,03.00.00,15.0,1051.0,61.0,815.0,191.0,1305.0,76.0,1203.0,951.0,123.0,697.0,9954.0
08/12/2004,04.00.00,17.0,1080.0,79.0,896.0,212.0,1075.0,75.0,1262.0,1033.0,116.0,725.0,9916.0
08/12/2004,05.00.00,1.0,893.0,31.0,655.0,146.0,990.0,69.0,1097.0,816.0,120.0,719.0,10030.0
08/12/2004,06.00.00,9.0,923.0,32.0,664.0,177.0,988.0,67.0,1121.0,822.0,118.0,718.0,9909.0
08/12/2004,07.00.00,1.0,950.0,40.0,713.0,172.0,917.0,68.0,1139.0,841.0,118.0,714.0,9864.0
08/12/2004,08.00.00,1.0,947.0,32.0,666.0,159.0,985.0,68.0,1115.0,795.0,128.0,663.0,9804.0
08/12/2004,09.00.00,11.0,973.0,40.0,712.0,184.0,923.0,69.0,1157.0,831.0,132.0,652.0,9841.0
08/12/2004,10.00.00,17.0,1111.0,76.0,884.0,310.0,751.0,81.0,1280.0,1025.0,131.0,662.0,9933.0
08/12/2004,11.00.00,23.0,1206.0,98.0,969.0,363.0,701.0,95.0,1365.0,1178.0,143.0,633.0,10266.0
08/12/2004,12.00.00,21.0,1202.0,95.0,958.0,302.0,732.0,92.0,1330.0,1181.0,160.0,581.0,10482.0
08/12/2004,13.00.00,27.0,1261.0,112.0,1022.0,424.0,635.0,113.0,1407.0,1250.0,173.0,539.0,10562.0
08/12/2004,14.00.00,23.0,1102.0,69.0,855.0,258.0,763.0,98.0,1279.0,1039.0,173.0,533.0,10407.0
08/12/2004,15.00.00,12.0,997.0,46.0,742.0,179.0,911.0,82.0,1180.0,899.0,167.0,547.0,10311.0
08/12/2004,16.00.00,14.0,1049.0,55.0,790.0,221.0,870.0,96.0,1183.0,1019.0,154.0,589.0,10200.0
08/12/2004,17.00.00,19.0,1082.0,65.0,834.0,303.0,800.0,107.0,1207.0,1057.0,152.0,580.0,9927.0
08/12/2004,18.00.00,26.0,1177.0,103.0,987.0,429.0,692.0,119.0,1324.0,1229.0,162.0,545.0,9956.0
08/12/2004,19.00.00,24.0,1166.0,89.0,935.0,357.0,756.0,114.0,1301.0,1135.0,165.0,553.0,10267.0
08/12/2004,20.00.00,35.0,1352.0,140.0,1118.0,438.0,625.0,127.0,1524.0,1188.0,146.0,721.0,11947.0
08/12/2004,21.00.00,35.0,1210.0,92.0,947.0,457.0,697.0,121.0,1404.0,1060.0,139.0,767.0,12098.0
08/12/2004,22.00.00,22.0,1161.0,82.0,909.0,355.0,721.0,109.0,1370.0,962.0,137.0,793.0,12326.0
08/12/2004,23.00.00,23.0,1142.0,72.0,866.0,348.0,815.0,107.0,1329.0,939.0,138.0,773.0,12169.0
09/12/2004,00.00.00,19.0,1054.0,55.0,789.0,241.0,886.0,100.0,1254.0,864.0,142.0,717.0,11578.0
09/12/2004,01.00.00,1.0,926.0,29.0,649.0,134.0,1035.0,83.0,1145.0,741.0,149.0,657.0,11050.0
09/12/2004,02.00.00,8.0,873.0,20.0,583.0,94.0,1155.0,66.0,1108.0,642.0,147.0,673.0,11177.0
09/12/2004,03.00.00,5.0,832.0,12.0,518.0,63.5,1264.0,48.0,1061.0,539.0,152.0,632.0,10821.0
09/12/2004,04.00.00,4.0,803.0,7.0,466.0,33.0,1451.0,30.0,1034.0,449.0,148.0,655.0,10965.0
09/12/2004,05.00.00,4.0,818.0,7.0,463.0,33.0,1509.0,29.0,1046.0,437.0,144.0,685.0,11158.0
09/12/2004,06.00.00,4.0,814.0,8.0,482.0,57.0,1426.0,41.0,1027.0,457.0,145.0,629.0,10335.0
09/12/2004,07.00.00,6.0,832.0,13.0,530.0,112.0,1346.0,63.0,1027.0,512.0,146.0,567.0,9358.0
09/12/2004,08.00.00,19.0,1091.0,76.0,882.0,358.0,844.0,114.0,1288.0,931.0,150.0,553.0,9338.0
09/12/2004,09.00.00,2.0,1019.0,74.0,874.0,287.0,1113.0,114.0,1235.0,905.0,145.0,565.0,9306.0
09/12/2004,10.00.00,14.0,937.0,47.0,750.0,263.0,1386.0,102.0,1141.0,790.0,143.0,554.0,9005.0
09/12/2004,11.00.00,14.0,950.0,54.0,786.0,282.0,1038.0,101.0,1145.0,850.0,147.0,525.0,8716.0
09/12/2004,12.00.00,15.0,962.0,54.0,785.0,286.0,993.0,103.0,1161.0,870.0,155.0,517.0,9033.0
09/12/2004,13.00.00,16.0,969.0,60.0,812.0,259.0,989.0,100.0,1189.0,842.0,149.0,534.0,8998.0
09/12/2004,14.00.00,18.0,1010.0,71.0,863.0,265.0,915.0,95.0,1257.0,886.0,152.0,510.0,8762.0
09/12/2004,15.00.00,14.0,946.0,53.0,780.0,249.0,945.0,99.0,1142.0,801.0,152.0,501.0,8580.0
09/12/2004,16.00.00,17.0,988.0,72.0,865.0,268.0,876.0,102.0,1190.0,895.0,156.0,466.0,8176.0
09/12/2004,17.00.00,17.0,948.0,57.0,799.0,226.0,1539.0,105.0,1145.0,827.0,148.0,484.0,8069.0
09/12/2004,18.00.00,23.0,1045.0,95.0,960.0,301.0,1376.0,118.0,1259.0,972.0,146.0,480.0,7902.0
09/12/2004,19.00.00,32.0,1114.0,122.0,1057.0,388.0,777.0,135.0,1301.0,1079.0,151.0,454.0,7759.0
09/12/2004,20.00.00,26.0,1006.0,103.0,987.0,285.0,1028.0,124.0,1247.0,964.0,145.0,454.0,7458.0
09/12/2004,21.00.00,16.0,889.0,45.0,738.0,197.0,1379.0,100.0,1061.0,743.0,134.0,481.0,7374.0
09/12/2004,22.00.00,8.0,792.0,20.0,583.0,105.0,1972.0,66.0,946.0,517.0,123.0,487.0,6931.0
09/12/2004,23.00.00,7.0,808.0,18.0,572.0,88.0,1729.0,57.0,954.0,468.0,120.0,512.0,7179.0
10/12/2004,00.00.00,6.0,814.0,19.0,574.0,92.0,1613.0,58.0,965.0,461.0,119.0,546.0,7589.0
10/12/2004,01.00.00,7.0,827.0,27.0,636.0,88.0,1485.0,59.0,980.0,483.0,137.0,450.0,6991.0
10/12/2004,02.00.00,7.0,801.0,27.0,633.0,90.0,1489.0,60.0,940.0,482.0,147.0,375.0,6220.0
10/12/2004,03.00.00,5.0,770.0,22.0,600.0,66.0,2081.0,47.5,901.0,416.0,138.0,368.0,5760.0
10/12/2004,04.00.00,4.0,721.0,7.0,470.0,42.0,2331.0,35.0,815.0,367.0,132.0,356.0,5375.0
10/12/2004,05.00.00,3.0,709.0,5.0,437.0,31.0,2559.0,27.0,787.0,324.0,120.0,373.0,5239.0
10/12/2004,06.00.00,4.0,734.0,8.0,478.0,51.0,2294.0,39.0,805.0,378.0,117.0,381.0,5223.0
10/12/2004,07.00.00,5.0,770.0,14.0,533.0,100.0,2683.0,63.0,839.0,480.0,115.0,380.0,5159.0
10/12/2004,08.00.00,14.0,919.0,56.0,795.0,315.0,2327.0,110.0,998.0,822.0,123.0,358.0,5086.0
10/12/2004,09.00.00,24.0,996.0,106.0,998.0,417.0,2318.0,128.0,1136.0,1060.0,129.0,345.0,5102.0
10/12/2004,10.00.00,18.0,925.0,72.0,866.0,328.0,2542.0,122.0,1013.0,916.0,144.0,302.0,4911.0
10/12/2004,11.00.00,15.0,883.0,62.0,821.0,304.0,886.0,111.0,967.0,844.0,162.0,262.0,4789.0
10/12/2004,12.00.00,15.0,884.0,62.0,822.0,300.0,909.0,110.0,968.0,807.0,171.0,235.0,4530.0
10/12/2004,13.00.00,18.0,920.0,81.0,903.0,306.0,849.0,114.0,1011.0,853.0,181.0,213.0,4396.0
10/12/2004,14.00.00,21.0,941.0,90.0,941.0,342.0,837.0,114.0,1036.0,884.0,188.0,200.0,4278.0
10/12/2004,15.00.00,17.0,934.0,84.0,914.0,324.0,873.0,111.0,1016.0,834.0,181.0,208.0,4274.0
10/12/2004,16.00.00,23.0,929.0,87.0,928.0,327.0,842.0,116.0,1001.0,893.0,176.0,199.0,3952.0
10/12/2004,17.00.00,29.0,972.0,118.0,1043.0,404.0,764.0,148.0,1083.0,1037.0,160.0,208.0,3757.0
10/12/2004,18.00.00,4.0,1073.0,165.0,1195.0,575.0,675.0,177.0,1249.0,1244.0,146.0,237.0,3903.0
10/12/2004,19.00.00,42.0,1050.0,187.0,1260.0,539.0,662.0,164.0,1256.0,1269.0,137.0,229.0,3581.0
10/12/2004,20.00.00,35.0,980.0,145.0,1132.0,460.0,742.0,151.0,1102.0,1125.0,128.0,217.0,3182.0
10/12/2004,21.00.00,26.0,872.0,80.0,900.0,386.0,918.0,147.0,910.0,946.0,127.0,213.0,3119.0
10/12/2004,22.00.00,13.0,802.0,46.0,743.0,202.0,1051.0,110.0,826.0,751.0,128.0,225.0,3309.0
10/12/2004,23.00.00,1.0,792.0,34.0,674.0,162.0,1122.0,99.0,810.0,670.0,126.0,234.0,3408.0
11/12/2004,00.00.00,16.0,857.0,48.0,753.0,261.0,1034.0,116.0,860.0,754.0,124.0,240.0,3443.0
11/12/2004,01.00.00,16.0,856.0,44.0,734.0,263.0,1041.0,121.0,853.0,781.0,125.0,240.0,3462.0
11/12/2004,02.00.00,11.0,869.0,38.0,702.0,159.0,1019.0,103.0,891.0,842.0,119.0,324.0,4489.0
11/12/2004,03.00.00,11.0,890.0,36.0,688.0,135.0,1015.0,93.0,897.0,840.0,117.0,338.0,4623.0
11/12/2004,04.00.00,8.0,834.0,27.0,632.0,111.0,1102.0,83.0,871.0,746.0,115.0,342.0,4621.0
11/12/2004,05.00.00,8.0,860.0,24.0,616.0,104.0,1105.0,76.0,873.0,754.0,105.0,378.0,4799.0
11/12/2004,06.00.00,1.0,909.0,43.0,728.0,221.0,933.0,107.0,948.0,905.0,78.0,474.0,5046.0
11/12/2004,07.00.00,12.0,955.0,52.0,772.0,243.0,1030.0,106.0,957.0,960.0,93.0,431.0,5062.0
11/12/2004,08.00.00,17.0,1035.0,84.0,914.0,356.0,947.0,124.0,1064.0,1080.0,82.0,468.0,5091.0
11/12/2004,09.00.00,24.0,1087.0,141.0,1121.0,429.0,711.0,134.0,1177.0,1209.0,107.0,342.0,4390.0
11/12/2004,10.00.00,28.0,1101.0,130.0,1083.0,518.0,692.0,147.0,1130.0,1243.0,144.0,282.0,4593.0
11/12/2004,11.00.00,29.0,1135.0,135.0,1100.0,460.0,679.0,146.0,1161.0,1273.0,174.0,233.0,4599.0
11/12/2004,12.00.00,26.0,1095.0,125.0,1067.0,389.0,702.0,133.0,1152.0,1216.0,178.0,236.0,4766.0
11/12/2004,13.00.00,23.0,986.0,88.0,931.0,362.0,815.0,120.0,1011.0,976.0,183.0,195.0,4044.0
11/12/2004,14.00.00,23.0,991.0,90.0,940.0,337.0,816.0,117.0,1035.0,973.0,189.0,189.0,4091.0
11/12/2004,15.00.00,17.0,926.0,61.0,815.0,254.0,931.0,109.0,945.0,827.0,184.0,197.0,4117.0
11/12/2004,16.00.00,18.0,974.0,78.0,891.0,281.0,857.0,112.0,1005.0,912.0,178.0,210.0,4234.0
11/12/2004,17.00.00,25.0,1042.0,115.0,1031.0,369.0,756.0,131.0,1094.0,1084.0,161.0,234.0,4248.0
11/12/2004,18.00.00,24.0,1006.0,107.0,1005.0,350.0,781.0,133.0,1071.0,1045.0,149.0,249.0,4178.0
11/12/2004,19.00.00,2.0,979.0,92.0,946.0,323.0,826.0,138.0,1018.0,1026.0,146.0,246.0,4054.0
11/12/2004,20.00.00,23.0,1072.0,109.0,1011.0,340.0,762.0,142.0,1075.0,1172.0,142.0,268.0,4332.0
11/12/2004,21.00.00,29.0,1217.0,116.0,1037.0,443.0,669.0,138.0,1167.0,1452.0,133.0,387.0,5867.0
11/12/2004,22.00.00,2.0,1124.0,90.0,939.0,292.0,737.0,118.0,1126.0,1317.0,112.0,451.0,6004.0
11/12/2004,23.00.00,25.0,1152.0,116.0,1036.0,372.0,670.0,120.0,1206.0,1365.0,88.0,525.0,5969.0
12/12/2004,00.00.00,3.0,1216.0,117.0,1039.0,443.0,685.0,132.0,1183.0,1378.0,86.0,543.0,6060.0
12/12/2004,01.00.00,24.0,1095.0,113.0,1024.0,360.0,708.0,121.0,1219.0,1246.0,81.0,532.0,5746.0
12/12/2004,02.00.00,26.0,1099.0,104.0,994.0,401.0,715.0,117.0,1164.0,1186.0,68.0,578.0,5768.0
12/12/2004,03.00.00,2.0,974.0,64.0,832.0,337.0,832.0,109.5,1035.0,1024.0,66.0,581.0,5687.0
12/12/2004,04.00.00,21.0,1091.0,98.0,971.0,273.0,703.0,102.0,1148.0,1187.0,54.0,641.0,5772.0
12/12/2004,05.00.00,17.0,955.0,58.0,804.0,199.0,843.0,95.0,1017.0,1007.0,56.0,616.0,5656.0
12/12/2004,06.00.00,15.0,975.0,70.0,859.0,177.0,777.0,81.0,1043.0,1019.0,42.0,690.0,5737.0
12/12/2004,07.00.00,13.0,909.0,40.0,709.0,206.0,936.0,95.0,953.0,921.0,48.0,646.0,5630.0
12/12/2004,08.00.00,19.0,992.0,69.0,853.0,323.0,821.0,111.0,1052.0,1038.0,40.0,690.0,5661.0
12/12/2004,09.00.00,2.0,1018.0,77.0,889.0,392.0,780.0,118.0,1085.0,1105.0,49.0,663.0,5786.0
12/12/2004,10.00.00,27.0,1100.0,99.0,974.0,420.0,728.0,130.0,1131.0,1208.0,94.0,487.0,5748.0
12/12/2004,11.00.00,24.0,1101.0,89.0,934.0,333.0,751.0,116.0,1085.0,1208.0,126.0,399.0,5804.0
12/12/2004,12.00.00,27.0,1148.0,113.0,1025.0,395.0,701.0,128.0,1165.0,1282.0,144.0,353.0,5763.0
12/12/2004,13.00.00,32.0,1253.0,137.0,1108.0,478.0,633.0,156.0,1253.0,1494.0,151.0,374.0,6374.0
12/12/2004,14.00.00,34.0,1229.0,127.0,1075.0,470.0,638.0,169.0,1226.0,1500.0,160.0,358.0,6456.0
12/12/2004,15.00.00,32.0,1250.0,145.0,1133.0,508.0,629.0,168.0,1274.0,1463.0,175.0,308.0,6095.0
12/12/2004,16.00.00,43.0,1432.0,184.0,1251.0,596.0,547.0,178.0,1396.0,1722.0,172.0,342.0,6669.0
12/12/2004,17.00.00,5.0,1530.0,220.0,1352.0,694.0,491.0,178.0,1550.0,1934.0,143.0,458.0,7452.0
12/12/2004,18.00.00,63.0,1604.0,254.0,1438.0,968.0,466.0,188.0,1650.0,2018.0,122.0,539.0,7617.0
12/12/2004,19.00.00,46.0,1352.0,164.0,1191.0,658.0,570.0,169.0,1362.0,1796.0,116.0,512.0,6965.0
12/12/2004,20.00.00,31.0,1235.0,124.0,1065.0,409.0,640.0,133.0,1213.0,1594.0,113.0,501.0,6720.0
12/12/2004,21.00.00,26.0,1127.0,96.0,962.0,345.0,751.0,125.0,1120.0,1389.0,106.0,512.0,6541.0
12/12/2004,22.00.00,21.0,1073.0,71.0,860.0,230.0,896.0,110.0,1058.0,1238.0,96.0,517.0,6163.0
12/12/2004,23.00.00,21.0,1074.0,72.0,867.0,285.0,888.0,112.0,1064.0,1221.0,87.0,552.0,6225.0
13/12/2004,00.00.00,25.0,1133.0,93.0,951.0,310.0,825.0,112.0,1156.0,1254.0,79.0,602.0,6432.0
13/12/2004,01.00.00,2.0,1021.0,59.0,808.0,224.0,961.0,102.0,1048.0,1098.0,79.0,592.0,6331.0
13/12/2004,02.00.00,18.0,995.0,59.0,807.0,213.0,978.0,90.0,1056.0,1044.0,67.0,646.0,6381.0
13/12/2004,03.00.00,13.0,882.0,24.0,614.0,158.0,1221.0,78.0,931.0,888.0,69.0,623.0,6227.0
13/12/2004,04.00.00,10.0,869.0,21.0,594.0,103.0,1326.0,66.0,935.0,835.0,63.0,646.0,6197.0
13/12/2004,05.00.00,7.0,868.0,18.0,567.0,91.0,1238.0,64.0,919.0,823.0,64.0,633.0,6123.0
13/12/2004,06.00.00,9.0,921.0,31.0,655.0,178.0,1001.0,81.0,972.0,908.0,64.0,644.0,6204.0
13/12/2004,07.00.00,15.0,1041.0,68.0,846.0,351.0,829.0,106.0,1112.0,1076.0,56.0,689.0,6328.0
13/12/2004,08.00.00,34.0,1275.0,164.0,1193.0,587.0,596.0,140.0,1389.0,1393.0,64.0,656.0,6348.0
13/12/2004,09.00.00,34.0,1238.0,167.0,1202.0,475.0,748.0,138.0,1382.0,1429.0,73.0,614.0,6306.0
13/12/2004,10.00.00,32.0,1288.0,173.0,1220.0,576.0,937.0,165.0,1391.0,1594.0,96.0,537.0,6409.0
13/12/2004,11.00.00,48.0,1422.0,224.0,1362.0,920.0,775.0,214.0,1509.0,1956.0,120.0,459.0,6421.0
13/12/2004,12.00.00,35.0,1293.0,179.0,1236.0,710.0,784.0,178.0,1370.0,1872.0,127.0,444.0,6512.0
13/12/2004,13.00.00,41.0,1410.0,224.0,1363.0,696.0,690.0,187.0,1515.0,2014.0,139.0,428.0,6761.0
13/12/2004,14.00.00,48.0,1425.0,233.0,1386.0,744.0,691.0,203.0,1536.0,1978.0,150.0,414.0,7016.0
13/12/2004,15.00.00,44.0,1590.0,280.0,1503.0,743.0,575.0,204.0,1559.0,2257.0,160.0,387.0,6987.0
13/12/2004,16.00.00,45.0,1520.0,301.0,1552.0,801.0,568.0,198.0,1615.0,2104.0,160.0,386.0,6952.0
13/12/2004,17.00.00,59.0,1595.0,334.0,1628.0,1014.0,495.0,218.0,1822.0,2140.0,141.0,449.0,7194.0
13/12/2004,18.00.00,99.0,1881.0,508.0,1983.0,1479.0,334.0,269.0,2271.0,2523.0,126.0,559.0,8142.0
13/12/2004,19.00.00,69.0,1633.0,356.0,1677.0,1018.0,400.0,217.0,1880.0,2188.0,117.0,608.0,8336.0
13/12/2004,20.00.00,43.0,1391.0,215.0,1338.0,729.0,509.0,183.0,1514.0,1816.0,115.0,609.0,8249.0
13/12/2004,21.00.00,29.0,1263.0,155.0,1164.0,508.0,581.0,147.0,1338.0,1587.0,106.0,641.0,8182.0
13/12/2004,22.00.00,2.0,1147.0,109.0,1012.0,347.0,665.0,120.0,1214.0,1381.0,101.0,662.0,8185.0
13/12/2004,23.00.00,17.0,1103.0,87.0,928.0,327.0,715.0,112.0,1174.0,1287.0,90.0,701.0,8036.0
14/12/2004,00.00.00,19.0,1071.0,74.0,873.0,339.0,739.0,107.0,1150.0,1193.0,86.0,705.0,7915.0
14/12/2004,01.00.00,2.0,1137.0,99.0,975.0,358.0,687.0,103.0,1234.0,1223.0,76.0,743.0,7783.0
14/12/2004,02.00.00,19.0,1066.0,82.0,907.0,377.0,728.0,97.0,1174.0,1122.0,69.0,761.0,7590.0
14/12/2004,03.00.00,1.0,918.0,39.0,704.0,271.0,920.0,85.5,1032.0,932.0,80.0,706.0,7607.0
14/12/2004,04.00.00,8.0,895.0,32.0,663.0,165.0,977.0,74.0,1007.0,866.0,68.0,754.0,7475.0
14/12/2004,05.00.00,7.0,885.0,30.0,655.0,145.0,996.0,68.0,1015.0,848.0,66.0,753.0,7378.0
14/12/2004,06.00.00,11.0,964.0,54.0,784.0,282.0,824.0,92.0,1080.0,959.0,60.0,773.0,7262.0
14/12/2004,07.00.00,17.0,1088.0,87.0,927.0,494.0,715.0,111.0,1196.0,1154.0,60.0,767.0,7220.0
14/12/2004,08.00.00,31.0,1274.0,154.0,1160.0,606.0,587.0,133.0,1412.0,1373.0,69.0,737.0,7348.0
14/12/2004,09.00.00,44.0,1406.0,272.0,1483.0,581.0,478.0,139.0,1767.0,1708.0,76.0,706.0,7371.0
14/12/2004,10.00.00,56.0,1521.0,307.0,1568.0,920.0,440.0,192.0,1843.0,2097.0,93.0,642.0,7544.0
14/12/2004,11.00.00,44.0,1408.0,243.0,1412.0,811.0,484.0,192.0,1608.0,2056.0,117.0,557.0,7630.0
14/12/2004,12.00.00,44.0,1377.0,217.0,1342.0,786.0,499.0,206.0,1546.0,2006.0,129.0,541.0,8003.0
14/12/2004,13.00.00,47.0,1470.0,258.0,1450.0,677.0,481.0,182.0,1706.0,2015.0,140.0,530.0,8451.0
14/12/2004,14.00.00,42.0,1416.0,218.0,1346.0,612.0,609.0,192.0,1570.0,1945.0,151.0,502.0,8552.0
14/12/2004,15.00.00,33.0,1383.0,206.0,1314.0,524.0,785.0,188.0,1538.0,1793.0,167.0,473.0,8883.0
14/12/2004,16.00.00,51.0,1574.0,272.0,1483.0,775.0,460.0,186.0,1778.0,1962.0,168.0,484.0,9175.0
14/12/2004,17.00.00,74.0,1570.7236842105262,270.57894736842104,1479.157894736842,1159.0,461.36842105263156,257.0,1774.8947368421052,1954.4605263157894,167.53947368421052,486.57894736842104,9190.802631578947
14/12/2004,18.00.00,93.0,1567.4473684210527,269.1578947368421,1475.3157894736842,1310.0,462.7368421052632,248.0,1771.7894736842106,1946.921052631579,167.07894736842104,489.1578947368421,9206.605263157895
14/12/2004,19.00.00,74.0,1564.171052631579,267.7368421052632,1471.4736842105262,1037.0,464.10526315789474,208.0,1768.6842105263158,1939.3815789473683,166.6184210526316,491.7368421052632,9222.407894736842
14/12/2004,20.00.00,53.0,1560.8947368421052,266.3157894736842,1467.6315789473683,791.0,465.4736842105263,167.0,1765.578947368421,1931.842105263158,166.1578947368421,494.3157894736842,9238.21052631579
14/12/2004,21.00.00,41.0,1557.6184210526317,264.89473684210526,1463.7894736842106,670.0,466.8421052631579,148.0,1762.4736842105262,1924.3026315789473,165.69736842105263,496.89473684210526,9254.013157894737
14/12/2004,22.00.00,25.0,1554.342105263158,263.4736842105263,1459.9473684210527,341.0,468.2105263157895,112.0,1759.3684210526317,1916.7631578947369,165.23684210526315,499.4736842105263,9269.815789473685
14/12/2004,23.00.00,21.0,1551.0657894736842,262.05263157894734,1456.1052631578948,365.0,469.57894736842104,108.0,1756.2631578947369,1909.2236842105262,164.77631578947367,502.0526315789474,9285.618421052632
15/12/2004,00.00.00,29.0,1547.7894736842106,260.63157894736844,1452.2631578947369,510.0,470.94736842105266,115.0,1753.157894736842,1901.6842105263158,164.31578947368422,504.63157894736844,9301.421052631578
15/12/2004,01.00.00,23.0,1544.5131578947369,259.2105263157895,1448.421052631579,352.0,472.3157894736842,96.0,1750.0526315789473,1894.1447368421052,163.85526315789474,507.2105263157895,9317.223684210527
15/12/2004,02.00.00,17.0,1541.2368421052631,257.7894736842105,1444.578947368421,299.0,473.6842105263158,87.0,1746.9473684210527,1886.6052631578948,163.39473684210526,509.7894736842105,9333.026315789473
15/12/2004,03.00.00,9.0,1537.9605263157894,256.36842105263156,1440.7368421052631,201.0,475.05263157894734,74.0,1743.842105263158,1879.0657894736842,162.93421052631578,512.3684210526316,9348.828947368422
15/12/2004,04.00.00,7.0,1534.6842105263158,254.94736842105263,1436.8947368421052,103.0,476.42105263157896,61.0,1740.7368421052631,1871.5263157894738,162.47368421052633,514.9473684210526,9364.631578947368
15/12/2004,05.00.00,8.0,1531.407894736842,253.5263157894737,1433.0526315789473,133.0,477.7894736842105,61.0,1737.6315789473683,1863.9868421052631,162.01315789473685,517.5263157894736,9380.434210526315
15/12/2004,06.00.00,1.0,1528.1315789473683,252.10526315789474,1429.2105263157894,244.0,479.1578947368421,82.0,1734.5263157894738,1856.4473684210527,161.55263157894737,520.1052631578948,9396.236842105263
15/12/2004,07.00.00,12.0,1524.8552631578948,250.68421052631578,1425.3684210526317,222.0,480.5263157894737,83.0,1731.421052631579,1848.907894736842,161.0921052631579,522.6842105263158,9412.03947368421
15/12/2004,08.00.00,35.0,1521.578947368421,249.26315789473685,1421.5263157894738,591.0,481.89473684210526,116.0,1728.3157894736842,1841.3684210526317,160.6315789473684,525.2631578947369,9427.842105263158
15/12/2004,09.00.00,45.0,1518.3026315789473,247.8421052631579,1417.6842105263158,821.0,483.2631578947368,147.0,1725.2105263157894,1833.828947368421,160.17105263157896,527.8421052631579,9443.644736842105
15/12/2004,10.00.00,49.0,1515.0263157894738,246.42105263157896,1413.842105263158,803.0,484.63157894736844,167.0,1722.1052631578948,1826.2894736842104,159.71052631578948,530.421052631579,9459.447368421053
15/12/2004,11.00.00,35.0,1511.75,245.0,1410.0,809.0,486.0,176.0,1719.0,1818.75,159.25,533.0,9475.25
15/12/2004,12.00.00,34.0,1508.4736842105262,243.57894736842104,1406.157894736842,836.0,487.36842105263156,177.0,1715.8947368421052,1811.2105263157896,158.78947368421052,535.578947368421,9491.052631578947
15/12/2004,13.00.00,4.0,1505.1973684210527,242.1578947368421,1402.3157894736842,820.0,488.7368421052632,169.0,1712.7894736842106,1803.671052631579,158.32894736842104,538.1578947368421,9506.855263157895
15/12/2004,14.00.00,43.0,1501.921052631579,240.73684210526315,1398.4736842105262,861.0,490.10526315789474,181.0,1709.6842105263158,1796.1315789473683,157.8684210526316,540.7368421052631,9522.657894736842
15/12/2004,15.00.00,4.0,1498.6447368421052,239.31578947368422,1394.6315789473683,842.0,491.4736842105263,183.0,1706.578947368421,1788.592105263158,157.4078947368421,543.3157894736842,9538.46052631579
15/12/2004,16.00.00,47.0,1495.3684210526317,237.89473684210526,1390.7894736842104,933.0,492.8421052631579,176.0,1703.4736842105262,1781.0526315789473,156.94736842105263,545.8947368421052,9554.263157894737
15/12/2004,17.00.00,66.0,1492.092105263158,236.4736842105263,1386.9473684210527,1237.0,494.2105263157895,229.0,1700.3684210526317,1773.5131578947369,156.48684210526315,548.4736842105264,9570.065789473685
15/12/2004,18.00.00,73.0,1488.8157894736842,235.05263157894737,1383.1052631578948,1137.0,495.57894736842104,214.0,1697.2631578947369,1765.9736842105262,156.0263157894737,551.0526315789474,9585.868421052632
15/12/2004,19.00.00,36.0,1485.5394736842106,233.63157894736844,1379.2631578947369,484.0,496.9473684210526,137.0,1694.157894736842,1758.4342105263158,155.56578947368422,553.6315789473684,9601.671052631578
15/12/2004,20.00.00,24.0,1482.2631578947369,232.21052631578948,1375.421052631579,325.0,498.3157894736842,115.0,1691.0526315789473,1750.8947368421052,155.10526315789474,556.2105263157895,9617.473684210527
15/12/2004,21.00.00,21.0,1478.9868421052631,230.78947368421052,1371.578947368421,292.0,499.6842105263158,107.0,1687.9473684210527,1743.3552631578948,154.64473684210526,558.7894736842105,9633.276315789473
15/12/2004,22.00.00,21.0,1475.7105263157896,229.3684210526316,1367.7368421052631,303.0,501.0526315789474,105.0,1684.842105263158,1735.8157894736842,154.18421052631578,561.3684210526316,9649.078947368422
15/12/2004,23.00.00,17.0,1472.4342105263158,227.94736842105263,1363.8947368421052,242.0,502.42105263157896,96.0,1681.7368421052631,1728.2763157894738,153.72368421052633,563.9473684210526,9664.881578947368
16/12/2004,00.00.00,22.0,1469.157894736842,226.5263157894737,1360.0526315789473,314.0,503.7894736842105,100.0,1678.6315789473683,1720.7368421052631,153.26315789473685,566.5263157894736,9680.684210526315
16/12/2004,01.00.00,2.0,1465.8815789473683,225.10526315789474,1356.2105263157896,289.0,505.1578947368421,100.0,1675.5263157894738,1713.1973684210527,152.80263157894737,569.1052631578948,9696.486842105263
16/12/2004,02.00.00,16.0,1462.6052631578948,223.68421052631578,1352.3684210526317,224.0,506.5263157894737,92.0,1672.421052631579,1705.657894736842,152.3421052631579,571.6842105263158,9712.28947368421
16/12/2004,03.00.00,17.0,1459.328947368421,222.26315789473685,1348.5263157894738,207.5,507.89473684210526,86.5,1669.3157894736842,1698.1184210526317,151.8815789473684,574.2631578947369,9728.092105263158
16/12/2004,04.00.00,9.0,1456.0526315789473,220.8421052631579,1344.6842105263158,191.0,509.2631578947368,81.0,1666.2105263157896,1690.578947368421,151.42105263157896,576.8421052631579,9743.894736842105
16/12/2004,05.00.00,1.0,1452.7763157894738,219.42105263157896,1340.842105263158,149.0,510.63157894736844,74.0,1663.1052631578948,1683.0394736842104,150.96052631578948,579.421052631579,9759.697368421053
16/12/2004,06.00.00,1.0,1449.5,218.0,1337.0,212.0,512.0,81.0,1660.0,1675.5,150.5,582.0,9775.5
16/12/2004,07.00.00,16.0,1446.2236842105262,216.57894736842104,1333.157894736842,398.0,513.3684210526316,99.0,1656.8947368421052,1667.9605263157896,150.03947368421052,584.578947368421,9791.302631578947
16/12/2004,08.00.00,35.0,1442.9473684210527,215.1578947368421,1329.3157894736842,763.0,514.7368421052631,123.0,1653.7894736842106,1660.421052631579,149.57894736842104,587.1578947368421,9807.105263157895
16/12/2004,09.00.00,53.0,1439.671052631579,213.73684210526315,1325.4736842105262,905.0,516.1052631578948,146.0,1650.6842105263158,1652.8815789473683,149.1184210526316,589.7368421052631,9822.907894736842
16/12/2004,10.00.00,46.0,1436.3947368421052,212.31578947368422,1321.6315789473683,849.0,517.4736842105264,161.0,1647.578947368421,1645.342105263158,148.6578947368421,592.3157894736842,9838.71052631579
16/12/2004,11.00.00,45.0,1433.1184210526317,210.89473684210526,1317.7894736842104,1015.0,518.8421052631579,210.0,1644.4736842105262,1637.8026315789473,148.19736842105263,594.8947368421052,9854.513157894737
16/12/2004,12.00.00,42.0,1429.842105263158,209.4736842105263,1313.9473684210527,845.0,520.2105263157895,190.0,1641.3684210526317,1630.2631578947369,147.73684210526315,597.4736842105264,9870.315789473683
16/12/2004,13.00.00,41.0,1426.5657894736842,208.05263157894737,1310.1052631578948,740.0,521.578947368421,170.0,1638.2631578947369,1622.7236842105262,147.2763157894737,600.0526315789474,9886.118421052632
16/12/2004,14.00.00,55.0,1423.2894736842104,206.63157894736844,1306.2631578947369,1018.0,522.9473684210526,212.0,1635.157894736842,1615.1842105263158,146.81578947368422,602.6315789473684,9901.921052631578
16/12/2004,15.00.00,48.0,1420.0131578947369,205.21052631578948,1302.421052631579,1058.0,524.3157894736842,217.0,1632.0526315789473,1607.6447368421052,146.35526315789474,605.2105263157895,9917.723684210527
16/12/2004,16.00.00,55.0,1416.7368421052631,203.78947368421052,1298.578947368421,1182.0,525.6842105263158,236.0,1628.9473684210527,1600.1052631578948,145.89473684210526,607.7894736842105,9933.526315789473
16/12/2004,17.00.00,52.0,1413.4605263157896,202.36842105263156,1294.7368421052631,1089.0,527.0526315789474,217.0,1625.842105263158,1592.5657894736842,145.43421052631578,610.3684210526316,9949.328947368422
16/12/2004,18.00.00,75.0,1410.1842105263158,200.94736842105263,1290.8947368421052,1186.0,528.421052631579,231.0,1622.7368421052631,1585.0263157894738,144.9736842105263,612.9473684210526,9965.131578947368
16/12/2004,19.00.00,86.0,1406.907894736842,199.5263157894737,1287.0526315789473,1235.0,529.7894736842105,227.0,1619.6315789473683,1577.4868421052631,144.51315789473685,615.5263157894738,9980.934210526315
16/12/2004,20.00.00,91.0,1403.6315789473683,198.10526315789474,1283.2105263157896,1253.0,531.1578947368421,219.0,1616.5263157894738,1569.9473684210525,144.05263157894737,618.1052631578948,9996.736842105263
16/12/2004,21.00.00,86.0,1400.3552631578948,196.68421052631578,1279.3684210526317,1237.0,532.5263157894736,203.0,1613.421052631579,1562.407894736842,143.5921052631579,620.6842105263158,10012.53947368421
16/12/2004,22.00.00,54.0,1397.078947368421,195.26315789473685,1275.5263157894738,1060.0,533.8947368421052,186.0,1610.3157894736842,1554.8684210526317,143.1315789473684,623.2631578947369,10028.342105263158
16/12/2004,23.00.00,43.0,1393.8026315789473,193.8421052631579,1271.6842105263158,873.0,535.2631578947369,173.0,1607.2105263157896,1547.328947368421,142.67105263157896,625.8421052631579,10044.144736842105
17/12/2004,00.00.00,42.0,1390.5263157894738,192.42105263157896,1267.842105263158,807.0,536.6315789473684,162.0,1604.1052631578948,1539.7894736842104,142.21052631578948,628.421052631579,10059.947368421053
17/12/2004,01.00.00,43.0,1387.25,191.0,1264.0,798.0,538.0,161.0,1601.0,1532.25,141.75,631.0,10075.75
17/12/2004,02.00.00,42.0,1383.9736842105262,189.57894736842104,1260.157894736842,691.0,539.3684210526316,144.0,1597.8947368421052,1524.7105263157896,141.28947368421052,633.578947368421,10091.552631578947
17/12/2004,03.00.00,28.0,1380.6973684210527,188.1578947368421,1256.3157894736842,562.0,540.7368421052631,131.5,1594.7894736842104,1517.171052631579,140.82894736842104,636.1578947368421,10107.355263157895
17/12/2004,04.00.00,22.0,1377.421052631579,186.73684210526318,1252.4736842105262,433.0,542.1052631578948,119.0,1591.6842105263158,1509.6315789473683,140.3684210526316,638.7368421052631,10123.157894736842
17/12/2004,05.00.00,18.0,1374.1447368421052,185.31578947368422,1248.6315789473683,371.0,543.4736842105264,112.0,1588.578947368421,1502.092105263158,139.9078947368421,641.3157894736842,10138.96052631579
17/12/2004,06.00.00,2.0,1370.8684210526317,183.89473684210526,1244.7894736842104,469.0,544.8421052631579,111.0,1585.4736842105262,1494.5526315789473,139.44736842105263,643.8947368421052,10154.763157894737
17/12/2004,07.00.00,25.0,1367.592105263158,182.4736842105263,1240.9473684210527,658.0,546.2105263157895,122.0,1582.3684210526317,1487.0131578947369,138.98684210526315,646.4736842105264,10170.565789473683
17/12/2004,08.00.00,41.0,1364.3157894736842,181.05263157894737,1237.1052631578948,854.0,547.578947368421,137.0,1579.2631578947369,1479.4736842105262,138.5263157894737,649.0526315789474,10186.368421052632
17/12/2004,09.00.00,63.0,1361.0394736842106,179.63157894736844,1233.2631578947369,1005.0,548.9473684210526,151.0,1576.157894736842,1471.9342105263158,138.06578947368422,651.6315789473684,10202.171052631578
17/12/2004,10.00.00,5.0,1357.7631578947369,178.21052631578948,1229.421052631579,937.0,550.3157894736842,164.0,1573.0526315789473,1464.3947368421052,137.60526315789474,654.2105263157895,10217.973684210527
17/12/2004,11.00.00,51.0,1354.4868421052631,176.78947368421052,1225.578947368421,963.0,551.6842105263158,198.0,1569.9473684210527,1456.8552631578948,137.14473684210526,656.7894736842105,10233.776315789473
17/12/2004,12.00.00,36.0,1351.2105263157896,175.36842105263156,1221.7368421052631,635.0,553.0526315789474,213.0,1566.842105263158,1449.3157894736842,136.68421052631578,659.3684210526316,10249.578947368422
17/12/2004,13.00.00,35.0,1347.9342105263158,173.94736842105263,1217.8947368421052,521.0,554.421052631579,164.0,1563.7368421052631,1441.7763157894738,136.2236842105263,661.9473684210526,10265.381578947368
17/12/2004,14.00.00,37.0,1344.657894736842,172.5263157894737,1214.0526315789475,613.0,555.7894736842105,177.0,1560.6315789473683,1434.2368421052631,135.76315789473685,664.5263157894738,10281.184210526317
17/12/2004,15.00.00,31.0,1341.3815789473683,171.10526315789474,1210.2105263157896,516.0,557.1578947368421,168.0,1557.5263157894738,1426.6973684210525,135.30263157894737,667.1052631578948,10296.986842105263
17/12/2004,16.00.00,32.0,1338.1052631578948,169.68421052631578,1206.3684210526317,446.0,558.5263157894736,150.0,1554.421052631579,1419.157894736842,134.8421052631579,669.6842105263158,10312.78947368421
17/12/2004,17.00.00,38.0,1334.828947368421,168.26315789473685,1202.5263157894738,499.0,559.8947368421052,152.0,1551.3157894736842,1411.6184210526317,134.38157894736844,672.2631578947369,10328.592105263158
17/12/2004,18.00.00,32.0,1331.5526315789473,166.8421052631579,1198.6842105263158,407.0,561.2631578947369,138.0,1548.2105263157896,1404.078947368421,133.92105263157896,674.8421052631579,10344.394736842105
17/12/2004,19.00.00,32.0,1328.2763157894738,165.42105263157896,1194.842105263158,418.0,562.6315789473684,129.0,1545.1052631578948,1396.5394736842104,133.46052631578948,677.421052631579,10360.197368421053
17/12/2004,20.00.00,33.0,1325.0,164.0,1191.0,403.0,564.0,130.0,1542.0,1389.0,133.0,680.0,10376.0
17/12/2004,21.00.00,31.0,1316.0,134.0,1099.0,412.0,610.0,137.0,1451.0,1268.0,132.0,728.0,10984.0
17/12/2004,22.00.00,24.0,1170.0,82.0,906.0,322.0,707.0,125.0,1317.0,1046.0,126.0,765.0,11106.0
17/12/2004,23.00.00,14.0,1061.0,57.0,800.0,200.0,819.0,106.0,1232.0,862.0,126.0,743.0,10843.0
18/12/2004,00.00.00,21.0,1109.0,70.0,855.0,244.0,787.0,121.0,1220.0,866.0,129.0,721.0,10658.0
18/12/2004,01.00.00,14.0,1025.0,56.0,794.0,199.0,848.0,101.0,1202.0,788.0,131.0,705.0,10594.0
18/12/2004,02.00.00,14.0,1086.0,51.0,769.0,190.0,822.0,100.0,1196.0,857.0,124.0,738.0,10574.0
18/12/2004,03.00.00,13.0,1058.0,43.0,727.0,171.5,834.0,93.0,1193.0,860.0,122.0,745.0,10537.0
18/12/2004,04.00.00,1.0,1034.0,42.0,719.0,153.0,858.0,86.0,1189.0,845.0,118.0,763.0,10547.0
18/12/2004,05.00.00,13.0,1065.0,61.0,816.0,215.0,777.0,90.0,1245.0,873.0,108.0,800.0,10367.0
18/12/2004,06.00.00,1.0,988.0,52.0,774.0,206.0,842.0,89.0,1189.0,841.0,104.0,773.0,9709.0
18/12/2004,07.00.00,11.0,986.0,54.0,785.0,225.0,842.0,96.0,1173.0,853.0,100.0,762.0,9332.0
18/12/2004,08.00.00,21.0,1136.0,110.0,1015.0,416.0,702.0,125.0,1287.0,1063.0,94.0,677.0,8018.0
18/12/2004,09.00.00,32.0,1256.0,161.0,1184.0,613.0,582.0,143.0,1448.0,1276.0,93.0,712.0,8325.0
18/12/2004,10.00.00,33.0,1228.0,157.0,1170.0,567.0,596.0,153.0,1375.0,1332.0,126.0,540.0,7840.0
18/12/2004,11.00.00,23.0,956.0,88.0,931.0,409.0,799.0,140.0,1046.0,1015.0,161.0,285.0,5164.0
18/12/2004,12.00.00,1.0,781.0,39.0,704.0,183.0,1062.0,92.0,842.0,594.0,166.0,199.0,3728.0
18/12/2004,13.00.00,8.0,759.0,38.0,699.0,140.0,1223.0,78.0,799.0,501.0,159.0,182.0,3255.0
18/12/2004,14.00.00,8.0,722.0,33.0,671.0,133.0,1596.0,68.0,737.0,448.0,143.0,184.0,2991.0
18/12/2004,15.00.00,6.0,699.0,24.0,613.0,115.0,1731.0,64.0,682.0,387.0,150.0,163.0,2749.0
18/12/2004,16.00.00,9.0,755.0,36.0,690.0,157.0,1653.0,80.0,750.0,467.0,149.0,171.0,2875.0
18/12/2004,17.00.00,8.0,746.0,35.0,684.0,149.0,1301.0,81.0,764.0,484.0,132.0,188.0,2837.0
18/12/2004,18.00.00,12.0,784.0,46.0,744.0,219.0,1080.0,102.0,802.0,608.0,124.0,196.0,2797.0
18/12/2004,19.00.00,21.0,931.0,99.0,972.0,424.0,868.0,132.0,974.0,953.0,119.0,213.0,2957.0
18/12/2004,20.00.00,39.0,1112.0,190.0,1267.0,659.0,671.0,162.0,1250.0,1307.0,111.0,248.0,3264.0
18/12/2004,21.00.00,44.0,1133.0,172.0,1215.0,727.0,674.0,179.0,1196.0,1415.0,101.0,297.0,3666.0
18/12/2004,22.00.00,2.0,886.0,84.0,917.0,398.0,908.0,148.0,901.0,1023.0,102.0,238.0,2955.0
18/12/2004,23.00.00,23.0,993.0,114.0,1030.0,414.0,805.0,146.0,1005.0,1154.0,94.0,274.0,3239.0
19/12/2004,00.00.00,36.0,1215.0,156.0,1167.0,600.0,664.0,164.0,1181.0,1426.0,79.0,390.0,4154.0
19/12/2004,01.00.00,39.0,1160.0,130.0,1083.0,596.0,706.0,162.0,1114.0,1363.0,76.0,406.0,4273.0
19/12/2004,02.00.00,16.0,928.0,62.0,819.0,225.0,919.0,118.0,923.0,1006.0,64.0,437.0,4242.0
19/12/2004,03.00.00,1.0,879.0,42.0,722.0,172.5,1014.0,98.0,878.0,873.0,63.0,447.0,4293.0
19/12/2004,04.00.00,1.0,833.0,27.0,632.0,120.0,1107.0,78.0,834.0,760.0,51.0,465.0,4125.0
19/12/2004,05.00.00,1.0,840.0,30.0,649.0,126.0,1044.0,79.0,869.0,799.0,33.0,535.0,4180.0
19/12/2004,06.00.00,8.0,848.0,24.0,612.0,83.0,1169.0,62.0,852.0,703.0,48.0,499.0,4325.0
19/12/2004,07.00.00,7.0,828.0,31.0,660.0,156.0,1078.0,85.0,881.0,781.0,22.0,601.0,4361.0
19/12/2004,08.00.00,1.0,847.0,38.0,698.0,240.0,1034.0,110.0,905.0,815.0,25.0,593.0,4401.0
19/12/2004,09.00.00,1.0,868.0,32.0,665.0,186.0,1067.0,99.0,865.0,800.0,32.0,557.0,4344.0
19/12/2004,10.00.00,15.0,970.0,62.0,819.0,224.0,923.0,101.0,959.0,926.0,50.0,488.0,4290.0
19/12/2004,11.00.00,25.0,1077.0,96.0,963.0,386.0,761.0,129.0,1081.0,1151.0,58.0,498.0,4613.0
19/12/2004,12.00.00,26.0,1058.0,96.0,962.0,397.0,778.0,132.0,1058.0,1153.0,60.0,476.0,4488.0
19/12/2004,13.00.00,32.0,1136.0,125.0,1067.0,477.0,702.0,148.0,1143.0,1298.0,74.0,446.0,4613.0
19/12/2004,14.00.00,3.0,1228.0,125.0,1068.0,405.0,658.0,134.0,1264.0,1238.0,52.0,731.0,6535.0
19/12/2004,15.00.00,34.0,1235.0,140.0,1118.0,453.0,612.0,148.0,1354.0,1222.0,48.0,814.0,7055.0
19/12/2004,16.00.00,33.0,1217.0,116.0,1036.0,459.0,661.0,146.0,1260.0,1171.0,47.0,823.0,7105.0
19/12/2004,17.00.00,36.0,1298.0,130.0,1082.0,452.0,642.0,148.0,1287.0,1237.0,47.0,828.0,7157.0
19/12/2004,18.00.00,55.0,1327.0,173.0,1219.0,579.0,582.0,175.0,1453.0,1366.0,47.0,834.0,7177.0
19/12/2004,19.00.00,45.0,1293.0,146.0,1136.0,542.0,631.0,170.0,1365.0,1278.0,52.0,831.0,7411.0
19/12/2004,20.00.00,47.0,1353.0,162.0,1187.0,601.0,599.0,173.0,1424.0,1293.0,55.0,841.0,7657.0
19/12/2004,21.00.00,43.0,1254.0,138.0,1111.0,521.0,630.0,151.0,1360.0,1198.0,58.0,845.0,7822.0
19/12/2004,22.00.00,32.0,1189.0,106.0,999.0,411.0,680.0,129.0,1286.0,1115.0,62.0,841.0,8018.0
19/12/2004,23.00.00,29.0,1183.0,91.0,944.0,382.0,731.0,126.0,1226.0,1092.0,66.0,833.0,8183.0
20/12/2004,00.00.00,31.0,1185.0,97.0,966.0,421.0,711.0,127.0,1250.0,1104.0,68.0,828.0,8216.0
20/12/2004,01.00.00,28.0,1098.0,70.0,859.0,362.0,792.0,118.0,1211.0,1006.0,82.0,784.0,8561.0
20/12/2004,02.00.00,12.0,938.0,28.0,639.0,104.0,1020.0,83.0,1059.0,777.0,97.0,709.0,8539.0
20/12/2004,03.00.00,9.0,883.0,20.0,583.0,86.5,1116.0,71.5,1019.0,710.0,95.0,699.0,8298.0
20/12/2004,04.00.00,8.0,839.0,14.0,536.0,69.0,1229.0,60.0,970.0,600.0,93.0,659.0,7757.0
20/12/2004,05.00.00,6.0,784.0,8.0,479.0,41.0,1365.0,37.0,905.0,477.0,88.0,629.0,7154.0
20/12/2004,06.00.00,6.0,779.0,7.0,466.0,46.0,1393.0,39.0,881.0,454.0,86.0,588.0,6603.0
20/12/2004,07.00.00,1.0,883.0,26.0,625.0,118.0,1069.0,70.0,997.0,630.0,92.0,559.0,6521.0
20/12/2004,08.00.00,32.0,970.0,53.0,776.0,295.0,873.0,108.0,1059.0,858.0,84.0,577.0,6376.0
20/12/2004,09.00.00,36.0,1012.0,71.0,861.0,311.0,785.0,119.0,1133.0,951.0,85.0,604.0,6713.0
20/12/2004,10.00.00,29.0,934.0,50.0,766.0,269.0,878.0,111.0,1047.0,836.0,89.0,574.0,6575.0
20/12/2004,11.00.00,24.0,888.0,38.0,700.0,225.0,956.0,106.0,999.0,721.0,92.0,558.0,6479.0
20/12/2004,12.00.00,25.0,918.0,45.0,737.0,220.0,1007.0,105.0,1030.0,703.0,96.0,539.0,6425.0
20/12/2004,13.00.00,26.0,901.0,47.0,747.0,216.0,1001.0,114.0,1020.0,657.0,96.0,524.0,6276.0
20/12/2004,14.00.00,23.0,857.0,39.0,708.0,162.0,972.0,93.0,983.0,581.0,97.0,498.0,5998.0
20/12/2004,15.00.00,22.0,838.0,38.0,699.0,152.0,1015.0,89.0,944.0,546.0,94.0,449.0,5296.0
20/12/2004,16.00.00,23.0,869.0,52.0,772.0,183.0,1051.0,102.0,966.0,641.0,98.0,419.0,5083.0
20/12/2004,17.00.00,29.0,928.0,68.0,850.0,254.0,1118.0,129.0,1004.0,794.0,89.0,449.0,5125.0
20/12/2004,18.00.00,41.0,1037.0,119.0,1047.0,355.0,869.0,151.0,1159.0,1042.0,84.0,454.0,5035.0
20/12/2004,19.00.00,41.0,980.0,108.0,1008.0,341.0,758.0,151.0,1103.0,993.0,80.0,410.0,4416.0
20/12/2004,20.00.00,4.0,978.0,115.0,1031.0,341.0,765.0,149.0,1066.0,968.0,79.0,371.0,3974.0
20/12/2004,21.00.00,37.0,891.0,76.0,882.0,342.0,885.0,149.0,950.0,894.0,78.0,339.0,3594.0
20/12/2004,22.00.00,17.0,762.0,31.0,657.0,186.0,1158.0,114.0,783.0,592.0,73.0,324.0,3340.0
20/12/2004,23.00.00,11.0,794.0,36.0,687.0,170.0,1100.0,104.0,826.0,611.0,74.0,346.0,3576.0
21/12/2004,00.00.00,11.0,799.0,36.0,690.0,169.0,1125.0,104.0,823.0,611.0,71.0,337.0,3417.0
21/12/2004,01.00.00,15.0,818.0,43.0,725.0,246.0,1065.0,127.0,849.0,694.0,64.0,358.0,3471.0
21/12/2004,02.00.00,5.0,691.0,7.0,471.0,63.0,1552.0,53.0,698.0,357.0,56.0,377.0,3444.0
21/12/2004,03.00.00,3.0,697.0,6.0,455.0,53.5,1726.0,46.0,698.0,318.0,56.0,376.0,3448.0
21/12/2004,04.00.00,2.0,697.0,5.0,437.0,44.0,1705.0,39.0,702.0,325.0,53.0,388.0,3473.0
21/12/2004,05.00.00,3.0,716.0,7.0,473.0,54.0,1595.0,41.0,734.0,343.0,47.0,414.0,3576.0
21/12/2004,06.00.00,6.0,791.0,22.0,598.0,176.0,1186.0,97.0,802.0,608.0,43.0,439.0,3675.0
21/12/2004,07.00.00,7.0,804.0,26.0,630.0,236.0,1188.0,120.0,806.0,712.0,49.0,406.0,3539.0
21/12/2004,08.00.00,26.0,1093.0,134.0,1098.0,613.0,782.0,167.0,1221.0,1173.0,51.0,408.0,3603.0
21/12/2004,09.00.00,55.0,1179.0,235.0,1390.0,755.0,567.0,198.0,1453.0,1459.0,65.0,381.0,3709.0
21/12/2004,10.00.00,26.0,951.0,94.0,953.0,460.0,812.0,157.0,1022.0,1055.0,74.0,365.0,3778.0
21/12/2004,11.00.00,15.0,882.0,63.0,826.0,280.0,952.0,125.0,910.0,799.0,79.0,364.0,3889.0
21/12/2004,12.00.00,17.0,897.0,67.0,845.0,322.0,942.0,135.0,943.0,787.0,78.0,368.0,3908.0
21/12/2004,13.00.00,22.0,949.0,97.0,965.0,349.0,860.0,138.0,1041.0,892.0,87.0,337.0,3790.0
21/12/2004,14.00.00,21.0,896.0,78.0,891.0,297.0,921.0,132.0,935.0,766.0,85.0,343.0,3813.0
21/12/2004,15.00.00,22.0,908.0,77.0,886.0,353.0,922.0,142.0,947.0,835.0,89.0,345.0,3946.0
21/12/2004,16.00.00,23.0,959.0,86.0,924.0,316.0,899.0,137.0,993.0,897.0,88.0,357.0,4043.0
21/12/2004,17.00.00,25.0,994.0,107.0,1005.0,348.0,832.0,145.0,1054.0,1009.0,79.0,386.0,4137.0
21/12/2004,18.00.00,31.0,1081.0,167.0,1202.0,445.0,691.0,166.0,1230.0,1250.0,76.0,401.0,4195.0
21/12/2004,19.00.00,36.0,1081.0,155.0,1164.0,457.0,705.0,165.0,1171.0,1283.0,69.0,403.0,4025.0
21/12/2004,20.00.00,39.0,1175.0,183.0,1248.0,516.0,661.0,175.0,1308.0,1377.0,65.0,417.0,4047.0
21/12/2004,21.00.00,4.0,1123.0,138.0,1110.0,575.0,732.0,185.0,1152.0,1322.0,63.0,426.0,4106.0
21/12/2004,22.00.00,23.0,1032.0,93.0,952.0,449.0,833.0,166.0,1025.0,1198.0,59.0,447.0,4186.0
21/12/2004,23.00.00,15.0,927.0,58.0,805.0,289.0,965.0,140.0,918.0,1007.0,58.0,434.0,4037.0
22/12/2004,00.00.00,15.0,952.0,66.0,838.0,268.0,948.0,133.0,937.0,976.0,58.0,425.0,3937.0
22/12/2004,01.00.00,22.0,987.0,76.0,883.0,343.0,913.0,144.0,949.0,1013.0,56.0,420.0,3856.0
22/12/2004,02.00.00,13.0,902.0,50.0,761.0,222.0,1048.0,126.0,872.0,868.0,53.0,423.0,3806.0
22/12/2004,03.00.00,9.0,833.0,29.0,648.0,154.5,1135.0,99.0,814.0,760.0,51.0,435.0,3852.0
22/12/2004,04.00.00,7.0,776.0,13.0,525.0,87.0,1391.0,72.0,770.0,585.0,51.0,448.0,3967.0
22/12/2004,05.00.00,5.0,812.0,15.0,541.0,89.0,1309.0,70.0,774.0,616.0,52.0,459.0,4099.0
22/12/2004,06.00.00,5.0,821.0,17.0,563.0,103.0,1270.0,74.0,807.0,678.0,47.0,490.0,4209.0
22/12/2004,07.00.00,9.0,932.0,38.0,701.0,254.0,944.0,124.0,875.0,936.0,45.0,518.0,4418.0
22/12/2004,08.00.00,2.0,1069.0,88.0,931.0,481.0,782.0,152.0,1054.0,1110.0,45.0,530.0,4495.0
22/12/2004,09.00.00,32.0,1137.0,125.0,1066.0,638.0,681.0,174.0,1151.0,1258.0,48.0,531.0,4605.0
22/12/2004,10.00.00,23.0,1009.0,87.0,926.0,492.0,791.0,161.0,1015.0,1080.0,78.0,420.0,4464.0
22/12/2004,11.00.00,18.0,962.0,75.0,877.0,413.0,841.0,120.0,969.0,949.0,93.0,376.0,4391.0
22/12/2004,12.00.00,21.0,972.0,82.0,909.0,364.0,827.0,111.0,1012.0,894.0,100.0,342.0,4212.0
22/12/2004,13.00.00,19.0,968.0,85.0,920.0,299.0,831.0,128.0,991.0,882.0,103.0,326.0,4094.0
22/12/2004,14.00.00,24.0,939.0,81.0,902.0,342.0,884.0,133.0,969.0,872.0,98.0,318.0,3858.0
22/12/2004,15.00.00,21.0,901.0,67.0,843.0,309.0,1061.0,121.0,907.0,751.0,98.0,303.0,3658.0
22/12/2004,16.00.00,28.0,975.0,90.0,938.0,367.0,874.0,147.0,989.0,928.0,96.0,296.0,3545.0
22/12/2004,17.00.00,33.0,1028.0,113.0,1025.0,357.0,774.0,136.0,1024.0,1160.0,81.0,325.0,3516.0
22/12/2004,18.00.00,29.0,998.0,99.0,972.0,345.0,806.0,153.0,984.0,1090.0,68.0,361.0,3575.0
22/12/2004,19.00.00,39.0,1094.0,136.0,1105.0,483.0,708.0,178.0,1086.0,1274.0,64.0,365.0,3519.0
22/12/2004,20.00.00,41.0,1128.0,154.0,1161.0,480.0,672.0,174.0,1163.0,1340.0,59.0,378.0,3528.0
22/12/2004,21.00.00,33.0,1111.0,114.0,1030.0,427.0,751.0,166.0,1033.0,1271.0,51.0,407.0,3621.0
22/12/2004,22.00.00,33.0,1121.0,112.0,1023.0,504.0,725.0,169.0,1053.0,1354.0,48.0,451.0,3925.0
22/12/2004,23.00.00,19.0,956.0,57.0,796.0,248.0,915.0,132.0,861.0,1084.0,45.0,439.0,3728.0
23/12/2004,00.00.00,2.0,973.0,54.0,785.0,241.0,916.0,127.0,883.0,1086.0,52.0,441.0,3939.0
23/12/2004,01.00.00,19.0,952.0,55.0,790.0,210.0,921.0,113.0,896.0,1038.0,43.0,464.0,3896.0
23/12/2004,02.00.00,21.0,969.0,52.0,773.0,292.0,889.0,128.0,914.0,1064.0,30.0,525.0,4021.0
23/12/2004,03.00.00,17.0,919.0,37.0,693.0,210.5,955.0,106.5,882.0,979.0,23.0,563.0,4134.0
23/12/2004,04.00.00,13.0,874.0,31.0,657.0,129.0,985.0,85.0,867.0,930.0,15.0,614.0,4235.0
23/12/2004,05.00.00,11.0,806.0,16.0,554.0,106.0,1206.0,77.0,807.0,783.0,40.0,504.0,4154.0
23/12/2004,06.00.00,12.0,874.0,25.0,623.0,125.0,1096.0,78.0,847.0,831.0,28.0,552.0,4177.0
23/12/2004,07.00.00,18.0,961.0,53.0,779.0,267.0,917.0,115.0,960.0,983.0,12.0,614.0,4159.0
23/12/2004,08.00.00,36.0,1195.0,134.0,1096.0,543.0,668.0,169.0,1166.0,1315.0,14.0,613.0,4208.0
23/12/2004,09.00.00,37.0,1184.0,150.0,1148.0,496.0,651.0,174.0,1178.0,1389.0,22.0,581.0,4218.0
23/12/2004,10.00.00,34.0,1135.0,128.0,1076.0,491.0,685.0,171.0,1120.0,1396.0,43.0,494.0,4138.0
23/12/2004,11.00.00,4.0,1211.0,159.0,1177.0,667.0,620.0,179.0,1221.0,1585.0,66.0,425.0,4160.0
23/12/2004,12.00.00,38.0,1228.0,159.0,1178.0,693.0,621.0,193.0,1202.0,1628.0,80.0,383.0,4133.0
23/12/2004,13.00.00,41.0,1247.0,163.0,1188.0,707.0,598.0,210.0,1237.0,1692.0,91.0,361.0,4172.0
23/12/2004,14.00.00,49.0,1336.0,186.0,1256.0,777.0,567.0,224.0,1320.0,1828.0,100.0,347.0,4259.0
23/12/2004,15.00.00,33.0,1205.0,128.0,1079.0,512.0,652.0,175.0,1168.0,1476.0,110.0,330.0,4331.0
23/12/2004,16.00.00,43.0,1305.0,179.0,1238.0,587.0,565.0,177.0,1325.0,1640.0,113.0,336.0,4504.0
23/12/2004,17.00.00,66.0,1568.0,290.0,1528.0,864.0,455.0,208.0,1661.0,2046.0,94.0,413.0,4888.0
23/12/2004,18.00.00,85.0,1630.0,331.0,1622.0,1089.0,421.0,247.0,1757.0,2238.0,80.0,459.0,4936.0
23/12/2004,19.00.00,87.0,1704.0,361.0,1689.0,1070.0,402.0,242.0,1820.0,2480.0,71.0,503.0,5100.0
23/12/2004,20.00.00,91.0,1701.0,363.0,1692.0,1220.0,402.0,252.0,1832.0,2415.0,62.0,569.0,5419.0
23/12/2004,21.00.00,72.0,1564.0,263.0,1462.0,1076.0,472.0,228.0,1574.0,2181.0,63.0,579.0,5575.0
23/12/2004,22.00.00,5.0,1441.0,206.0,1314.0,825.0,517.0,196.0,1389.0,2051.0,62.0,568.0,5421.0
23/12/2004,23.00.00,42.0,1376.0,170.0,1209.0,740.0,549.0,190.0,1283.0,2041.0,61.0,547.0,5201.0
24/12/2004,00.00.00,46.0,1412.0,172.0,1216.0,759.0,543.0,187.0,1300.0,2059.0,60.0,556.0,5244.0
24/12/2004,01.00.00,39.0,1352.0,146.0,1137.0,610.0,567.0,174.0,1234.0,2016.0,51.0,590.0,5248.0
24/12/2004,02.00.00,34.0,1285.0,121.0,1052.0,465.0,605.0,158.0,1164.0,1967.0,51.0,584.0,5170.0
24/12/2004,03.00.00,3.0,1263.0,105.0,997.0,376.5,625.0,145.0,1140.0,1960.0,47.0,608.0,5232.0
24/12/2004,04.00.00,24.0,1200.0,87.0,929.0,288.0,664.0,132.0,1082.0,1847.0,42.0,631.0,5259.0
24/12/2004,05.00.00,25.0,1187.0,88.0,931.0,251.0,669.0,121.0,1093.0,1792.0,43.0,641.0,5370.0
24/12/2004,06.00.00,35.0,1166.0,82.0,909.0,351.0,691.0,136.0,1079.0,1680.0,48.0,619.0,5370.0
24/12/2004,07.00.00,39.0,1209.0,95.0,958.0,379.0,666.0,138.0,1124.0,1662.0,53.0,611.0,5499.0
24/12/2004,08.00.00,48.0,1349.0,146.0,1136.0,539.0,575.0,149.0,1299.0,1810.0,57.0,613.0,5657.0
24/12/2004,09.00.00,61.0,1458.0,204.0,1307.0,706.0,497.0,165.0,1483.0,2103.0,61.0,605.0,5719.0
24/12/2004,10.00.00,66.0,1462.0,188.0,1263.0,750.0,510.0,170.0,1421.0,2082.0,67.0,597.0,5890.0
24/12/2004,11.00.00,65.0,1448.0,188.0,1263.0,747.0,511.0,165.0,1428.0,1971.0,72.0,586.0,5986.0
24/12/2004,12.00.00,6.0,1419.0,185.0,1254.0,670.0,524.0,167.0,1406.0,1950.0,80.0,559.0,6018.0
24/12/2004,13.00.00,69.0,1561.0,248.0,1425.0,772.0,465.0,197.0,1624.0,2101.0,98.0,524.0,6349.0
24/12/2004,14.00.00,79.0,1558.0,229.0,1375.0,792.0,471.0,217.0,1563.0,2112.0,105.0,511.0,6503.0
24/12/2004,15.00.00,61.0,1438.0,169.0,1208.0,626.0,528.0,204.0,1405.0,1962.0,108.0,524.0,6767.0
24/12/2004,16.00.00,67.0,1532.0,222.0,1356.0,678.0,474.0,193.0,1610.0,2033.0,106.0,553.0,7058.0
24/12/2004,17.00.00,68.0,1522.0,215.0,1337.0,706.0,479.0,192.0,1578.0,2034.0,104.0,570.0,7167.0
24/12/2004,18.00.00,67.0,1514.0,215.0,1338.0,668.0,474.0,175.0,1598.0,2018.0,102.0,583.0,7256.0
24/12/2004,19.00.00,64.0,1512.5,205.16666666666666,1309.6666666666667,641.0,482.5,168.0,1572.8333333333333,2026.0,100.66666666666667,596.0,7349.333333333333
24/12/2004,20.00.00,68.0,1511.0,195.33333333333334,1281.3333333333333,649.0,491.0,170.0,1547.6666666666667,2034.0,99.33333333333333,609.0,7442.666666666667
24/12/2004,21.00.00,56.0,1509.5,185.5,1253.0,521.0,499.5,157.0,1522.5,2042.0,98.0,622.0,7536.0
24/12/2004,22.00.00,54.0,1508.0,175.66666666666666,1224.6666666666667,487.0,508.0,143.0,1497.3333333333333,2050.0,96.66666666666667,635.0,7629.333333333333
24/12/2004,23.00.00,52.0,1506.5,165.83333333333331,1196.3333333333333,453.0,516.5,152.0,1472.1666666666667,2058.0,95.33333333333333,648.0,7722.666666666667
25/12/2004,00.00.00,59.0,1505.0,156.0,1168.0,567.0,525.0,169.0,1447.0,2066.0,94.0,661.0,7816.0
25/12/2004,01.00.00,56.0,1458.0,142.0,1123.0,527.0,540.0,164.0,1395.0,2030.0,96.0,659.0,7869.0
25/12/2004,02.00.00,55.0,1431.0,135.0,1100.0,503.0,553.0,154.0,1385.0,1913.0,95.0,662.0,7882.0
25/12/2004,03.00.00,52.0,1366.0,114.0,1027.0,424.0,583.0,142.0,1328.0,1901.0,92.0,673.0,7851.0
25/12/2004,04.00.00,37.0,1332.0,105.0,997.0,345.0,601.0,130.0,1304.0,1783.0,91.0,687.0,7925.0
25/12/2004,05.00.00,22.0,1243.0,86.0,924.0,274.0,648.0,119.0,1250.0,1534.0,90.0,698.0,8039.0
25/12/2004,06.00.00,2.0,1251.0,86.0,924.0,231.0,644.0,106.0,1246.0,1568.0,89.0,705.0,8056.0
25/12/2004,07.00.00,22.0,1259.0,91.0,944.0,268.0,631.0,111.0,1267.0,1622.0,89.0,704.0,8074.0
25/12/2004,08.00.00,2.0,1268.0,86.0,926.0,281.0,645.0,122.0,1247.0,1628.0,91.0,696.0,8045.0
25/12/2004,09.00.00,25.0,1288.0,94.0,956.0,340.0,623.0,121.0,1272.0,1553.0,90.0,708.0,8173.0
25/12/2004,10.00.00,3.0,1410.0,110.0,1015.0,406.0,594.0,136.0,1319.0,1769.0,98.0,686.0,8324.0
25/12/2004,11.00.00,28.0,1374.0,106.0,999.0,379.0,598.0,138.0,1316.0,1776.0,102.0,673.0,8373.0
25/12/2004,12.00.00,34.0,1458.0,132.0,1090.0,436.0,553.0,147.0,1383.0,1898.0,107.0,650.0,8378.0
25/12/2004,13.00.00,55.0,1609.0,181.0,1243.0,602.0,505.0,178.0,1491.0,2100.0,114.0,629.0,8454.0
25/12/2004,14.00.00,4.0,1424.0,132.0,1090.0,507.0,566.0,176.0,1351.0,1896.0,122.0,611.0,8652.0
25/12/2004,15.00.00,24.0,1331.0,97.0,966.0,266.0,633.0,159.0,1266.0,1745.0,121.0,618.0,8723.0
25/12/2004,16.00.00,31.0,1434.0,133.0,1093.0,335.0,561.0,168.0,1366.0,1893.0,117.0,656.0,8980.0
25/12/2004,17.00.00,4.0,1542.0,154.0,1161.0,464.0,531.0,181.0,1435.0,1972.0,114.0,679.0,9119.0
25/12/2004,18.00.00,46.0,1651.0,178.0,1234.0,527.0,501.0,184.0,1513.0,2020.0,112.0,708.0,9386.0
25/12/2004,19.00.00,48.0,1633.0,180.0,1240.0,592.0,496.0,170.0,1555.0,1906.0,109.0,759.0,9868.0
25/12/2004,20.00.00,62.0,1739.0,213.0,1333.0,821.0,460.0,174.0,1689.0,1832.0,113.0,783.0,10455.0
25/12/2004,21.00.00,46.0,1523.0,145.0,1132.0,538.0,541.0,136.0,1488.0,1470.0,103.0,828.0,10369.0
25/12/2004,22.00.00,45.0,1543.0,158.0,1174.0,513.0,521.0,127.0,1542.0,1494.0,104.0,825.0,10406.0
25/12/2004,23.00.00,42.0,1469.0,131.0,1086.0,514.0,564.0,125.0,1485.0,1394.0,110.0,817.0,10727.0
26/12/2004,00.00.00,26.0,1271.0,77.0,886.0,345.0,688.0,121.0,1321.0,1113.0,117.0,798.0,10964.0
26/12/2004,01.00.00,16.0,1161.0,60.0,810.0,231.0,775.0,117.0,1281.0,958.0,116.0,800.0,10924.0
26/12/2004,02.00.00,13.0,1053.0,35.0,680.0,166.0,890.0,108.0,1166.0,807.0,113.0,801.0,10741.0
26/12/2004,03.00.00,6.0,916.0,15.0,541.0,113.5,1143.0,81.5,1064.0,536.0,117.0,741.0,10167.0
26/12/2004,04.00.00,5.0,900.0,12.0,522.0,61.0,1242.0,55.0,1070.0,471.0,108.0,787.0,10202.0
26/12/2004,05.00.00,4.0,855.0,8.0,479.0,49.0,1319.0,46.0,1068.0,450.0,107.0,815.0,10497.0
26/12/2004,06.00.00,3.0,848.0,7.0,464.0,54.0,1425.0,46.0,1062.0,438.0,109.0,803.0,10444.0
26/12/2004,07.00.00,4.0,873.0,9.0,485.0,78.0,1305.0,67.0,1083.0,512.0,107.0,807.0,10377.0
26/12/2004,08.00.00,6.0,945.0,18.0,569.0,136.0,1140.0,90.0,1135.0,632.0,105.0,818.0,10416.0
26/12/2004,09.00.00,9.0,1003.0,25.0,618.0,198.0,1003.0,117.0,1159.0,754.0,104.0,829.0,10419.0
26/12/2004,10.00.00,11.0,1041.0,31.0,659.0,211.0,908.0,118.0,1188.0,792.0,106.0,821.0,10451.0
26/12/2004,11.00.00,1.0,1036.0,35.0,685.0,183.0,942.0,112.0,1168.0,776.0,115.0,726.0,9846.0
26/12/2004,12.00.00,16.0,1124.0,57.0,799.0,277.0,775.0,134.0,1231.0,969.0,128.0,655.0,9640.0
26/12/2004,13.00.00,18.0,1130.0,58.0,803.0,267.0,772.0,127.0,1230.0,975.0,139.0,609.0,9644.0
26/12/2004,14.00.00,1.0,991.0,27.0,632.0,123.0,981.0,88.0,1114.0,637.0,149.0,579.0,9726.0
26/12/2004,15.00.00,8.0,988.0,22.0,596.0,68.0,1056.0,57.0,1118.0,541.0,148.0,635.0,10592.0
26/12/2004,16.00.00,14.0,1163.0,58.0,801.0,186.0,772.0,99.0,1288.0,876.0,136.0,689.0,10699.0
26/12/2004,17.00.00,21.0,1226.0,69.0,853.0,321.0,725.0,129.0,1307.0,1029.0,136.0,689.0,10661.0
26/12/2004,18.00.00,23.0,1286.0,91.0,942.0,343.0,687.0,137.0,1362.0,1103.0,135.0,671.0,10357.0
26/12/2004,19.00.00,35.0,1423.0,140.0,1116.0,550.0,553.0,146.0,1531.0,1369.0,123.0,754.0,10768.0
26/12/2004,20.00.00,38.0,1408.0,131.0,1088.0,598.0,560.0,139.0,1504.0,1381.0,117.0,800.0,10938.0
26/12/2004,21.00.00,24.0,1178.0,72.0,866.0,390.0,700.0,128.0,1342.0,1094.0,118.0,827.0,11381.0
26/12/2004,22.00.00,1.0,985.0,38.0,701.0,159.0,877.0,106.0,1187.0,835.0,118.0,775.0,10741.0
26/12/2004,23.00.00,13.0,1113.0,52.0,776.0,193.0,828.0,114.0,1217.0,881.0,120.0,723.0,10095.0
27/12/2004,00.00.00,23.0,1178.0,74.0,873.0,316.0,700.0,137.0,1328.0,987.0,112.0,796.0,10587.0
27/12/2004,01.00.00,15.0,1024.0,39.0,705.0,199.0,876.0,114.0,1168.0,807.0,115.0,742.0,10063.0
27/12/2004,02.00.00,11.0,954.0,27.0,630.0,134.0,988.0,92.0,1107.0,664.0,116.0,689.0,9411.0
27/12/2004,03.00.00,6.0,875.0,15.0,548.0,98.5,1165.0,73.5,1049.0,525.0,115.0,674.0,9106.0
27/12/2004,04.00.00,7.0,877.0,13.0,526.0,63.0,1171.0,55.0,1023.0,496.0,117.0,646.0,8888.0
27/12/2004,05.00.00,4.0,826.0,7.0,465.0,50.0,1322.0,46.0,978.0,433.0,119.0,611.0,8527.0
27/12/2004,06.00.00,5.0,862.0,14.0,535.0,93.0,1193.0,67.0,1020.0,524.0,125.0,573.0,8269.0
27/12/2004,07.00.00,8.0,938.0,30.0,653.0,161.0,970.0,95.0,1100.0,747.0,123.0,601.0,8562.0
27/12/2004,08.00.00,19.0,1205.0,91.0,943.0,368.0,688.0,133.0,1361.0,1052.0,115.0,687.0,9302.0
27/12/2004,09.00.00,23.0,1171.0,100.0,978.0,344.0,637.0,138.0,1374.0,1092.0,125.0,632.0,9113.0
27/12/2004,10.00.00,19.0,1131.0,86.0,926.0,288.0,684.0,127.0,1324.0,1036.0,129.0,632.0,9335.0
27/12/2004,11.00.00,16.0,1074.0,64.0,832.0,244.0,748.0,119.0,1230.0,934.0,135.0,599.0,9261.0
27/12/2004,12.00.00,14.0,1062.0,62.0,822.0,224.0,764.0,113.0,1228.0,917.0,134.0,613.0,9379.0
27/12/2004,13.00.00,15.0,1045.0,57.0,800.0,206.0,796.0,109.0,1193.0,839.0,144.0,571.0,9309.0
27/12/2004,14.00.00,14.0,1034.0,50.0,763.0,163.0,840.0,97.0,1192.0,761.0,150.0,572.0,9698.0
27/12/2004,15.00.00,2.0,1186.0,80.0,899.0,296.0,695.0,117.0,1332.0,926.0,124.0,726.0,10422.0
27/12/2004,16.00.00,25.0,1256.0,105.0,996.0,386.0,625.0,132.0,1417.0,1104.0,128.0,736.0,10851.0
27/12/2004,17.00.00,22.0,1138.0,69.0,854.0,262.0,735.0,117.0,1276.0,911.0,133.0,682.0,10356.0
27/12/2004,18.00.00,2.0,1138.0,78.0,891.0,212.0,721.0,110.0,1295.0,918.0,134.0,666.0,10187.0
27/12/2004,19.00.00,21.0,1114.0,80.0,899.0,245.0,710.0,119.0,1279.0,948.0,133.0,636.0,9661.0
27/12/2004,20.00.00,21.0,1107.0,81.0,905.0,263.0,705.0,116.0,1288.0,966.0,129.0,624.0,9258.0
27/12/2004,21.00.00,21.0,1117.0,75.0,876.0,300.0,706.0,123.0,1264.0,1057.0,124.0,647.0,9266.0
27/12/2004,22.00.00,16.0,1090.0,60.0,812.0,242.0,753.0,117.0,1213.0,1001.0,121.0,656.0,9222.0
27/12/2004,23.00.00,11.0,954.0,32.0,665.0,152.0,916.0,100.0,1119.0,777.0,113.0,698.0,9320.0
28/12/2004,00.00.00,12.0,987.0,41.0,715.0,165.0,884.0,101.0,1145.0,797.0,110.0,687.0,9001.0
28/12/2004,01.00.00,12.041237113402062,969.0,31.0,659.0,165.51546391752578,945.0,101.05154639175258,1082.0,691.0,111.0,653.0,8601.0
28/12/2004,02.00.00,12.082474226804123,939.0,29.0,648.0,166.03092783505156,949.0,101.10309278350516,1084.0,680.0,102.0,669.0,8323.0
28/12/2004,03.00.00,12.123711340206185,961.0,30.0,654.0,166.5463917525773,925.0,101.15463917525773,1084.0,755.0,95.0,701.0,8343.0
28/12/2004,04.00.00,12.164948453608247,916.0,25.0,623.0,167.06185567010309,962.0,101.20618556701031,1064.0,725.0,98.0,694.0,8397.0
28/12/2004,05.00.00,12.206185567010309,835.0,9.0,484.0,167.57731958762886,1266.0,101.25773195876289,961.0,432.0,107.0,625.0,8020.0
28/12/2004,06.00.00,12.24742268041237,885.0,18.0,572.0,168.09278350515464,1081.0,101.30927835051547,1031.0,612.0,104.0,648.0,8138.0
28/12/2004,07.00.00,12.288659793814434,1088.0,66.0,839.0,168.60824742268042,760.0,101.36082474226804,1236.0,951.0,97.0,731.0,8772.0
28/12/2004,08.00.00,12.329896907216495,1358.0,153.0,1158.0,169.12371134020617,529.0,101.41237113402062,1537.0,1326.0,93.0,770.0,9018.0
28/12/2004,09.00.00,12.371134020618557,1456.0,234.0,1389.0,169.63917525773195,443.0,101.4639175257732,1808.0,1504.0,91.0,771.0,8947.0
28/12/2004,10.00.00,12.412371134020619,1274.0,153.0,1159.0,170.15463917525773,545.0,101.51546391752578,1493.0,1326.0,106.0,679.0,8666.0
28/12/2004,11.00.00,12.45360824742268,1092.0,92.0,946.0,170.6701030927835,691.0,101.56701030927834,1234.0,1043.0,127.0,567.0,8304.0
28/12/2004,12.00.00,12.494845360824742,1111.0,104.0,993.0,171.18556701030928,662.0,101.61855670103093,1287.0,1058.0,130.0,539.0,8029.0
28/12/2004,13.00.00,12.536082474226804,1177.0,148.0,1143.0,171.70103092783506,574.0,101.6701030927835,1443.0,1205.0,139.0,490.0,7727.0
28/12/2004,14.00.00,12.577319587628866,1199.0,146.0,1138.0,172.2164948453608,581.0,101.72164948453609,1452.0,1203.0,144.0,492.0,8027.0
28/12/2004,15.00.00,12.618556701030927,1121.0,107.0,1003.0,172.7319587628866,656.0,101.77319587628865,1323.0,1058.0,143.0,486.0,7900.0
28/12/2004,16.00.00,12.65979381443299,1252.0,155.0,1164.0,173.24742268041237,559.0,101.82474226804123,1474.0,1257.0,136.0,528.0,8177.0
28/12/2004,17.00.00,12.70103092783505,1233.0,149.0,1144.0,173.76288659793815,575.0,101.87628865979381,1436.0,1271.0,131.0,543.0,8167.0
28/12/2004,18.00.00,12.742268041237114,1215.0,124.0,1063.0,174.27835051546393,616.0,101.9278350515464,1370.0,1214.0,124.0,593.0,8530.0
28/12/2004,19.00.00,12.783505154639176,1193.0,112.0,1020.0,174.79381443298968,645.0,101.97938144329896,1340.0,1135.0,121.0,615.0,8677.0
28/12/2004,20.00.00,12.824742268041238,1195.0,113.0,1026.0,175.30927835051546,637.0,102.03092783505154,1342.0,1150.0,120.0,608.0,8520.0
28/12/2004,21.00.00,12.8659793814433,1301.0,129.0,1080.0,175.82474226804123,579.0,102.08247422680412,1435.0,1248.0,110.0,738.0,9677.0
28/12/2004,22.00.00,12.907216494845361,1126.0,64.0,828.0,176.340206185567,722.0,102.1340206185567,1250.0,955.0,96.0,829.0,9900.0
28/12/2004,23.00.00,12.948453608247423,1013.0,36.0,687.0,176.8556701030928,872.0,102.18556701030928,1135.0,726.0,86.0,835.0,9372.0
29/12/2004,00.00.00,12.989690721649485,982.0,29.0,645.0,177.37113402061857,922.0,102.23711340206185,1107.0,708.0,87.0,830.0,9393.0
29/12/2004,01.00.00,13.030927835051546,970.0,28.0,642.0,177.88659793814432,922.0,102.28865979381443,1107.0,704.0,88.0,812.0,9214.0
29/12/2004,02.00.00,13.072164948453608,959.0,28.0,637.0,178.4020618556701,958.0,102.34020618556701,1107.0,667.0,89.0,790.0,9032.0
29/12/2004,03.00.00,13.11340206185567,925.0,22.0,598.0,178.91752577319588,978.0,102.3917525773196,1079.0,662.0,90.0,765.0,8828.0
29/12/2004,04.00.00,13.154639175257731,847.0,10.0,502.0,179.43298969072166,1198.0,102.44329896907216,1020.0,508.0,90.0,758.0,8721.0
29/12/2004,05.00.00,13.195876288659793,885.0,14.0,534.0,179.94845360824743,1144.0,102.49484536082474,1036.0,529.0,91.0,739.0,8576.0
29/12/2004,06.00.00,13.237113402061855,883.0,16.0,549.0,180.46391752577318,1019.0,102.54639175257732,1025.0,607.0,94.0,709.0,8386.0
29/12/2004,07.00.00,13.278350515463917,892.0,20.0,587.0,180.97938144329896,1070.0,102.5979381443299,1041.0,623.0,101.0,659.0,8148.0
29/12/2004,08.00.00,13.31958762886598,970.0,34.0,678.0,181.49484536082474,916.0,102.64948453608247,1101.0,732.0,101.0,646.0,7967.0
29/12/2004,09.00.00,13.360824742268042,904.0,29.0,644.0,182.01030927835052,949.0,102.70103092783505,1036.0,697.0,93.0,647.0,7575.0
29/12/2004,10.00.00,13.402061855670103,919.0,30.0,652.0,182.5257731958763,953.0,102.75257731958763,1045.0,712.0,99.0,613.0,7499.0
29/12/2004,11.00.00,13.443298969072165,929.0,33.0,668.0,183.04123711340208,937.0,102.80412371134021,1054.0,696.0,106.0,599.0,7674.0
29/12/2004,12.00.00,13.484536082474227,938.0,43.0,729.0,183.55670103092783,874.0,102.85567010309278,1060.0,702.0,111.0,553.0,7325.0
29/12/2004,13.00.00,13.525773195876289,971.0,55.0,786.0,184.0721649484536,812.0,102.90721649484536,1086.0,796.0,120.0,493.0,6900.0
29/12/2004,14.00.00,13.56701030927835,914.0,45.0,739.0,184.58762886597938,870.0,102.95876288659794,1025.0,714.0,116.0,468.0,6397.0
29/12/2004,15.00.00,13.608247422680412,892.0,41.0,719.0,185.10309278350516,918.0,103.01030927835052,1019.0,635.0,120.0,440.0,6169.0
29/12/2004,16.00.00,13.649484536082474,913.0,45.0,735.0,185.6185567010309,905.0,103.06185567010309,1024.0,706.0,118.0,443.0,6141.0
29/12/2004,17.00.00,13.690721649484535,928.0,49.0,759.0,186.1340206185567,871.0,103.11340206185567,1040.0,775.0,113.0,454.0,6063.0
29/12/2004,18.00.00,13.731958762886599,1035.0,90.0,941.0,186.64948453608247,734.0,103.16494845360825,1175.0,965.0,113.0,441.0,5909.0
29/12/2004,19.00.00,13.77319587628866,1033.0,90.0,939.0,187.16494845360825,729.0,103.21649484536083,1159.0,979.0,112.0,451.0,5971.0
29/12/2004,20.00.00,13.814432989690722,990.0,72.0,865.0,187.68041237113403,764.0,103.26804123711341,1130.0,902.0,108.0,473.0,6122.0
29/12/2004,21.00.00,13.855670103092784,934.0,47.0,750.0,188.1958762886598,891.0,103.31958762886597,1035.0,798.0,107.0,477.0,6127.0
29/12/2004,22.00.00,13.896907216494846,881.0,33.0,670.0,188.71134020618555,979.0,103.37113402061856,978.0,697.0,105.0,469.0,5956.0
29/12/2004,23.00.00,13.938144329896907,855.0,27.0,631.0,189.22680412371133,1033.0,103.42268041237114,932.0,626.0,102.0,454.0,5632.0
30/12/2004,00.00.00,13.97938144329897,832.0,22.0,598.0,189.7422680412371,1122.0,103.47422680412372,912.0,537.0,97.0,460.0,5546.0
30/12/2004,01.00.00,14.02061855670103,848.0,28.0,639.0,190.2577319587629,1057.0,103.52577319587628,929.0,574.0,98.0,452.0,5489.0
30/12/2004,02.00.00,14.061855670103093,806.0,18.0,567.0,190.77319587628867,1163.0,103.57731958762886,878.0,490.0,94.0,454.0,5355.0
30/12/2004,03.00.00,14.103092783505154,796.0,15.0,545.0,191.28865979381442,1210.0,103.62886597938144,853.0,450.0,93.0,440.0,5153.0
30/12/2004,04.00.00,14.144329896907216,777.0,9.0,493.0,191.8041237113402,1247.0,103.68041237113403,828.0,438.0,88.0,452.0,5134.0
30/12/2004,05.00.00,14.185567010309278,785.0,11.0,505.0,192.31958762886597,1226.0,103.73195876288659,829.0,428.0,87.0,456.0,5128.0
30/12/2004,06.00.00,14.22680412371134,766.0,7.0,470.0,192.83505154639175,1317.0,103.78350515463917,810.0,404.0,85.0,448.0,4980.0
30/12/2004,07.00.00,14.268041237113401,808.0,14.0,534.0,193.35051546391753,1243.0,103.83505154639175,853.0,480.0,87.0,434.0,4905.0
30/12/2004,08.00.00,14.309278350515463,975.0,62.0,822.0,193.8659793814433,852.0,103.88659793814433,1049.0,876.0,85.0,436.0,4865.0
30/12/2004,09.00.00,14.350515463917526,943.0,61.0,816.0,194.38144329896906,828.0,103.9381443298969,1033.0,868.0,88.0,420.0,4773.0
30/12/2004,10.00.00,14.391752577319588,886.0,50.0,764.0,194.89690721649484,920.0,103.98969072164948,946.0,740.0,108.0,351.0,4549.0
30/12/2004,11.00.00,14.43298969072165,861.0,41.0,716.0,195.41237113402062,973.0,104.04123711340206,921.0,628.0,117.0,344.0,4712.0
30/12/2004,12.00.00,14.474226804123711,881.0,44.0,734.0,195.9278350515464,961.0,104.09278350515464,925.0,636.0,126.0,317.0,4613.0
30/12/2004,13.00.00,14.515463917525773,855.0,46.0,741.0,196.44329896907215,965.0,104.14432989690722,901.0,616.0,125.0,303.0,4367.0
30/12/2004,14.00.00,14.556701030927835,855.0,43.0,725.0,196.95876288659792,983.0,104.19587628865979,898.0,613.0,114.0,328.0,4424.0
30/12/2004,15.00.00,14.597938144329897,844.0,36.0,689.0,197.4742268041237,1040.0,104.24742268041237,867.0,545.0,121.0,311.0,4383.0
30/12/2004,16.00.00,14.639175257731958,900.0,56.0,794.0,197.98969072164948,906.0,104.29896907216495,930.0,710.0,123.0,297.0,4226.0
30/12/2004,17.00.00,14.68041237113402,883.0,48.0,751.0,198.50515463917526,962.0,104.35051546391753,922.0,661.0,98.0,364.0,4414.0
30/12/2004,18.00.00,14.721649484536083,994.0,81.0,903.0,199.02061855670104,781.0,104.4020618556701,1079.0,922.0,93.0,408.0,4781.0
30/12/2004,19.00.00,14.762886597938145,927.0,52.0,774.0,199.53608247422682,883.0,104.45360824742268,976.0,755.0,86.0,451.0,5038.0
30/12/2004,20.00.00,14.804123711340207,1078.0,102.0,987.0,200.05154639175257,718.0,104.50515463917526,1152.0,1015.0,93.0,417.0,4884.0
30/12/2004,21.00.00,14.845360824742269,952.0,55.0,788.0,200.56701030927834,849.0,104.55670103092784,1018.0,876.0,87.0,443.0,4998.0
30/12/2004,22.00.00,14.88659793814433,882.0,31.0,660.0,201.08247422680412,991.0,104.6082474226804,922.0,727.0,80.0,476.0,5113.0
30/12/2004,23.00.00,14.927835051546392,924.0,42.0,724.0,201.5979381443299,946.0,104.65979381443299,969.0,781.0,77.0,472.0,4975.0
31/12/2004,00.00.00,14.969072164948454,987.0,62.0,823.0,202.11340206185565,827.0,104.71134020618557,1027.0,893.0,72.0,502.0,5118.0
31/12/2004,01.00.00,15.010309278350515,930.0,48.0,752.0,202.62886597938143,889.0,104.76288659793815,981.0,820.0,69.0,503.0,5029.0
31/12/2004,02.00.00,15.051546391752577,861.0,30.0,654.0,203.1443298969072,995.0,104.81443298969072,919.0,632.0,67.0,507.0,4998.0
31/12/2004,03.00.00,15.092783505154639,783.0,12.0,522.0,203.659793814433,1241.0,104.8659793814433,832.0,458.0,76.0,464.0,4869.0
31/12/2004,04.00.00,15.1340206185567,744.0,4.0,431.0,204.17525773195877,1539.0,104.91752577319588,778.0,345.0,74.0,457.0,4714.0
31/12/2004,05.00.00,15.175257731958762,753.0,4.0,426.0,204.69072164948454,1568.0,104.96907216494846,792.0,337.0,69.0,493.0,4913.0
31/12/2004,06.00.00,15.216494845360824,787.0,6.0,452.0,205.20618556701032,1400.0,105.02061855670104,823.0,370.0,78.0,481.0,5095.0
31/12/2004,07.00.00,15.257731958762886,820.0,11.0,506.0,205.72164948453607,1221.0,105.0721649484536,871.0,466.0,81.0,478.0,5157.0
31/12/2004,08.00.00,15.298969072164947,840.0,16.0,552.0,206.23711340206185,1152.0,105.12371134020619,893.0,510.0,85.0,467.0,5191.0
31/12/2004,09.00.00,15.34020618556701,897.0,31.0,656.0,206.75257731958763,953.0,105.17525773195877,964.0,641.0,89.0,441.0,5039.0
31/12/2004,10.00.00,15.381443298969073,989.0,56.0,793.0,207.26804123711338,815.0,105.22680412371135,1052.0,862.0,94.0,425.0,5038.0
31/12/2004,11.00.00,15.422680412371134,909.0,45.0,737.0,207.78350515463916,909.0,105.27835051546391,941.0,753.0,108.0,363.0,4712.0
31/12/2004,12.00.00,15.463917525773196,865.0,38.0,697.0,208.29896907216494,1002.0,105.3298969072165,883.0,589.0,119.0,306.0,4264.0
31/12/2004,13.00.00,15.505154639175258,924.0,62.0,821.0,208.81443298969072,899.0,105.38144329896907,955.0,704.0,122.0,297.0,4205.0
31/12/2004,14.00.00,15.54639175257732,912.0,56.0,794.0,209.3298969072165,885.0,105.43298969072166,943.0,731.0,120.0,311.0,4340.0
31/12/2004,15.00.00,15.587628865979381,872.0,41.0,717.0,209.84536082474227,991.0,105.48453608247422,882.0,592.0,127.0,284.0,4160.0
31/12/2004,16.00.00,15.628865979381443,917.0,56.0,794.0,210.36082474226805,907.0,105.5360824742268,946.0,740.0,133.0,275.0,4185.0
31/12/2004,17.00.00,15.670103092783505,962.0,76.0,883.0,210.8762886597938,818.0,105.58762886597938,996.0,896.0,114.0,308.0,4148.0
31/12/2004,18.00.00,15.711340206185568,932.0,61.0,817.0,211.39175257731958,883.0,105.63917525773196,942.0,854.0,98.0,340.0,4112.0
31/12/2004,19.00.00,15.75257731958763,930.0,53.0,781.0,211.90721649484536,933.0,105.69072164948453,906.0,866.0,93.0,336.0,3958.0
31/12/2004,20.00.00,15.793814432989691,962.0,53.0,780.0,212.42268041237114,919.0,105.74226804123711,909.0,884.0,96.0,323.0,3871.0
31/12/2004,21.00.00,15.835051546391753,974.0,55.0,790.0,212.9381443298969,915.0,105.79381443298969,895.0,951.0,91.0,325.0,3766.0
31/12/2004,22.00.00,15.876288659793815,1055.0,56.0,791.0,213.45360824742266,845.0,105.84536082474227,936.0,1195.0,91.0,372.0,4310.0
31/12/2004,23.00.00,15.917525773195877,1003.0,46.0,744.0,213.96907216494844,882.0,105.89690721649484,899.0,1138.0,78.0,384.0,4085.0
01/01/2005,00.00.00,15.958762886597938,1046.0,42.0,724.0,214.48453608247422,848.0,105.94845360824742,898.0,1201.0,82.0,401.0,4375.0
01/01/2005,01.00.00,16.0,1275.0,88.0,930.0,215.0,649.0,106.0,1024.0,1617.0,53.0,507.0,4564.0
01/01/2005,02.00.00,25.0,1173.0,75.0,878.0,300.0,738.0,129.0,1002.0,1355.0,59.0,500.0,4689.0
01/01/2005,03.00.00,27.0,1163.0,76.0,881.0,276.5,748.0,127.5,1001.0,1296.0,49.0,539.0,4693.0
01/01/2005,04.00.00,19.0,1054.0,56.0,791.0,253.0,830.0,126.0,967.0,1131.0,43.0,553.0,4650.0
01/01/2005,05.00.00,14.0,1004.0,48.0,753.0,181.0,879.0,106.0,942.0,1036.0,42.0,571.0,4759.0
01/01/2005,06.00.00,15.0,1001.0,53.0,777.0,171.0,859.0,99.0,954.0,1009.0,35.0,583.0,4636.0
01/01/2005,07.00.00,14.0,974.0,45.0,736.0,168.0,888.0,97.0,945.0,966.0,30.0,607.0,4667.0
01/01/2005,08.00.00,11.0,915.0,30.0,653.0,169.0,973.0,94.0,905.0,901.0,26.0,632.0,4721.0
01/01/2005,09.00.00,10.0,939.0,30.0,649.0,145.0,996.0,86.0,897.0,879.0,39.0,590.0,4807.0
01/01/2005,10.00.00,12.0,973.0,47.0,748.0,190.0,878.0,97.0,968.0,991.0,47.0,572.0,4932.0
01/01/2005,11.00.00,17.0,1011.0,54.0,782.0,225.0,846.0,113.0,992.0,1019.0,68.0,486.0,4822.0
01/01/2005,12.00.00,23.0,1097.0,74.0,875.0,261.0,778.0,125.0,1080.0,1151.0,86.0,436.0,4887.0
01/01/2005,13.00.00,22.0,1149.0,84.0,914.0,382.0,742.0,147.0,1072.0,1242.0,95.0,412.0,4908.0
01/01/2005,14.00.00,24.0,1117.0,89.0,934.0,357.0,721.0,153.0,1075.0,1206.0,109.0,359.0,4680.0
01/01/2005,15.00.00,22.0,1085.0,79.0,896.0,299.0,760.0,147.0,1049.0,1138.0,125.0,323.0,4670.0
01/01/2005,16.00.00,21.0,1102.0,77.0,885.0,313.0,772.0,139.0,1051.0,1142.0,128.0,326.0,4814.0
01/01/2005,17.00.00,30.0,1281.0,121.0,1053.0,510.0,659.0,165.0,1192.0,1438.0,109.0,397.0,5166.0
01/01/2005,18.00.00,47.0,1472.0,166.0,1198.0,832.0,555.0,191.0,1344.0,1735.0,90.0,518.0,5961.0
01/01/2005,19.00.00,36.0,1328.0,114.0,1029.0,622.0,637.0,172.0,1188.0,1611.0,81.0,541.0,5882.0
01/01/2005,20.00.00,25.0,1198.0,79.0,897.0,402.0,720.0,151.0,1072.0,1436.0,78.0,546.0,5786.0
01/01/2005,21.00.00,23.0,1176.0,81.0,905.0,334.0,718.0,137.0,1104.0,1389.0,62.0,596.0,5698.0
01/01/2005,22.00.00,21.0,1118.0,64.0,830.0,295.0,765.0,130.0,1058.0,1313.0,57.0,599.0,5523.0
01/01/2005,23.00.00,17.0,1091.0,52.0,773.0,222.0,820.0,115.0,1003.0,1232.0,56.0,597.0,5463.0
02/01/2005,00.00.00,18.0,1078.0,52.0,775.0,230.0,809.0,112.0,1012.0,1195.0,47.0,629.0,5424.0
02/01/2005,01.00.00,16.0,1043.0,43.0,726.0,195.0,875.0,105.0,972.0,1107.0,45.0,635.0,5411.0
02/01/2005,02.00.00,13.0,992.0,36.0,685.0,167.0,916.0,96.0,963.0,1035.0,45.0,636.0,5414.0
02/01/2005,03.00.00,13.0,1004.0,45.0,739.0,157.5,868.0,91.5,1004.0,1030.0,31.0,700.0,5388.0
02/01/2005,04.00.00,13.0,947.0,33.0,673.0,148.0,929.0,87.0,974.0,929.0,32.0,683.0,5310.0
02/01/2005,05.00.00,11.0,923.0,27.0,634.0,123.0,984.0,75.0,943.0,875.0,31.0,692.0,5337.0
02/01/2005,06.00.00,10.0,911.0,24.0,613.0,148.0,992.0,82.0,934.0,861.0,24.0,719.0,5288.0
02/01/2005,07.00.00,10.0,924.0,26.0,629.0,143.0,994.0,83.0,941.0,852.0,31.0,687.0,5317.0
02/01/2005,08.00.00,12.0,954.0,34.0,674.0,180.0,940.0,88.0,981.0,891.0,21.0,731.0,5289.0
02/01/2005,09.00.00,13.0,960.0,39.0,704.0,226.0,887.0,106.0,1003.0,947.0,33.0,682.0,5346.0
02/01/2005,10.00.00,16.0,1016.0,49.0,760.0,254.0,835.0,112.0,1044.0,1016.0,41.0,658.0,5451.0
02/01/2005,11.00.00,22.0,1139.0,75.0,879.0,372.0,753.0,141.0,1092.0,1201.0,66.0,566.0,5528.0
02/01/2005,12.00.00,22.0,1130.0,71.0,860.0,379.0,752.0,148.0,1058.0,1218.0,80.0,512.0,5516.0
02/01/2005,13.00.00,28.0,1237.0,96.0,962.0,478.0,685.0,171.0,1138.0,1385.0,103.0,449.0,5612.0
02/01/2005,14.00.00,21.0,1159.0,65.0,837.0,344.0,742.0,160.0,1087.0,1311.0,123.0,417.0,5961.0
02/01/2005,15.00.00,16.0,1124.0,55.0,790.0,258.0,791.0,137.0,1071.0,1206.0,135.0,413.0,6342.0
02/01/2005,16.00.00,28.0,1312.0,105.0,998.0,474.0,640.0,167.0,1249.0,1473.0,134.0,431.0,6600.0
02/01/2005,17.00.00,26.0,1246.0,89.0,936.0,438.0,665.0,164.0,1182.0,1460.0,99.0,533.0,6504.0
02/01/2005,18.00.00,28.0,1232.0,88.0,931.0,451.0,674.0,166.0,1171.0,1627.0,89.0,546.0,6226.0
02/01/2005,19.00.00,29.0,1286.0,105.0,996.0,473.0,644.0,167.0,1217.0,1827.0,89.0,548.0,6244.0
02/01/2005,20.00.00,34.0,1347.0,130.0,1084.0,560.0,582.0,174.0,1290.0,2004.0,83.0,582.0,6391.0
02/01/2005,21.00.00,29.0,1343.0,128.60377358490567,1078.4905660377358,470.0,584.7358490566038,160.0,1287.7358490566037,1987.9056603773586,83.22641509433963,584.1320754716982,6426.2830188679245
02/01/2005,22.00.00,32.0,1339.0,127.20754716981132,1072.9811320754718,506.0,587.4716981132076,169.0,1285.4716981132076,1971.811320754717,83.45283018867924,586.2641509433962,6461.566037735849
02/01/2005,23.00.00,31.0,1335.0,125.81132075471699,1067.4716981132076,482.0,590.2075471698113,162.0,1283.2075471698113,1955.7169811320755,83.67924528301887,588.3962264150944,6496.8490566037735
03/01/2005,00.00.00,30.0,1331.0,124.41509433962264,1061.9622641509434,436.0,592.9433962264151,149.0,1280.9433962264152,1939.622641509434,83.90566037735849,590.5283018867924,6532.132075471698
03/01/2005,01.00.00,34.0,1327.0,123.01886792452831,1056.4528301886792,472.0,595.6792452830189,158.0,1278.6792452830189,1923.5283018867924,84.13207547169812,592.6603773584906,6567.415094339623
03/01/2005,02.00.00,30.0,1323.0,121.62264150943396,1050.9433962264152,379.0,598.4150943396227,143.0,1276.4150943396226,1907.433962264151,84.35849056603773,594.7924528301887,6602.698113207547
03/01/2005,03.00.00,27.0,1319.0,120.22641509433963,1045.433962264151,332.5,601.1509433962265,132.0,1274.1509433962265,1891.3396226415093,84.58490566037736,596.9245283018868,6637.981132075472
03/01/2005,04.00.00,19.0,1315.0,118.83018867924528,1039.9245283018868,286.0,603.8867924528302,121.0,1271.8867924528302,1875.245283018868,84.81132075471699,599.0566037735849,6673.264150943396
03/01/2005,05.00.00,11.0,1311.0,117.43396226415095,1034.4150943396226,155.0,606.622641509434,92.0,1269.622641509434,1859.1509433962265,85.0377358490566,601.188679245283,6708.547169811321
03/01/2005,06.00.00,14.0,1307.0,116.0377358490566,1028.9056603773586,264.0,609.3584905660377,102.0,1267.3584905660377,1843.0566037735848,85.26415094339623,603.3207547169811,6743.830188679245
03/01/2005,07.00.00,18.0,1303.0,114.64150943396227,1023.3962264150944,366.0,612.0943396226415,121.0,1265.0943396226414,1826.9622641509434,85.49056603773585,605.4528301886793,6779.11320754717
03/01/2005,08.00.00,36.0,1299.0,113.24528301886792,1017.8867924528302,622.0,614.8301886792453,164.0,1262.8301886792453,1810.867924528302,85.71698113207547,607.5849056603773,6814.396226415094
03/01/2005,09.00.00,31.0,1295.0,111.84905660377359,1012.377358490566,551.0,617.566037735849,175.0,1260.566037735849,1794.7735849056603,85.94339622641509,609.7169811320755,6849.679245283019
03/01/2005,10.00.00,19.0,1291.0,110.45283018867924,1006.867924528302,349.0,620.3018867924528,130.0,1258.301886792453,1778.6792452830189,86.16981132075472,611.8490566037735,6884.962264150943
03/01/2005,11.00.00,17.0,1287.0,109.05660377358491,1001.3584905660377,285.0,623.0377358490566,117.0,1256.0377358490566,1762.5849056603774,86.39622641509433,613.9811320754717,6920.245283018868
03/01/2005,12.00.00,17.0,1283.0,107.66037735849056,995.8490566037735,265.0,625.7735849056604,115.0,1253.7735849056603,1746.4905660377358,86.62264150943396,616.1132075471698,6955.528301886792
03/01/2005,13.00.00,16.0,1279.0,106.26415094339623,990.3396226415094,222.0,628.5094339622642,106.0,1251.5094339622642,1730.3962264150944,86.84905660377359,618.2452830188679,6990.811320754717
03/01/2005,14.00.00,16.0,1275.0,104.86792452830188,984.8301886792453,237.0,631.2452830188679,102.0,1249.245283018868,1714.301886792453,87.0754716981132,620.377358490566,7026.094339622641
03/01/2005,15.00.00,17.0,1271.0,103.47169811320755,979.3207547169811,294.0,633.9811320754717,122.0,1246.9811320754718,1698.2075471698113,87.30188679245283,622.5094339622642,7061.377358490566
03/01/2005,16.00.00,22.0,1267.0,102.0754716981132,973.811320754717,329.0,636.7169811320755,138.0,1244.7169811320755,1682.1132075471698,87.52830188679245,624.6415094339623,7096.66037735849
03/01/2005,17.00.00,33.0,1263.0,100.67924528301887,968.3018867924528,487.0,639.4528301886793,162.0,1242.4528301886792,1666.0188679245284,87.75471698113208,626.7735849056604,7131.943396226415
03/01/2005,18.00.00,39.0,1259.0,99.28301886792453,962.7924528301887,604.0,642.188679245283,177.0,1240.188679245283,1649.9245283018868,87.98113207547169,628.9056603773585,7167.226415094339
03/01/2005,19.00.00,50.0,1255.0,97.88679245283019,957.2830188679245,728.0,644.9245283018868,190.0,1237.9245283018868,1633.8301886792453,88.20754716981132,631.0377358490566,7202.509433962264
03/01/2005,20.00.00,42.0,1251.0,96.49056603773585,951.7735849056604,653.0,647.6603773584906,182.0,1235.6603773584907,1617.735849056604,88.43396226415095,633.1698113207547,7237.792452830188
03/01/2005,21.00.00,32.0,1247.0,95.09433962264151,946.2641509433962,509.0,650.3962264150944,163.0,1233.3962264150944,1601.6415094339623,88.66037735849056,635.3018867924528,7273.075471698113
03/01/2005,22.00.00,17.0,1243.0,93.69811320754718,940.7547169811321,277.0,653.1320754716982,135.0,1231.132075471698,1585.5471698113208,88.88679245283019,637.433962264151,7308.358490566037
03/01/2005,23.00.00,15.0,1239.0,92.30188679245283,935.2452830188679,268.0,655.8679245283018,130.0,1228.867924528302,1569.4528301886792,89.11320754716981,639.566037735849,7343.641509433962
04/01/2005,00.00.00,13.0,1235.0,90.90566037735849,929.7358490566038,193.0,658.6037735849056,117.0,1226.6037735849056,1553.3584905660377,89.33962264150944,641.6981132075472,7378.924528301886
04/01/2005,01.00.00,12.0,1231.0,89.50943396226415,924.2264150943397,167.0,661.3396226415094,104.0,1224.3396226415093,1537.264150943396,89.56603773584905,643.8301886792453,7414.207547169812
04/01/2005,02.00.00,13.0,1227.0,88.11320754716982,918.7169811320755,159.0,664.0754716981132,97.0,1222.0754716981132,1521.1698113207547,89.79245283018868,645.9622641509434,7449.490566037735
04/01/2005,03.00.00,8.0,1223.0,86.71698113207547,913.2075471698113,124.0,666.811320754717,84.5,1219.811320754717,1505.0754716981132,90.01886792452831,648.0943396226415,7484.773584905661
04/01/2005,04.00.00,6.0,1219.0,85.32075471698113,907.6981132075472,89.0,669.5471698113207,72.0,1217.5471698113208,1488.9811320754716,90.24528301886792,650.2264150943396,7520.056603773584
04/01/2005,05.00.00,8.0,1215.0,83.9245283018868,902.1886792452831,97.0,672.2830188679245,71.0,1215.2830188679245,1472.8867924528302,90.47169811320755,652.3584905660377,7555.33962264151
04/01/2005,06.00.00,9.0,1211.0,82.52830188679246,896.6792452830189,182.0,675.0188679245283,94.0,1213.0188679245284,1456.7924528301887,90.69811320754717,654.4905660377359,7590.622641509433
04/01/2005,07.00.00,11.0,1207.0,81.13207547169812,891.1698113207547,262.0,677.7547169811321,118.0,1210.754716981132,1440.698113207547,90.9245283018868,656.622641509434,7625.905660377359
04/01/2005,08.00.00,34.0,1203.0,79.73584905660377,885.6603773584906,561.0,680.4905660377358,174.0,1208.4905660377358,1424.6037735849056,91.15094339622641,658.7547169811321,7661.188679245282
04/01/2005,09.00.00,36.0,1199.0,78.33962264150944,880.1509433962265,540.0,683.2264150943396,170.0,1206.2264150943397,1408.5094339622642,91.37735849056604,660.8867924528302,7696.471698113208
04/01/2005,10.00.00,31.0,1195.0,76.9433962264151,874.6415094339623,480.0,685.9622641509434,171.0,1203.9622641509434,1392.4150943396226,91.60377358490567,663.0188679245283,7731.754716981131
04/01/2005,11.00.00,33.0,1191.0,75.54716981132076,869.1320754716982,608.0,688.6981132075472,196.0,1201.698113207547,1376.3207547169811,91.83018867924528,665.1509433962265,7767.037735849057
04/01/2005,12.00.00,34.0,1187.0,74.15094339622641,863.622641509434,584.0,691.433962264151,191.0,1199.433962264151,1360.2264150943397,92.05660377358491,667.2830188679245,7802.32075471698
04/01/2005,13.00.00,28.0,1183.0,72.75471698113208,858.1132075471698,426.0,694.1698113207547,165.0,1197.1698113207547,1344.132075471698,92.28301886792453,669.4150943396227,7837.603773584906
04/01/2005,14.00.00,26.0,1179.0,71.35849056603774,852.6037735849056,397.0,696.9056603773585,148.0,1194.9056603773586,1328.0377358490566,92.50943396226415,671.5471698113207,7872.88679245283
04/01/2005,15.00.00,30.0,1175.0,69.9622641509434,847.0943396226415,473.0,699.6415094339623,172.0,1192.6415094339623,1311.9433962264152,92.73584905660377,673.6792452830189,7908.169811320755
04/01/2005,16.00.00,29.0,1171.0,68.56603773584905,841.5849056603774,369.0,702.377358490566,165.0,1190.377358490566,1295.8490566037735,92.9622641509434,675.811320754717,7943.452830188679
04/01/2005,17.00.00,38.0,1167.0,67.16981132075472,836.0754716981132,532.0,705.1132075471698,184.0,1188.1132075471698,1279.754716981132,93.18867924528303,677.9433962264151,7978.735849056604
04/01/2005,18.00.00,38.0,1163.0,65.77358490566039,830.566037735849,498.0,707.8490566037735,173.0,1185.8490566037735,1263.6603773584907,93.41509433962264,680.0754716981132,8014.018867924528
04/01/2005,19.00.00,36.0,1159.0,64.37735849056604,825.0566037735849,487.0,710.5849056603773,174.0,1183.5849056603774,1247.566037735849,93.64150943396227,682.2075471698113,8049.301886792453
04/01/2005,20.00.00,45.0,1155.0,62.981132075471706,819.5471698113208,629.0,713.3207547169811,181.0,1181.3207547169811,1231.4716981132076,93.86792452830188,684.3396226415094,8084.584905660377
04/01/2005,21.00.00,37.0,1151.0,61.58490566037736,814.0377358490566,502.0,716.0566037735849,166.0,1179.0566037735848,1215.3773584905662,94.09433962264151,686.4716981132076,8119.867924528302
04/01/2005,22.00.00,24.0,1147.0,60.188679245283026,808.5283018867924,381.0,718.7924528301887,150.0,1176.7924528301887,1199.2830188679245,94.32075471698113,688.6037735849056,8155.1509433962265
04/01/2005,23.00.00,17.0,1143.0,58.79245283018868,803.0188679245283,250.0,721.5283018867924,131.0,1174.5283018867924,1183.1886792452829,94.54716981132076,690.7358490566038,8190.433962264151
05/01/2005,00.00.00,17.0,1139.0,57.39622641509435,797.5094339622642,266.0,724.2641509433962,129.0,1172.2641509433963,1167.0943396226417,94.77358490566039,692.867924528302,8225.716981132075
05/01/2005,01.00.00,17.0,1135.0,56.0,792.0,226.0,727.0,120.0,1170.0,1151.0,95.0,695.0,8261.0
05/01/2005,02.00.00,19.0,1188.0,81.0,901.0,259.0,657.0,119.0,1261.0,1185.0,91.0,709.0,8176.0
05/01/2005,03.00.00,20.0,1242.0,85.0,921.0,259.5,626.0,115.0,1219.0,1374.0,81.0,721.0,7798.0
05/01/2005,04.00.00,20.0,1219.0,77.0,889.0,260.0,649.0,111.0,1186.0,1405.0,79.0,721.0,7679.0
05/01/2005,05.00.00,17.0,1187.0,68.0,850.0,242.0,653.0,109.0,1169.0,1383.0,76.0,727.0,7598.0
05/01/2005,06.00.00,18.0,1225.0,81.0,904.0,267.0,644.0,110.0,1194.0,1460.0,75.0,717.0,7439.0
05/01/2005,07.00.00,22.0,1333.0,111.0,1019.0,411.0,576.0,126.0,1275.0,1612.0,79.0,706.0,7562.0
05/01/2005,08.00.00,37.0,1489.0,164.0,1193.0,670.0,497.0,148.0,1475.0,1776.0,86.0,690.0,7732.0
05/01/2005,09.00.00,48.0,1596.0,216.0,1341.0,830.0,436.0,162.0,1672.0,1991.0,91.0,675.0,7831.0
05/01/2005,10.00.00,48.0,1585.0,193.0,1277.0,845.0,456.0,173.0,1567.0,1944.0,98.0,658.0,7967.0
05/01/2005,11.00.00,52.0,1674.0,229.0,1376.0,992.0,438.0,198.0,1643.0,2098.0,112.0,619.0,8226.0
05/01/2005,12.00.00,59.0,1741.0,253.0,1438.0,1130.0,416.0,219.0,1741.0,2159.0,128.0,601.0,8820.0
05/01/2005,13.00.00,59.0,1680.0,252.0,1434.0,977.0,417.0,206.0,1790.0,2005.0,134.0,624.0,9513.0
05/01/2005,14.00.00,31.0,1295.0,132.0,1090.0,459.0,553.0,155.0,1479.0,1441.0,143.0,612.0,9941.0
05/01/2005,15.00.00,26.0,1288.0,139.0,1112.0,346.0,560.0,150.0,1492.0,1380.0,146.0,596.0,9824.0
05/01/2005,16.00.00,28.0,1281.0,138.0,1111.0,383.0,553.0,148.0,1483.0,1409.0,142.0,600.0,9684.0
05/01/2005,17.00.00,28.0,1310.0,135.0,1099.0,414.0,559.0,158.0,1481.0,1445.0,138.0,626.0,9862.0
05/01/2005,18.00.00,28.0,1276.0,135.0,1099.0,370.0,559.0,152.0,1504.0,1388.0,136.0,640.0,9891.0
05/01/2005,19.00.00,31.0,1312.0,150.0,1148.0,400.0,532.0,148.0,1525.0,1411.0,134.0,645.0,9865.0
05/01/2005,20.00.00,33.0,1332.0,149.0,1146.0,378.0,539.0,147.0,1523.0,1377.0,135.0,647.0,9971.0
05/01/2005,21.00.00,27.0,1248.0,119.0,1046.0,357.0,588.0,144.0,1404.0,1316.0,134.0,653.0,9967.0
05/01/2005,22.00.00,23.0,1182.0,92.0,947.0,333.0,643.0,144.0,1334.0,1210.0,132.0,645.0,9732.0
05/01/2005,23.00.00,16.0,1059.0,60.0,810.0,227.0,764.0,126.0,1200.0,1002.0,132.0,623.0,9392.0
06/01/2005,00.00.00,16.0,1056.0,56.0,795.0,203.0,783.0,115.0,1187.0,896.0,125.0,637.0,9196.0
06/01/2005,01.00.00,17.0,1064.0,54.0,785.0,210.0,769.0,116.0,1184.0,946.0,123.0,646.0,9229.0
06/01/2005,02.00.00,16.0,1059.0,54.0,783.0,198.0,781.0,112.0,1188.0,877.0,125.0,638.0,9244.0
06/01/2005,03.00.00,14.0,991.0,35.0,681.0,143.5,874.0,89.5,1125.0,718.0,126.0,627.0,9121.0
06/01/2005,04.00.00,11.5,950.0,25.0,622.0,89.0,960.0,67.0,1093.0,643.0,120.0,646.0,9060.0
06/01/2005,05.00.00,9.0,1005.0,34.0,679.0,89.0,875.0,67.0,1120.0,745.0,107.0,695.0,8919.0
06/01/2005,06.00.00,8.0,939.0,18.0,568.0,101.0,1037.0,72.0,1054.0,656.0,124.0,626.0,8994.0
06/01/2005,07.00.00,7.0,961.0,26.0,629.0,104.0,1011.0,69.0,1114.0,682.0,123.0,627.0,8947.0
06/01/2005,08.00.00,11.0,1017.0,40.0,712.0,192.0,827.0,107.0,1147.0,829.0,114.0,666.0,8948.0
06/01/2005,09.00.00,15.0,1108.0,62.0,823.0,237.0,720.0,117.0,1247.0,961.0,111.0,702.0,9276.0
06/01/2005,10.00.00,15.0,1122.0,58.0,803.0,211.0,733.0,115.0,1225.0,960.0,134.0,610.0,9348.0
06/01/2005,11.00.00,16.0,1099.0,63.0,826.0,230.0,739.0,120.0,1223.0,940.0,159.0,522.0,9377.0
06/01/2005,12.00.00,16.0,1124.0,59.0,805.0,240.0,726.0,128.0,1233.0,938.0,156.0,540.0,9515.0
06/01/2005,13.00.00,20.0,1186.0,85.0,921.0,295.0,660.0,138.0,1310.0,1040.0,163.0,515.0,9462.0
06/01/2005,14.00.00,17.0,1096.0,62.0,819.0,243.0,733.0,127.0,1238.0,904.0,165.0,508.0,9442.0
06/01/2005,15.00.00,15.0,1120.0,64.0,829.0,196.0,725.0,111.0,1259.0,910.0,163.0,519.0,9535.0
06/01/2005,16.00.00,20.0,1185.0,79.0,893.0,237.0,666.0,122.0,1312.0,1011.0,162.0,530.0,9687.0
06/01/2005,17.00.00,19.0,1173.0,77.0,885.0,274.0,685.0,134.0,1288.0,1038.0,156.0,548.0,9660.0
06/01/2005,18.00.00,21.0,1221.0,89.0,935.0,352.0,642.0,153.0,1323.0,1144.0,145.0,575.0,9440.0
06/01/2005,19.00.00,28.0,1330.0,124.0,1063.0,488.0,578.0,169.0,1419.0,1352.0,140.0,601.0,9566.0
06/01/2005,20.00.00,27.0,1325.0,113.0,1027.0,426.0,591.0,162.0,1394.0,1365.0,135.0,630.0,9686.0
06/01/2005,21.00.00,24.0,1195.0,84.0,915.0,376.0,666.0,152.0,1295.0,1245.0,126.0,654.0,9529.0
06/01/2005,22.00.00,16.0,1150.0,73.0,869.0,237.0,694.0,127.0,1252.0,1203.0,120.0,675.0,9413.0
06/01/2005,23.00.00,17.0,1145.0,59.0,806.0,199.0,736.0,112.0,1207.0,1120.0,105.0,720.0,9120.0
07/01/2005,00.00.00,13.0,1041.0,43.0,729.0,164.0,819.0,98.0,1130.0,972.0,100.0,709.0,8706.0
07/01/2005,01.00.00,14.0,1032.0,36.0,687.0,142.0,867.0,89.0,1109.0,878.0,98.0,707.0,8571.0
07/01/2005,02.00.00,12.0,1010.0,31.0,661.0,142.0,881.0,82.0,1100.0,853.0,80.0,750.0,8098.0
07/01/2005,03.00.00,10.0,951.0,25.0,620.0,134.5,938.0,79.5,1077.0,779.0,79.0,751.0,8050.0
07/01/2005,04.00.00,10.0,944.0,25.0,617.0,127.0,944.0,77.0,1039.0,766.0,70.0,773.0,7782.0
07/01/2005,05.00.00,6.0,862.0,14.0,540.0,73.0,1110.0,55.0,999.0,670.0,72.0,744.0,7581.0
07/01/2005,06.00.00,7.0,909.0,18.0,567.0,100.0,1049.0,63.0,993.0,694.0,67.0,750.0,7418.0
07/01/2005,07.00.00,10.0,965.0,31.0,659.0,126.0,973.0,69.0,1059.0,739.0,64.0,763.0,7389.0
07/01/2005,08.00.00,17.0,1102.0,76.0,884.0,284.0,719.0,99.0,1218.0,940.0,60.0,785.0,7377.0
07/01/2005,09.00.00,30.0,1226.0,153.0,1157.0,419.0,552.0,125.0,1464.0,1201.0,63.0,774.0,7452.0
07/01/2005,10.00.00,24.0,1132.0,93.0,950.0,432.0,659.0,123.0,1253.0,1106.0,77.0,738.0,7769.0
07/01/2005,11.00.00,22.0,1183.0,110.0,1013.0,310.0,632.0,128.0,1306.0,1186.0,102.0,615.0,7638.0
07/01/2005,12.00.00,26.0,1211.0,106.0,998.0,446.0,605.0,149.0,1298.0,1302.0,113.0,581.0,7743.0
07/01/2005,13.00.00,25.0,1253.0,114.0,1030.0,464.0,590.0,137.0,1351.0,1368.0,106.0,623.0,7981.0
07/01/2005,14.00.00,30.0,1311.0,131.0,1088.0,505.0,563.0,147.0,1402.0,1452.0,111.0,620.0,8199.0
07/01/2005,15.00.00,33.0,1341.0,148.0,1142.0,564.0,536.0,168.0,1454.0,1537.0,126.0,577.0,8387.0
07/01/2005,16.00.00,38.0,1432.0,165.0,1195.0,625.0,509.0,180.0,1513.0,1651.0,133.0,562.0,8548.0
07/01/2005,17.00.00,36.0,1404.0,165.0,1195.0,590.0,499.0,170.0,1501.0,1623.0,112.0,653.0,8639.0
07/01/2005,18.00.00,50.0,1493.0,215.0,1337.0,712.0,466.0,180.0,1638.0,1742.0,88.0,746.0,8434.0
07/01/2005,19.00.00,57.0,1478.0,222.0,1357.0,723.0,473.0,178.0,1652.0,1639.0,72.0,785.0,8030.0
07/01/2005,20.00.00,50.0,1411.0,205.0,1311.0,707.0,487.0,159.0,1589.0,1537.0,65.0,800.0,7789.0
07/01/2005,21.00.00,48.0,1387.0,177.0,1231.0,737.0,523.0,156.0,1487.0,1463.0,58.0,838.0,7768.0
07/01/2005,22.00.00,39.0,1306.0,154.0,1161.0,646.0,557.0,146.0,1407.0,1379.0,55.0,835.0,7619.0
07/01/2005,23.00.00,33.0,1232.0,116.0,1035.0,536.0,623.0,132.0,1296.0,1256.0,58.0,813.0,7568.0
08/01/2005,00.00.00,34.0,1277.0,130.0,1085.0,567.0,589.0,137.0,1329.0,1344.0,54.0,826.0,7495.0
08/01/2005,01.00.00,24.0,1063.0,67.0,843.0,357.0,762.0,114.0,1125.0,1089.0,64.0,763.0,7369.0
08/01/2005,02.00.00,14.0,991.0,46.0,744.0,187.0,863.0,95.0,1069.0,949.0,70.0,736.0,7417.0
08/01/2005,03.00.00,14.0,989.0,38.0,701.0,178.0,871.0,91.5,1049.0,933.0,72.0,723.0,7392.0
08/01/2005,04.00.00,12.0,972.0,34.0,674.0,169.0,926.0,88.0,1032.0,882.0,79.0,693.0,7413.0
08/01/2005,05.00.00,12.0,973.0,34.0,675.0,184.0,903.0,94.0,1029.0,905.0,74.0,717.0,7434.0
08/01/2005,06.00.00,12.0,985.0,36.0,691.0,205.0,878.0,97.0,1056.0,902.0,77.0,719.0,7575.0
08/01/2005,07.00.00,13.0,1020.0,45.0,736.0,213.0,854.0,93.0,1069.0,923.0,81.0,680.0,7396.0
08/01/2005,08.00.00,23.0,1192.0,100.0,978.0,415.0,638.0,113.0,1273.0,1210.0,67.0,771.0,7597.0
08/01/2005,09.00.00,34.0,1325.0,147.0,1140.0,583.0,542.0,126.0,1403.0,1468.0,68.0,779.0,7756.0
08/01/2005,10.00.00,30.0,1219.0,113.0,1026.0,462.0,604.0,133.0,1311.0,1329.0,89.0,667.0,7634.0
08/01/2005,11.00.00,25.0,1195.0,104.0,992.0,387.0,632.0,141.0,1251.0,1295.0,116.0,541.0,7387.0
08/01/2005,12.00.00,27.0,1230.0,112.0,1020.0,414.0,605.0,139.0,1301.0,1365.0,135.0,494.0,7598.0
08/01/2005,13.00.00,28.0,1312.0,131.0,1087.0,440.0,567.0,147.0,1393.0,1452.0,138.0,509.0,7960.0
08/01/2005,14.00.00,36.0,1387.0,143.0,1127.0,516.0,530.0,175.0,1430.0,1615.0,134.0,559.0,8588.0
08/01/2005,15.00.00,31.0,1375.0,128.0,1076.0,495.0,555.0,180.0,1377.0,1599.0,129.0,590.0,8736.0
08/01/2005,16.00.00,43.0,1532.0,189.0,1265.0,643.0,482.0,194.0,1578.0,1777.0,133.0,590.0,8945.0
08/01/2005,17.00.00,46.0,1531.0,179.0,1235.0,725.0,484.0,192.0,1541.0,1742.0,130.0,619.0,9224.0
08/01/2005,18.00.00,43.0,1479.0,165.0,1196.0,683.0,498.0,188.0,1511.0,1739.0,125.0,636.0,9193.0
08/01/2005,19.00.00,43.0,1521.0,169.0,1208.0,681.0,497.0,179.0,1549.0,1770.0,122.0,658.0,9310.0
08/01/2005,20.00.00,55.0,1616.0,224.0,1363.0,833.0,442.0,196.0,1701.0,1918.0,126.0,652.0,9474.0
08/01/2005,21.00.00,34.0,1371.0,136.0,1105.0,514.0,553.0,169.0,1429.0,1581.0,133.0,636.0,9681.0
08/01/2005,22.00.00,24.0,1198.0,91.0,943.0,371.0,647.0,151.0,1307.0,1291.0,135.0,626.0,9644.0
08/01/2005,23.00.00,16.0,1102.0,60.0,813.0,213.0,764.0,123.0,1204.0,1000.0,141.0,596.0,9563.0
09/01/2005,00.00.00,17.0,1120.0,63.0,826.0,242.0,750.0,127.0,1222.0,974.0,140.0,614.0,9773.0
09/01/2005,01.00.00,16.0,1093.0,55.0,789.0,241.0,771.0,127.0,1206.0,949.0,135.0,634.0,9755.0
09/01/2005,02.00.00,13.0,1112.0,56.0,791.0,218.0,764.0,118.0,1216.0,934.0,132.0,642.0,9706.0
09/01/2005,03.00.00,8.0,986.0,34.0,674.0,144.0,883.0,86.5,1137.0,730.0,136.0,622.0,9643.0
09/01/2005,04.00.00,7.0,934.0,23.0,609.0,70.0,976.0,55.0,1094.0,581.0,137.0,611.0,9537.0
09/01/2005,05.00.00,6.0,919.0,18.0,571.0,54.0,1017.0,44.0,1082.0,521.0,135.0,638.0,9801.0
09/01/2005,06.00.00,6.0,929.0,16.0,556.0,60.0,1035.0,46.0,1094.0,575.0,125.0,673.0,9743.0
09/01/2005,07.00.00,5.0,919.0,16.0,552.0,55.0,1063.0,46.0,1080.0,522.0,132.0,642.0,9664.0
09/01/2005,08.00.00,6.0,944.0,20.0,586.0,93.0,977.0,61.0,1090.0,586.0,131.0,634.0,9535.0
09/01/2005,09.00.00,7.0,943.0,19.0,580.0,81.0,980.0,60.0,1074.0,566.0,138.0,605.0,9526.0
09/01/2005,10.00.00,9.0,1036.0,35.0,683.0,109.0,846.0,71.0,1144.0,693.0,137.0,604.0,9390.0
09/01/2005,11.00.00,15.0,1168.0,57.0,797.0,251.0,698.0,111.0,1235.0,1022.0,140.0,597.0,9495.0
09/01/2005,12.00.00,19.0,1232.0,81.0,903.0,284.0,626.0,127.0,1313.0,1152.0,150.0,562.0,9539.0
09/01/2005,13.00.00,19.0,1236.0,81.0,901.0,262.0,628.0,128.0,1311.0,1108.0,169.0,509.0,9714.0
09/01/2005,14.00.00,22.0,1278.0,126.0,1070.0,256.0,557.0,142.0,1479.0,1110.0,166.0,524.0,9810.0
09/01/2005,15.00.00,38.0,1369.0,181.0,1242.0,310.0,476.0,145.0,1669.0,1306.0,164.0,532.0,9826.0
09/01/2005,16.00.00,20.0,1182.0,87.0,929.0,269.0,648.0,145.0,1324.0,1029.0,161.0,528.0,9579.0
09/01/2005,17.00.00,22.0,1210.0,88.0,933.0,348.0,648.0,156.0,1327.0,1094.0,157.0,544.0,9616.0
09/01/2005,18.00.00,33.0,1316.0,141.0,1121.0,396.0,548.0,154.0,1488.0,1282.0,154.0,553.0,9616.0
09/01/2005,19.00.00,27.0,1221.0,93.0,952.0,432.0,641.0,165.0,1334.0,1147.0,152.0,547.0,9362.0
09/01/2005,20.00.00,26.0,1260.0,116.0,1034.0,419.0,588.0,153.0,1402.0,1208.0,147.0,566.0,9392.0
09/01/2005,21.00.00,25.0,1231.0,96.0,962.0,412.0,625.0,151.0,1348.0,1192.0,144.0,582.0,9495.0
09/01/2005,22.00.00,15.0,1115.0,58.0,804.0,223.0,734.0,131.0,1220.0,1136.0,143.0,592.0,9608.0
09/01/2005,23.00.00,19.0,1180.0,75.0,877.0,242.0,680.0,128.0,1297.0,1131.0,140.0,604.0,9622.0
10/01/2005,00.00.00,20.0,1174.0,74.0,873.0,288.0,672.0,137.0,1300.0,1071.0,137.0,636.0,9912.0
10/01/2005,01.00.00,17.0,1178.0,74.0,876.0,209.0,666.0,119.0,1319.0,1059.0,131.0,687.0,10329.0
10/01/2005,02.00.00,12.0,1052.0,39.0,704.0,141.0,807.0,96.0,1210.0,909.0,132.0,699.0,10526.0
10/01/2005,03.00.00,9.0,998.0,21.0,591.0,103.5,937.0,78.0,1147.0,820.0,128.0,712.0,10454.0
10/01/2005,04.00.00,6.0,960.0,13.0,532.0,66.0,1059.0,60.0,1122.0,724.0,129.0,704.0,10444.0
10/01/2005,05.00.00,5.333333333333333,958.0,18.0,571.0,64.0,998.0,54.0,1138.0,707.0,124.0,725.0,10411.0
10/01/2005,06.00.00,4.666666666666667,989.0,30.0,650.0,105.0,900.0,66.0,1171.0,768.0,130.0,703.0,10502.0
10/01/2005,07.00.00,4.0,1162.0,67.0,843.0,303.0,685.0,104.0,1336.0,1027.0,123.0,733.0,10448.0
10/01/2005,08.00.00,26.0,1523.0,210.0,1324.0,620.0,451.0,137.0,1776.0,1502.0,128.0,718.0,10551.0
10/01/2005,09.00.00,35.0,1511.0,214.0,1334.0,590.0,433.0,146.0,1804.0,1606.0,131.0,702.0,10567.0
10/01/2005,10.00.00,21.0,1420.0,161.0,1183.0,592.0,488.0,136.0,1626.0,1520.0,128.0,718.0,10551.0
10/01/2005,11.00.00,21.0,1413.0,164.0,1193.0,698.0,484.0,144.0,1598.0,1566.0,131.0,703.0,10566.0
10/01/2005,12.00.00,17.0,1335.0,148.0,1141.0,482.0,512.0,133.0,1536.0,1501.0,137.0,670.0,10446.0
10/01/2005,13.00.00,26.0,1451.0,201.0,1298.0,575.0,452.0,148.0,1744.0,1634.0,140.0,654.0,10427.0
10/01/2005,14.00.00,26.0,1410.0,193.0,1276.0,548.0,459.0,155.0,1701.0,1587.0,144.0,638.0,10421.0
10/01/2005,15.00.00,24.0,1429.0,193.0,1277.0,498.0,456.0,152.0,1721.0,1560.0,141.0,659.0,10531.0
10/01/2005,16.00.00,24.0,1409.0,174.0,1223.0,479.0,475.0,145.0,1640.0,1538.0,141.0,659.0,10552.0
10/01/2005,17.00.00,20.0,1372.0,170.0,1210.0,420.0,484.0,139.0,1629.0,1491.0,141.0,660.0,10539.0
10/01/2005,18.00.00,20.0,1366.0,171.0,1213.0,378.0,489.0,134.0,1611.0,1469.0,140.0,664.0,10536.0
10/01/2005,19.00.00,31.0,1365.0,164.0,1192.0,340.0,492.0,128.0,1593.0,1486.0,138.0,664.0,10451.0
10/01/2005,20.00.00,33.0,1385.0,173.0,1218.0,399.0,478.0,135.0,1620.0,1494.0,134.0,681.0,10441.0
10/01/2005,21.00.00,33.0,1361.0,146.0,1137.0,449.0,503.0,136.0,1526.0,1471.0,132.0,691.0,10452.0
10/01/2005,22.00.00,26.0,1312.0,119.0,1047.0,374.0,545.0,126.0,1430.0,1399.0,130.0,700.0,10420.0
10/01/2005,23.00.00,17.0,1177.0,73.0,871.0,244.0,660.0,116.0,1292.0,1192.0,127.0,699.0,10223.0
11/01/2005,00.00.00,18.0,1205.0,77.0,888.0,256.0,647.0,116.0,1292.0,1187.0,120.0,719.0,10071.0
11/01/2005,01.00.00,15.0,1114.0,49.0,757.0,212.0,744.0,107.0,1204.0,1070.0,132.0,668.0,10087.0
11/01/2005,02.00.00,11.0,1047.0,39.0,708.0,146.0,816.0,91.0,1167.0,949.0,124.0,695.0,9986.0
11/01/2005,03.00.00,9.0,982.0,21.0,592.0,121.0,953.0,80.5,1106.0,830.0,131.0,657.0,9858.0
11/01/2005,04.00.00,7.0,992.0,29.0,644.0,96.0,899.0,70.0,1128.0,854.0,118.0,706.0,9731.0
11/01/2005,05.00.00,7.0,977.0,26.0,629.0,106.0,908.0,78.0,1129.0,835.0,123.0,680.0,9734.0
11/01/2005,06.00.00,9.0,1047.0,33.0,671.0,115.0,863.0,75.0,1147.0,887.0,120.0,692.0,9697.0
11/01/2005,07.00.00,13.0,1126.0,52.0,775.0,236.0,760.0,101.0,1205.0,1019.0,117.0,698.0,9612.0
11/01/2005,08.00.00,32.0,1474.0,190.0,1268.0,583.0,502.0,136.0,1677.0,1503.0,121.0,676.0,9500.0
11/01/2005,09.00.00,51.0,1526.0,265.0,1466.0,662.0,415.0,147.0,1855.0,1687.0,125.0,651.0,9399.0
11/01/2005,10.00.00,37.0,1386.0,153.0,1158.0,528.0,518.0,143.0,1485.0,1553.0,128.0,625.0,9213.0
11/01/2005,11.00.00,32.0,1392.0,156.0,1166.0,549.0,519.0,153.0,1488.0,1624.0,134.0,599.0,9143.0
11/01/2005,12.00.00,31.0,1363.0,164.0,1192.0,531.0,499.0,148.0,1501.0,1637.0,134.0,579.0,8895.0
11/01/2005,13.00.00,30.0,1331.0,161.0,1184.0,493.0,507.0,149.0,1508.0,1533.0,136.0,564.0,8754.0
11/01/2005,14.00.00,36.0,1401.0,188.0,1261.0,527.0,479.0,141.0,1580.0,1577.0,138.0,563.0,8841.0
11/01/2005,15.00.00,32.0,1374.0,180.0,1239.0,487.0,483.0,147.0,1569.0,1532.0,137.0,579.0,9063.0
11/01/2005,16.00.00,39.0,1436.0,201.0,1299.0,581.0,451.0,159.0,1616.0,1621.0,136.0,589.0,9139.0
11/01/2005,17.00.00,34.0,1386.0,176.0,1228.0,531.0,479.0,152.0,1546.0,1578.0,134.0,597.0,9142.0
11/01/2005,18.00.00,39.0,1419.0,193.0,1277.0,495.0,459.0,144.0,1603.0,1631.0,133.0,612.0,9330.0
11/01/2005,19.00.00,36.0,1428.0,197.0,1288.0,487.0,465.0,146.0,1580.0,1629.0,132.0,618.0,9313.0
11/01/2005,20.00.00,47.0,1508.0,245.0,1416.0,596.0,418.0,162.0,1773.0,1733.0,129.0,615.0,9139.0
11/01/2005,21.00.00,41.0,1438.0,184.0,1251.0,595.0,470.0,156.0,1593.0,1622.0,126.0,639.0,9307.0
11/01/2005,22.00.00,34.0,1415.0,166.0,1197.0,559.0,486.0,146.0,1539.0,1597.0,120.0,674.0,9417.0
11/01/2005,23.00.00,35.0,1433.0,162.0,1186.0,586.0,479.0,151.0,1497.0,1738.0,119.0,690.0,9568.0
12/01/2005,00.00.00,12.0,1208.0,96.0,964.0,399.0,602.0,127.0,1305.0,1350.0,120.0,666.0,9293.0
12/01/2005,01.00.00,24.0,1280.0,114.0,1029.0,399.0,564.0,123.0,1366.0,1363.0,114.0,696.0,9373.0
12/01/2005,02.00.00,21.0,1174.0,91.0,942.0,381.0,626.0,122.0,1296.0,1262.0,112.0,703.0,9323.0
12/01/2005,03.00.00,11.0,1022.0,43.0,729.0,271.5,803.0,103.5,1139.0,1034.0,115.0,682.0,9271.0
12/01/2005,04.00.00,10.5,1002.0,42.0,722.0,162.0,807.0,85.0,1161.0,998.0,107.0,713.0,9161.0
12/01/2005,05.00.00,10.0,1018.0,47.0,746.0,183.0,800.0,83.0,1171.0,958.0,100.0,748.0,9161.0
12/01/2005,06.00.00,14.0,1095.0,73.0,868.0,357.0,676.0,98.0,1241.0,1078.0,92.0,785.0,9143.0
12/01/2005,07.00.00,18.0,1182.0,93.0,951.0,479.0,634.0,109.0,1327.0,1143.0,88.0,794.0,9033.0
12/01/2005,08.00.00,38.0,1478.0,178.0,1234.0,852.0,470.0,138.0,1606.0,1551.0,87.0,794.0,8944.0
12/01/2005,09.00.00,41.0,1515.0,201.0,1298.0,822.0,434.0,138.0,1706.0,1669.0,89.0,765.0,8767.0
12/01/2005,10.00.00,44.0,1488.0,196.0,1286.0,910.0,452.0,170.0,1648.0,1766.0,99.0,733.0,8936.0
12/01/2005,11.00.00,35.0,1383.0,165.0,1196.0,800.0,497.0,191.0,1514.0,1717.0,118.0,655.0,9010.0
12/01/2005,12.00.00,35.0,1383.0,173.0,1218.0,758.0,497.0,196.0,1506.0,1738.0,130.0,609.0,9061.0
12/01/2005,13.00.00,38.0,1337.0,177.0,1231.0,647.0,505.0,185.0,1518.0,1611.0,147.0,523.0,8687.0
12/01/2005,14.00.00,31.0,1243.0,152.0,1155.0,431.0,546.0,156.0,1473.0,1398.0,151.0,496.0,8428.0
12/01/2005,15.00.00,34.0,1304.0,182.0,1244.0,491.0,507.0,173.0,1558.0,1497.0,157.0,488.0,8657.0
12/01/2005,16.00.00,33.0,1284.0,172.0,1216.0,476.0,522.0,166.0,1545.0,1415.0,158.0,489.0,8707.0
12/01/2005,17.00.00,34.0,1303.0,176.0,1226.0,538.0,521.0,173.0,1554.0,1457.0,146.0,540.0,8946.0
12/01/2005,18.00.00,47.0,1461.0,254.0,1440.0,621.0,440.0,177.0,1806.0,1669.0,143.0,563.0,9119.0
12/01/2005,19.00.00,57.0,1517.0,284.0,1512.0,728.0,421.0,182.0,1902.0,1740.0,141.0,578.0,9262.0
12/01/2005,20.00.00,56.0,1526.0,275.0,1492.0,716.0,428.0,166.0,1883.0,1770.0,131.0,629.0,9430.0
12/01/2005,21.00.00,59.0,1495.0,233.0,1386.0,782.0,457.0,177.0,1736.0,1734.0,120.0,675.0,9467.0
12/01/2005,22.00.00,36.0,1333.0,152.0,1154.0,550.0,534.0,158.0,1441.0,1647.0,107.0,709.0,9113.0
12/01/2005,23.00.00,25.0,1216.0,111.0,1020.0,377.0,605.0,133.0,1337.0,1379.0,100.0,732.0,8988.0
13/01/2005,00.00.00,29.0,1232.0,115.0,1032.0,391.0,599.0,123.0,1347.0,1331.0,94.0,750.0,8874.0
13/01/2005,01.00.00,25.0,1181.0,102.0,985.0,433.0,629.0,120.0,1312.0,1240.0,85.0,769.0,8557.0
13/01/2005,02.00.00,17.0,1042.0,60.0,814.0,287.0,746.0,105.0,1167.0,1036.0,84.0,759.0,8407.0
13/01/2005,03.00.00,16.0,1027.0,63.0,824.0,239.5,753.0,95.5,1171.0,969.0,69.0,807.0,8054.0
13/01/2005,04.00.00,11.0,915.0,37.0,695.0,192.0,883.0,86.0,1094.0,826.0,62.0,821.0,7825.0
13/01/2005,05.00.00,9.0,891.0,32.0,666.0,161.0,931.0,77.0,1058.0,798.0,70.0,773.0,7759.0
13/01/2005,06.00.00,10.0,937.0,37.0,694.0,194.0,915.0,81.0,1054.0,817.0,65.0,797.0,7751.0
13/01/2005,07.00.00,16.0,1086.0,80.0,901.0,343.0,715.0,103.0,1216.0,1055.0,77.0,768.0,8112.0
13/01/2005,08.00.00,31.0,1326.0,163.0,1190.0,624.0,531.0,127.0,1509.0,1391.0,82.0,749.0,8184.0
13/01/2005,09.00.00,41.0,1469.0,240.0,1403.0,758.0,452.0,134.0,1780.0,1665.0,88.0,732.0,8298.0
13/01/2005,10.00.00,39.0,1321.0,157.0,1170.0,760.0,532.0,158.0,1488.0,1539.0,97.0,701.0,8432.0
13/01/2005,11.00.00,36.0,1396.0,165.0,1196.0,713.0,524.0,175.0,1492.0,1653.0,117.0,627.0,8586.0
13/01/2005,12.00.00,32.0,1270.0,128.0,1077.0,615.0,583.0,178.0,1353.0,1586.0,131.0,585.0,8770.0
13/01/2005,13.00.00,22.0,1189.0,113.0,1025.0,319.0,626.0,135.0,1316.0,1332.0,142.0,541.0,8707.0
13/01/2005,14.00.00,24.0,1227.0,129.0,1081.0,338.0,570.0,133.0,1396.0,1369.0,142.0,543.0,8757.0
13/01/2005,15.00.00,27.0,1266.0,141.0,1118.0,380.0,564.0,134.0,1410.0,1373.0,140.0,563.0,8940.0
13/01/2005,16.00.00,27.0,1277.0,158.0,1175.0,366.0,531.0,137.0,1480.0,1397.0,135.0,578.0,8933.0
13/01/2005,17.00.00,39.0,1438.0,199.0,1295.0,567.0,470.0,160.0,1620.0,1577.0,123.0,630.0,9015.0
13/01/2005,18.00.00,52.0,1523.0,266.0,1470.0,702.0,414.0,166.0,1811.0,1783.0,114.0,680.0,9166.0
13/01/2005,19.00.00,40.0,1384.0,198.0,1290.0,523.0,475.0,144.0,1571.0,1568.0,108.0,695.0,8995.0
13/01/2005,20.00.00,29.0,1283.0,133.0,1093.0,373.0,581.0,129.0,1354.0,1356.0,110.0,671.0,8766.0
13/01/2005,21.00.00,33.0,1304.0,130.0,1085.0,467.0,571.0,129.0,1385.0,1419.0,95.0,713.0,8458.0
13/01/2005,22.00.00,20.0,1126.0,75.0,880.0,260.0,690.0,107.0,1202.0,1177.0,88.0,710.0,8089.0
13/01/2005,23.00.00,18.0,1141.0,78.0,892.0,244.0,686.0,101.0,1213.0,1141.0,80.0,734.0,7899.0
14/01/2005,00.00.00,27.0,1183.0,88.0,930.0,317.0,669.0,112.0,1210.0,1179.0,76.0,730.0,7629.0
14/01/2005,01.00.00,18.0,1090.0,64.0,830.0,224.0,744.0,98.0,1125.0,1056.0,71.0,739.0,7515.0
14/01/2005,02.00.00,13.0,1032.0,45.0,736.0,176.0,809.0,90.0,1064.0,973.0,71.0,735.0,7439.0
14/01/2005,03.00.00,10.0,940.0,36.0,691.0,139.5,877.0,74.5,1036.0,827.0,67.0,750.0,7390.0
14/01/2005,04.00.00,11.0,981.0,42.0,721.0,103.0,866.0,59.0,1059.0,836.0,51.0,813.0,7204.0
14/01/2005,05.00.00,16.0,1104.0,69.0,851.0,367.0,687.0,98.0,1101.0,1085.0,43.0,829.0,6968.0
14/01/2005,06.00.00,13.0,989.0,50.0,762.0,326.0,793.0,109.0,1076.0,959.0,53.0,804.0,7234.0
14/01/2005,07.00.00,14.0,1079.0,73.0,869.0,374.0,732.0,110.0,1160.0,1039.0,57.0,793.0,7326.0
14/01/2005,08.00.00,50.0,1472.0,245.0,1418.0,756.0,459.0,159.0,1681.0,1554.0,68.0,748.0,7423.0
14/01/2005,09.00.00,43.0,1313.0,169.0,1206.0,690.0,513.0,144.0,1469.0,1546.0,69.0,752.0,7505.0
14/01/2005,10.00.00,41.0,1363.0,177.0,1229.0,754.0,515.0,147.0,1490.0,1638.0,80.0,719.0,7712.0
14/01/2005,11.00.00,38.0,1347.0,171.0,1212.0,750.0,527.0,179.0,1443.0,1568.0,93.0,671.0,7849.0
14/01/2005,12.00.00,31.0,1240.0,147.0,1140.0,590.0,567.0,164.0,1388.0,1433.0,102.0,636.0,7928.0
14/01/2005,13.00.00,33.0,1280.0,174.0,1222.0,525.0,526.0,160.0,1519.0,1452.0,110.0,609.0,7966.0
14/01/2005,14.00.00,31.0,1210.0,151.0,1151.0,406.0,569.0,143.0,1428.0,1345.0,113.0,601.0,8022.0
14/01/2005,15.00.00,27.0,1216.0,145.0,1134.0,360.0,566.0,138.0,1403.0,1336.0,122.0,569.0,8068.0
14/01/2005,16.00.00,34.0,1320.0,169.0,1207.0,448.0,535.0,143.0,1498.0,1442.0,119.0,591.0,8211.0
14/01/2005,17.00.00,50.0,1477.0,243.0,1412.0,733.0,450.0,196.0,1704.0,1748.0,103.0,663.0,8286.0
14/01/2005,18.00.00,57.0,1500.0,261.0,1458.0,847.0,428.0,197.0,1750.0,1776.0,82.0,749.0,8187.0
14/01/2005,19.00.00,58.0,1512.0,264.0,1463.0,765.0,435.0,189.0,1720.0,1802.0,79.0,771.0,8223.0
14/01/2005,20.00.00,58.0,1496.0,257.0,1447.0,715.0,435.0,188.0,1710.0,1796.0,83.0,750.0,8253.0
14/01/2005,21.00.00,50.0,1360.0,182.0,1246.0,716.0,513.0,190.0,1504.0,1600.0,82.0,752.0,8185.0
14/01/2005,22.00.00,17.0,1024.0,62.0,819.0,235.0,782.0,126.0,1101.0,1083.0,83.0,697.0,7632.0
14/01/2005,23.00.00,16.0,1094.0,67.0,845.0,198.0,780.0,113.0,1127.0,1064.0,67.0,744.0,7344.0
15/01/2005,00.00.00,23.0,1111.0,75.0,877.0,293.0,735.0,129.0,1142.0,1104.0,64.0,749.0,7238.0
15/01/2005,01.00.00,24.0,1097.0,75.0,878.0,356.0,737.0,128.0,1140.0,1053.0,49.0,801.0,7011.0
15/01/2005,02.00.00,20.0,1051.0,62.0,820.0,285.0,778.0,122.0,1087.0,1009.0,48.0,794.0,6872.0
15/01/2005,03.00.00,16.0,979.0,51.0,767.0,275.5,827.0,118.5,1041.0,908.0,33.0,826.0,6450.0
15/01/2005,04.00.00,13.5,978.0,48.0,756.0,266.0,834.0,115.0,1015.0,878.0,24.0,866.0,6369.0
15/01/2005,05.00.00,11.0,902.0,31.0,659.0,158.0,940.0,92.0,972.0,800.0,34.0,814.0,6425.0
15/01/2005,06.00.00,10.0,957.0,28.0,641.0,95.0,1013.0,70.0,940.0,784.0,42.0,770.0,6439.0
15/01/2005,07.00.00,13.0,973.0,43.0,728.0,148.0,902.0,83.0,1004.0,854.0,35.0,808.0,6406.0
15/01/2005,08.00.00,19.0,1074.0,97.0,967.0,337.0,703.0,127.0,1201.0,1065.0,35.0,803.0,6366.0
15/01/2005,09.00.00,26.0,1115.0,109.0,1012.0,453.0,650.0,142.0,1230.0,1161.0,40.0,785.0,6450.0
15/01/2005,10.00.00,27.0,1136.0,106.0,1001.0,497.0,653.0,155.0,1216.0,1192.0,45.0,766.0,6534.0
15/01/2005,11.00.00,24.0,1128.0,100.0,977.0,448.0,673.0,153.0,1199.0,1202.0,56.0,723.0,6627.0
15/01/2005,12.00.00,27.0,1196.0,116.0,1035.0,496.0,633.0,177.0,1259.0,1338.0,75.0,644.0,6720.0
15/01/2005,13.00.00,31.0,1267.0,156.0,1166.0,535.0,567.0,179.0,1382.0,1505.0,89.0,608.0,6921.0
15/01/2005,14.00.00,44.0,1355.0,181.0,1244.0,644.0,536.0,212.0,1454.0,1715.0,106.0,553.0,7058.0
15/01/2005,15.00.00,32.0,1194.0,123.0,1061.0,459.0,622.0,182.0,1257.0,1473.0,123.0,463.0,6597.0
15/01/2005,16.00.00,29.0,1188.0,114.0,1029.0,409.0,635.0,168.0,1243.0,1433.0,122.0,470.0,6686.0
15/01/2005,17.00.00,30.0,1279.0,152.0,1154.0,515.0,573.0,179.0,1391.0,1544.0,105.0,551.0,6993.0
15/01/2005,18.00.00,37.0,1361.0,174.0,1223.0,640.0,525.0,182.0,1454.0,1648.0,87.0,663.0,7491.0
15/01/2005,19.00.00,52.0,1474.0,208.0,1319.0,816.0,496.0,194.0,1524.0,1784.0,79.0,699.0,7487.0
15/01/2005,20.00.00,33.0,1235.0,128.0,1078.0,505.0,616.0,166.0,1265.0,1519.0,76.0,653.0,6842.0
15/01/2005,21.00.00,36.0,1289.0,147.0,1140.0,560.0,590.0,168.0,1317.0,1532.0,65.0,676.0,6608.0
15/01/2005,22.00.00,23.0,1124.0,83.0,910.0,389.0,717.0,148.0,1112.0,1340.0,59.0,664.0,6226.0
15/01/2005,23.00.00,30.0,1231.0,111.0,1017.0,492.0,655.0,151.0,1207.0,1414.0,52.0,700.0,6232.0
16/01/2005,00.00.00,38.0,1289.0,136.0,1104.0,531.0,623.0,165.0,1257.0,1499.0,52.0,678.0,6028.0
16/01/2005,01.00.00,32.0,1166.0,98.0,970.0,487.0,705.0,165.0,1136.0,1306.0,49.0,671.0,5863.0
16/01/2005,02.00.00,21.0,1062.0,76.0,884.0,293.0,748.0,128.0,1062.0,1172.0,51.0,655.0,5811.0
16/01/2005,03.00.00,17.0,1028.0,60.0,813.0,256.0,794.0,121.5,1019.0,1076.0,40.0,695.0,5706.0
16/01/2005,04.00.00,17.0,1003.0,59.0,807.0,219.0,819.0,115.0,1021.0,1005.0,37.0,689.0,5549.0
16/01/2005,05.00.00,14.0,929.0,42.0,721.0,198.0,923.0,120.0,956.0,913.0,45.0,627.0,5343.0
16/01/2005,06.00.00,12.0,951.0,45.0,737.0,166.0,910.0,106.0,977.0,922.0,47.0,623.0,5368.0
16/01/2005,07.00.00,14.0,1011.0,54.0,783.0,255.0,835.0,118.0,1013.0,1026.0,39.0,671.0,5483.0
16/01/2005,08.00.00,14.0,939.0,48.0,751.0,312.0,898.0,156.0,984.0,952.0,57.0,545.0,5034.0
16/01/2005,09.00.00,17.0,946.0,63.0,827.0,236.0,876.0,130.0,1037.0,915.0,61.0,503.0,4769.0
16/01/2005,10.00.00,10.0,841.0,26.0,625.0,172.0,1054.0,112.0,846.0,687.0,90.0,395.0,4554.0
16/01/2005,11.00.00,10.0,850.0,26.0,629.0,138.0,1076.0,96.0,847.0,597.0,107.0,344.0,4406.0
16/01/2005,12.00.00,8.0,831.0,22.0,602.0,121.0,1123.0,89.0,824.0,527.0,111.0,334.0,4401.0
16/01/2005,13.00.00,10.0,866.0,30.0,652.0,143.0,1060.0,98.0,857.0,573.0,119.0,308.0,4285.0
16/01/2005,14.00.00,8.0,819.0,19.0,576.0,114.0,1142.0,85.0,809.0,492.0,114.0,320.0,4310.0
16/01/2005,15.00.00,7.0,833.0,20.0,584.0,107.0,1144.0,80.0,821.0,463.0,113.0,325.0,4334.0
16/01/2005,16.00.00,11.0,877.0,28.0,642.0,176.0,1037.0,112.0,859.0,565.0,110.0,330.0,4331.0
16/01/2005,17.00.00,11.0,892.0,33.0,668.0,180.0,1017.0,121.0,872.0,632.0,103.0,350.0,4377.0
16/01/2005,18.00.00,12.0,899.0,34.0,674.0,212.0,1002.0,132.0,893.0,691.0,84.0,409.0,4542.0
16/01/2005,19.00.00,20.0,1008.0,71.0,861.0,331.0,839.0,160.0,977.0,943.0,83.0,385.0,4228.0
16/01/2005,20.00.00,22.0,1013.0,74.0,873.0,369.0,820.0,167.0,984.0,985.0,81.0,379.0,4100.0
16/01/2005,21.00.00,15.0,912.0,43.0,730.0,274.0,959.0,157.0,893.0,821.0,77.0,390.0,4106.0
16/01/2005,22.00.00,12.0,907.0,39.0,705.0,199.0,995.0,130.0,880.0,767.0,70.0,415.0,4193.0
16/01/2005,23.00.00,15.0,953.0,52.0,771.0,248.0,905.0,145.0,936.0,895.0,66.0,426.0,4179.0
17/01/2005,00.00.00,14.0,916.0,38.0,701.0,197.0,954.0,133.0,899.0,791.0,64.0,442.0,4280.0
17/01/2005,01.00.00,12.0,894.0,35.0,682.0,147.0,991.0,110.0,881.0,770.0,60.0,460.0,4349.0
17/01/2005,02.00.00,10.0,895.0,29.0,648.0,135.0,1001.0,100.0,875.0,839.0,44.0,531.0,4484.0
17/01/2005,03.00.00,6.0,845.0,14.0,534.0,115.0,1168.0,89.5,833.0,721.0,40.0,543.0,4454.0
17/01/2005,04.00.00,7.0,837.0,11.0,512.0,95.0,1228.0,79.0,836.0,720.0,37.0,558.0,4489.0
17/01/2005,05.00.00,5.0,795.0,10.0,504.0,94.0,1258.0,79.0,840.0,682.0,26.0,586.0,4385.0
17/01/2005,06.00.00,7.0,874.0,16.0,552.0,121.0,1162.0,90.0,857.0,723.0,32.0,560.0,4364.0
17/01/2005,07.00.00,10.0,920.0,32.0,667.0,131.0,1005.0,95.0,916.0,813.0,36.0,554.0,4419.0
17/01/2005,08.00.00,30.0,1257.0,159.0,1176.0,552.0,612.0,169.0,1357.0,1365.0,18.0,633.0,4464.0
17/01/2005,09.00.00,41.0,1222.0,180.0,1239.0,614.0,574.0,199.0,1346.0,1472.0,24.0,602.0,4426.0
17/01/2005,10.00.00,31.0,1196.0,147.0,1139.0,530.0,617.0,186.0,1271.0,1497.0,46.0,521.0,4472.0
17/01/2005,11.00.00,38.0,1214.0,151.0,1153.0,721.0,612.0,208.0,1244.0,1626.0,82.0,405.0,4414.0
17/01/2005,12.00.00,27.0,1149.0,134.0,1096.0,474.0,639.0,178.0,1219.0,1476.0,105.0,347.0,4393.0
17/01/2005,13.00.00,31.0,1166.0,145.0,1134.0,514.0,603.0,176.0,1227.0,1531.0,111.0,333.0,4384.0
17/01/2005,14.00.00,31.0,1170.0,147.0,1138.0,504.0,611.0,177.0,1233.0,1503.0,111.0,326.0,4292.0
17/01/2005,15.00.00,32.0,1176.0,170.0,1209.0,508.0,588.0,182.0,1264.0,1488.0,124.0,283.0,4076.0
17/01/2005,16.00.00,33.0,1147.0,153.0,1158.0,529.0,615.0,182.0,1200.0,1435.0,129.0,245.0,3630.0
17/01/2005,17.00.00,40.0,1294.0,212.0,1330.0,676.0,535.0,193.0,1363.0,1725.0,114.0,287.0,3865.0
17/01/2005,18.00.00,86.0,1683.0,430.0,1831.0,1216.0,374.0,272.0,1964.0,2331.0,92.0,393.0,4573.0
17/01/2005,19.00.00,87.0,1615.0,372.0,1712.0,1230.0,384.0,225.0,1811.0,2312.0,78.0,481.0,5115.0
17/01/2005,20.00.00,36.0,1256.0,167.0,1201.0,582.0,563.0,181.0,1251.0,1699.0,72.0,506.0,5170.0
17/01/2005,21.00.00,30.0,1205.0,134.0,1098.0,460.0,610.0,172.0,1170.0,1587.0,60.0,533.0,5008.0
17/01/2005,22.00.00,19.0,1087.0,87.0,926.0,340.0,715.0,153.0,1053.0,1390.0,53.0,550.0,4921.0
17/01/2005,23.00.00,19.0,1092.0,74.0,875.0,298.0,751.0,143.0,1010.0,1347.0,42.0,581.0,4832.0
18/01/2005,00.00.00,16.0,1039.0,67.0,845.0,300.0,775.0,142.0,993.0,1268.0,34.0,609.0,4809.0
18/01/2005,01.00.00,14.0,1001.0,50.0,762.0,223.0,850.0,131.0,948.0,1155.0,30.0,602.0,4639.0
18/01/2005,02.00.00,10.0,925.0,34.0,677.0,151.0,958.0,105.0,901.0,1024.0,32.0,588.0,4578.0
18/01/2005,03.00.00,7.0,880.0,24.0,613.0,129.5,1016.0,94.0,878.0,968.0,33.0,577.0,4516.0
18/01/2005,04.00.00,7.5,873.0,21.0,592.0,108.0,1076.0,83.0,869.0,915.0,45.0,538.0,4572.0
18/01/2005,05.00.00,8.0,880.0,25.0,618.0,125.0,1023.0,87.0,893.0,928.0,31.0,597.0,4604.0
18/01/2005,06.00.00,9.0,950.0,35.0,680.0,181.0,936.0,106.0,914.0,1028.0,42.0,571.0,4743.0
18/01/2005,07.00.00,15.0,1039.0,69.0,855.0,341.0,783.0,140.0,1025.0,1210.0,34.0,585.0,4608.0
18/01/2005,08.00.00,31.0,1284.0,168.0,1204.0,552.0,599.0,167.0,1337.0,1531.0,39.0,573.0,4661.0
18/01/2005,09.00.00,51.0,1350.0,203.0,1305.0,839.0,509.0,175.0,1383.0,1745.0,43.0,568.0,4768.0
18/01/2005,10.00.00,58.0,1476.0,250.0,1428.0,1049.0,477.0,235.0,1536.0,1974.0,56.0,529.0,4841.0
18/01/2005,11.00.00,38.0,1342.0,172.0,1215.0,796.0,542.0,196.0,1332.0,1806.0,55.0,549.0,4985.0
18/01/2005,12.00.00,44.0,1488.0,214.0,1336.0,999.0,479.0,211.0,1483.0,1985.0,51.0,643.0,5697.0
18/01/2005,13.00.00,49.0,1557.0,251.0,1432.0,1022.0,445.0,234.0,1605.0,2068.0,55.0,661.0,6010.0
18/01/2005,14.00.00,52.0,1610.0,280.0,1502.0,1023.0,420.0,240.0,1697.0,2087.0,55.0,693.0,6331.0
18/01/2005,15.00.00,46.0,1583.0,261.0,1457.0,1065.0,431.0,243.0,1640.0,1994.0,50.0,755.0,6667.0
18/01/2005,16.00.00,48.0,1620.0,247.0,1420.0,1098.0,436.0,224.0,1598.0,1971.0,52.0,762.0,6796.0
18/01/2005,17.00.00,49.0,1605.0,245.0,1416.0,1099.0,436.0,240.0,1614.0,1941.0,53.0,774.0,6954.0
18/01/2005,18.00.00,49.0,1604.0,277.0,1496.0,939.0,410.0,215.0,1733.0,1969.0,50.0,796.0,7022.0
18/01/2005,19.00.00,55.0,1582.0,260.0,1455.0,875.0,423.0,216.0,1725.0,1813.0,51.0,830.0,7352.0
18/01/2005,20.00.00,42.0,1523.0,217.0,1342.0,745.0,466.0,184.0,1588.0,1677.0,64.0,829.0,8022.0
18/01/2005,21.00.00,15.0,1172.0,60.0,813.0,339.0,774.0,152.0,1233.0,1118.0,103.0,740.0,9237.0
18/01/2005,22.00.00,1.0,1021.0,33.0,670.0,135.0,932.0,104.0,1187.0,828.0,113.0,718.0,9577.0
18/01/2005,23.00.00,2.0,1125.0,49.0,758.0,167.0,820.0,104.0,1241.0,867.0,98.0,819.0,9923.0
19/01/2005,00.00.00,9.0,1197.0,66.0,840.0,232.0,712.0,124.0,1298.0,974.0,95.0,838.0,9972.0
19/01/2005,01.00.00,10.0,1174.0,67.0,842.0,273.0,723.0,127.0,1286.0,975.0,99.0,810.0,9885.0
19/01/2005,02.00.00,4.0,1106.0,44.0,733.0,165.0,822.0,109.0,1208.0,902.0,99.0,798.0,9725.0
19/01/2005,03.00.00,3.4,873.0,15.0,549.0,120.0,1106.0,91.0,1008.0,791.0,69.0,764.0,7661.0
19/01/2005,04.00.00,2.8,828.0,11.0,506.0,75.0,1222.0,73.0,945.0,673.0,48.0,757.0,6590.0
19/01/2005,05.00.00,2.2,830.0,9.0,492.0,53.0,1263.0,52.0,948.0,578.0,47.0,789.0,6820.0
19/01/2005,06.00.00,1.6,840.0,12.0,515.0,72.0,1235.0,57.0,941.0,563.0,50.0,750.0,6627.0
19/01/2005,07.00.00,1.0,909.0,25.0,622.0,130.0,1046.0,89.0,992.0,730.0,56.0,695.0,6362.0
19/01/2005,08.00.00,7.0,1098.0,76.0,881.0,265.0,760.0,128.0,1203.0,974.0,70.0,649.0,6512.0
19/01/2005,09.00.00,12.0,1036.0,73.0,868.0,314.0,732.0,152.0,1158.0,958.0,71.0,654.0,6644.0
19/01/2005,10.00.00,2.0,912.0,37.0,692.0,194.0,923.0,128.0,1020.0,713.0,64.0,674.0,6537.0
19/01/2005,11.00.00,2.3333333333333335,873.0,25.0,618.0,180.0,1036.0,124.0,994.0,617.0,53.0,759.0,6824.0
19/01/2005,12.00.00,2.6666666666666665,889.0,27.0,634.0,181.0,1009.0,117.0,1018.0,591.0,63.0,730.0,7024.0
19/01/2005,13.00.00,3.0,965.0,46.0,742.0,193.0,889.0,110.0,1099.0,661.0,86.0,633.0,7073.0
19/01/2005,14.00.00,6.0,1009.0,67.0,845.0,263.0,771.0,128.0,1132.0,856.0,100.0,550.0,6753.0
19/01/2005,15.00.00,2.0,918.0,43.0,729.0,176.0,904.0,114.0,1014.0,639.0,94.0,536.0,6333.0
19/01/2005,16.00.00,2.0,920.0,43.0,729.0,168.0,891.0,110.0,1013.0,647.0,92.0,550.0,6402.0
19/01/2005,17.00.00,7.0,923.0,41.0,715.0,170.0,915.0,112.0,1015.0,646.0,87.0,551.0,6228.0
19/01/2005,18.00.00,18.0,1021.0,76.0,883.0,234.0,766.0,130.0,1139.0,846.0,89.0,544.0,6200.0
19/01/2005,19.00.00,22.0,998.0,70.0,858.0,256.0,770.0,135.0,1109.0,857.0,86.0,536.0,5992.0
19/01/2005,20.00.00,23.0,1061.0,96.0,962.0,257.0,721.0,141.0,1167.0,942.0,90.0,504.0,5809.0
19/01/2005,21.00.00,26.0,1016.0,78.0,892.0,317.0,758.0,141.0,1109.0,945.0,92.0,498.0,5808.0
19/01/2005,22.00.00,11.0,859.0,24.0,611.0,135.0,1053.0,95.0,918.0,562.0,88.0,521.0,5918.0
19/01/2005,23.00.00,12.0,945.0,39.0,707.0,159.0,963.0,97.0,1005.0,657.0,88.0,509.0,5781.0
20/01/2005,00.00.00,18.0,937.0,41.0,715.0,186.0,896.0,112.0,995.0,723.0,87.0,511.0,5755.0
20/01/2005,01.00.00,11.0,876.0,25.0,618.0,102.0,1032.0,74.0,948.0,555.0,86.0,515.0,5772.0
20/01/2005,02.00.00,9.0,831.0,13.0,530.0,75.0,1169.0,62.0,893.0,472.0,85.0,519.0,5766.0
20/01/2005,03.00.00,7.0,828.0,12.0,514.0,58.0,1205.0,51.0,880.0,434.0,81.0,531.0,5742.0
20/01/2005,04.00.00,6.0,810.0,7.0,470.0,41.0,1315.0,40.0,863.0,412.0,78.0,542.0,5755.0
20/01/2005,05.00.00,6.0,822.0,9.0,493.0,50.0,1278.0,45.0,876.0,453.0,71.0,560.0,5690.0
20/01/2005,06.00.00,9.0,898.0,29.0,646.0,189.0,1013.0,93.0,954.0,702.0,70.0,576.0,5784.0
20/01/2005,07.00.00,10.0,909.0,27.0,636.0,182.0,992.0,104.0,947.0,720.0,75.0,553.0,5734.0
20/01/2005,08.00.00,34.0,1256.0,144.0,1130.0,636.0,616.0,162.0,1316.0,1311.0,70.0,563.0,5660.0
20/01/2005,09.00.00,42.0,1298.0,172.0,1217.0,704.0,552.0,169.0,1409.0,1444.0,76.0,535.0,5605.0
20/01/2005,10.00.00,44.0,1326.0,174.0,1223.0,854.0,547.0,190.0,1381.0,1613.0,83.0,505.0,5558.0
20/01/2005,11.00.00,29.0,1139.0,115.0,1031.0,652.0,649.0,170.0,1181.0,1388.0,124.0,371.0,5329.0
20/01/2005,12.00.00,26.0,1135.0,119.0,1047.0,529.0,641.0,151.0,1175.0,1379.0,139.0,323.0,5117.0
20/01/2005,13.00.00,26.0,1117.0,126.0,1071.0,438.0,638.0,150.0,1178.0,1289.0,144.0,289.0,4723.0
20/01/2005,14.00.00,30.0,1094.0,143.0,1128.0,438.0,626.0,154.0,1191.0,1280.0,148.0,254.0,4259.0
20/01/2005,15.00.00,23.0,982.0,103.0,990.0,378.0,745.0,140.0,1018.0,1059.0,151.0,208.0,3536.0
20/01/2005,16.00.00,30.0,1107.0,145.0,1134.0,482.0,639.0,167.0,1172.0,1299.0,154.0,235.0,4076.0
20/01/2005,17.00.00,45.0,1290.0,219.0,1349.0,709.0,534.0,204.0,1386.0,1638.0,137.0,281.0,4381.0
20/01/2005,18.00.00,60.0,1445.0,285.0,1516.0,796.0,455.0,210.0,1594.0,1946.0,115.0,375.0,5068.0
20/01/2005,19.00.00,43.0,1357.0,212.0,1330.0,605.0,511.0,182.0,1414.0,1798.0,104.0,423.0,5337.0
20/01/2005,20.00.00,34.0,1248.0,160.0,1179.0,472.0,577.0,165.0,1259.0,1609.0,99.0,440.0,5381.0
20/01/2005,21.00.00,28.0,1220.0,130.0,1085.0,411.0,618.0,150.0,1205.0,1531.0,87.0,483.0,5458.0
20/01/2005,22.00.00,21.0,1137.0,70.0,856.0,264.0,758.0,132.0,1032.0,1338.0,81.0,499.0,5417.0
20/01/2005,23.00.00,17.0,1102.0,64.0,829.0,217.0,773.0,120.0,1015.0,1274.0,73.0,528.0,5419.0
21/01/2005,00.00.00,18.0,1082.0,58.0,801.0,211.0,780.0,119.0,1035.0,1200.0,80.0,522.0,5623.0
21/01/2005,01.00.00,16.0,1053.0,56.0,795.0,179.0,786.0,110.0,1039.0,1143.0,68.0,564.0,5609.0
21/01/2005,02.00.00,14.0,1003.0,45.0,740.0,135.0,847.0,94.0,992.0,1048.0,67.0,574.0,5654.0
21/01/2005,03.00.00,13.0,1019.0,46.0,744.0,178.0,836.0,97.5,1000.0,1049.0,59.0,621.0,5806.0
21/01/2005,04.00.00,13.0,1071.0,59.0,808.0,221.0,757.0,101.0,1046.0,1172.0,54.0,659.0,5947.0
21/01/2005,05.00.00,13.0,1118.0,66.0,841.0,284.0,702.0,117.0,1056.0,1368.0,55.0,665.0,6054.0
21/01/2005,06.00.00,16.0,1206.0,92.0,948.0,357.0,628.0,121.0,1129.0,1540.0,59.0,658.0,6178.0
21/01/2005,07.00.00,24.0,1256.0,122.0,1056.0,469.0,582.0,138.0,1230.0,1575.0,64.0,639.0,6192.0
21/01/2005,08.00.00,45.0,1501.0,226.0,1367.0,766.0,465.0,174.0,1558.0,1856.0,72.0,622.0,6351.0
21/01/2005,09.00.00,57.0,1578.0,290.0,1527.0,875.0,419.0,179.0,1761.0,2086.0,79.0,600.0,6406.0
21/01/2005,10.00.00,43.0,1427.0,194.0,1280.0,800.0,500.0,175.0,1481.0,1948.0,83.0,585.0,6403.0
21/01/2005,11.00.00,42.0,1440.0,205.0,1311.0,815.0,482.0,183.0,1476.0,2022.0,93.0,545.0,6415.0
21/01/2005,12.00.00,45.0,1522.0,225.0,1365.0,841.0,464.0,189.0,1526.0,2104.0,102.0,531.0,6608.0
21/01/2005,13.00.00,50.0,1517.0,240.0,1403.0,827.0,451.0,198.0,1579.0,2195.0,111.0,514.0,6790.0
21/01/2005,14.00.00,29.0,1300.0,139.0,1113.0,402.0,573.0,142.0,1291.0,1845.0,128.0,469.0,6919.0
21/01/2005,15.00.00,30.0,1401.0,168.0,1204.0,415.0,526.0,139.0,1401.0,1947.0,131.0,480.0,7181.0
21/01/2005,16.00.00,33.0,1551.0,202.0,1303.0,435.0,469.0,99.0,1520.0,2171.0,135.0,515.0,7930.0
21/01/2005,17.00.00,14.0,1411.0,164.0,1191.0,570.0,519.0,135.0,1426.0,1920.0,134.0,512.0,7808.0
21/01/2005,18.00.00,23.0,1434.0,180.0,1239.0,530.0,506.0,223.0,1458.0,1835.0,121.0,553.0,7777.0
21/01/2005,19.00.00,16.0,1489.0,203.0,1305.0,617.0,476.0,194.0,1547.0,1919.0,120.0,565.0,7924.0
21/01/2005,20.00.00,49.0,1835.0,381.0,1731.0,983.0,355.0,244.0,2083.0,2254.0,104.0,644.0,8123.0
21/01/2005,21.00.00,64.0,1804.0,357.0,1679.0,1200.0,370.0,243.0,2005.0,2210.0,94.0,691.0,8150.0
21/01/2005,22.00.00,35.0,1579.0,218.0,1345.0,1028.0,459.0,230.0,1608.0,1961.0,89.0,710.0,8115.0
21/01/2005,23.00.00,17.0,1508.0,182.0,1246.0,797.0,496.0,207.0,1498.0,1791.0,81.0,738.0,7968.0
22/01/2005,00.00.00,26.0,1535.0,201.0,1300.0,977.0,483.0,223.0,1524.0,1725.0,73.0,768.0,7904.0
22/01/2005,01.00.00,16.0,1395.0,144.0,1131.0,811.0,552.0,216.0,1362.0,1553.0,73.0,767.0,7862.0
22/01/2005,02.00.00,15.0,1392.0,151.0,1153.0,757.0,542.0,198.0,1395.0,1506.0,71.0,773.0,7826.0
22/01/2005,03.00.00,9.0,1326.0,131.0,1087.0,572.5,571.0,162.0,1333.0,1398.0,67.0,787.0,7779.0
22/01/2005,04.00.00,5.0,1297.0,115.0,1032.0,388.0,605.0,126.0,1297.0,1300.0,70.0,778.0,7848.0
22/01/2005,05.00.00,9.0,1331.0,137.0,1106.0,497.0,568.0,144.0,1322.0,1383.0,57.0,805.0,7416.0
22/01/2005,06.00.00,4.0,1288.0,116.0,1036.0,582.0,590.0,183.0,1242.0,1413.0,52.0,814.0,7276.0
22/01/2005,07.00.00,5.0,1322.0,132.0,1091.0,574.0,565.0,193.0,1307.0,1471.0,56.0,804.0,7349.0
22/01/2005,08.00.00,8.0,1390.0,156.0,1167.0,588.0,522.0,196.0,1392.0,1619.0,63.0,788.0,7544.0
22/01/2005,09.00.00,14.0,1443.0,169.0,1207.0,645.0,502.0,208.0,1431.0,1673.0,69.0,769.0,7682.0
22/01/2005,10.00.00,16.0,1496.0,185.0,1254.0,643.0,484.0,217.0,1472.0,1881.0,92.0,677.0,7900.0
22/01/2005,11.00.00,15.0,1439.0,166.0,1198.0,628.0,502.0,246.0,1426.0,1877.0,116.0,598.0,8152.0
22/01/2005,12.00.00,10.0,1432.0,150.0,1150.0,547.0,527.0,204.0,1393.0,1818.0,140.0,520.0,8288.0
22/01/2005,13.00.00,10.0,1398.0,150.0,1149.0,461.0,535.0,192.0,1417.0,1699.0,150.0,502.0,8495.0
22/01/2005,14.00.00,13.0,1380.0,169.0,1206.0,455.0,515.0,186.0,1500.0,1677.0,149.0,499.0,8394.0
22/01/2005,15.00.00,1.0,1022.0,70.0,857.0,244.0,770.0,133.0,1068.0,1088.0,158.0,338.0,6034.0
22/01/2005,16.00.00,1.0,973.0,59.0,806.0,202.0,851.0,126.0,994.0,926.0,154.0,293.0,5068.0
22/01/2005,17.00.00,1.0,951.0,71.0,862.0,256.0,823.0,138.0,972.0,961.0,144.0,257.0,4193.0
22/01/2005,18.00.00,1.0,987.0,86.0,925.0,310.0,776.0,148.0,1016.0,1066.0,134.0,272.0,4157.0
22/01/2005,19.00.00,4.0,1100.0,122.0,1057.0,391.0,687.0,167.0,1126.0,1241.0,122.0,287.0,4077.0
22/01/2005,20.00.00,7.0,1064.0,126.0,1072.0,444.0,704.0,175.0,1103.0,1220.0,113.0,257.0,3422.0
22/01/2005,21.00.00,27.0,1316.0,211.0,1327.0,794.0,549.0,224.0,1328.0,1613.0,97.0,319.0,3848.0
22/01/2005,22.00.00,21.0,1262.0,169.0,1208.0,716.0,587.0,215.0,1219.0,1577.0,84.0,365.0,4035.0
22/01/2005,23.00.00,13.0,1259.0,151.0,1152.0,565.0,610.0,196.0,1165.0,1569.0,82.0,368.0,4016.0
23/01/2005,00.00.00,8.0,1166.0,101.0,981.0,451.0,697.0,195.0,993.0,1445.0,80.0,360.0,3872.0
23/01/2005,01.00.00,7.730769230769231,1066.0,75.0,880.0,313.0,784.0,181.0,946.0,1240.0,70.0,399.0,4006.0
23/01/2005,02.00.00,7.461538461538462,1051.0,76.0,883.0,241.0,783.0,150.0,978.0,1169.0,57.0,443.0,4093.0
23/01/2005,03.00.00,7.1923076923076925,992.0,59.0,808.0,232.5,849.0,144.5,926.0,1052.0,47.0,466.0,4025.0
23/01/2005,04.00.00,6.923076923076923,969.0,55.0,788.0,224.0,854.0,139.0,938.0,1006.0,42.0,508.0,4234.0
23/01/2005,05.00.00,6.653846153846154,862.0,23.0,609.0,82.0,1101.0,74.0,810.0,757.0,46.0,451.0,3861.0
23/01/2005,06.00.00,6.384615384615385,859.0,20.0,581.0,89.0,1112.0,73.0,829.0,753.0,27.0,533.0,4006.0
23/01/2005,07.00.00,6.115384615384615,849.0,16.0,552.0,93.0,1165.0,77.0,812.0,737.0,31.0,510.0,3947.0
23/01/2005,08.00.00,5.846153846153847,879.0,21.0,594.0,134.0,1119.0,98.0,839.0,792.0,25.0,541.0,4017.0
23/01/2005,09.00.00,5.576923076923077,956.0,44.0,735.0,189.0,915.0,121.0,942.0,945.0,31.0,535.0,4123.0
23/01/2005,10.00.00,5.307692307692308,1039.0,64.0,828.0,292.0,791.0,162.0,987.0,1115.0,50.0,475.0,4180.0
23/01/2005,11.00.00,5.038461538461538,1066.0,73.0,871.0,326.0,775.0,178.0,996.0,1131.0,58.0,434.0,4032.0
23/01/2005,12.00.00,4.769230769230769,1124.0,87.0,927.0,397.0,722.0,206.0,1047.0,1242.0,71.0,428.0,4327.0
23/01/2005,13.00.00,4.5,1160.0,92.0,948.0,371.0,712.0,191.0,1072.0,1289.0,79.0,416.0,4459.0
23/01/2005,14.00.00,4.230769230769231,1110.0,79.0,896.0,305.0,737.0,175.0,1040.0,1276.0,81.0,412.0,4480.0
23/01/2005,15.00.00,3.9615384615384617,1138.0,90.0,940.0,328.0,706.0,169.0,1088.0,1359.0,83.0,413.0,4533.0
23/01/2005,16.00.00,3.6923076923076925,1095.0,70.0,857.0,281.0,756.0,180.0,1075.0,1020.0,89.0,491.0,5629.0
23/01/2005,17.00.00,3.4230769230769234,1045.0,37.0,694.0,168.0,911.0,124.0,1025.0,805.0,71.0,660.0,6678.0
23/01/2005,18.00.00,3.153846153846154,1078.0,43.0,727.0,183.0,849.0,130.0,1057.0,857.0,57.0,751.0,6942.0
23/01/2005,19.00.00,2.884615384615385,1169.0,68.0,846.0,217.0,767.0,141.0,1157.0,942.0,54.0,776.0,7031.0
23/01/2005,20.00.00,2.615384615384616,1174.0,87.0,926.0,245.0,674.0,157.0,1220.0,1020.0,54.0,782.0,7074.0
23/01/2005,21.00.00,2.3461538461538467,1075.0,47.0,749.0,154.0,827.0,123.0,1050.0,899.0,73.0,681.0,6979.0
23/01/2005,22.00.00,2.0769230769230775,1044.0,35.0,685.0,141.0,903.0,104.0,1042.0,860.0,58.0,744.0,6924.0
23/01/2005,23.00.00,1.8076923076923084,1110.0,54.0,782.0,210.0,798.0,134.0,1101.0,954.0,62.0,723.0,6887.0
24/01/2005,00.00.00,1.5384615384615383,1086.0,44.0,733.0,140.0,848.0,105.0,1064.0,883.0,59.0,727.0,6791.0
24/01/2005,01.00.00,1.2692307692307692,1092.0,60.0,811.0,191.0,773.0,121.0,1129.0,966.0,50.0,765.0,6728.0
24/01/2005,02.00.00,1.0,1127.0,76.0,884.0,248.0,704.0,136.0,1173.0,983.0,40.0,804.0,6630.0
24/01/2005,03.00.00,1.6666666666666665,881.0,19.0,578.0,149.0,1017.0,92.0,876.0,607.0,58.0,590.0,5493.0
24/01/2005,04.00.00,2.333333333333333,831.0,10.0,498.0,50.0,1237.0,48.0,855.0,443.0,58.0,595.0,5519.0
24/01/2005,05.00.00,3.0,791.0,6.0,459.0,43.0,1421.0,40.0,809.0,390.0,66.0,513.0,5026.0
24/01/2005,06.00.00,5.0,836.0,12.0,520.0,86.0,1296.0,67.0,832.0,479.0,70.0,472.0,4745.0
24/01/2005,07.00.00,6.0,907.0,29.0,644.0,152.0,1028.0,104.0,902.0,732.0,66.0,479.0,4686.0
24/01/2005,08.00.00,18.0,1174.0,111.0,1018.0,341.0,688.0,169.0,1210.0,1149.0,72.0,498.0,5061.0
24/01/2005,09.00.00,20.0,1094.0,97.0,967.0,355.0,682.0,203.0,1147.0,1136.0,69.0,528.0,5293.0
24/01/2005,10.00.00,14.0,992.0,57.0,800.0,327.0,797.0,183.0,1007.0,934.0,87.0,467.0,5249.0
24/01/2005,11.00.00,6.0,955.0,54.0,783.0,240.0,844.0,151.0,976.0,845.0,100.0,406.0,4971.0
24/01/2005,12.00.00,5.0,959.0,51.0,771.0,217.0,852.0,138.0,975.0,808.0,118.0,354.0,4877.0
24/01/2005,13.00.00,7.0,981.0,58.0,804.0,191.0,829.0,127.0,997.0,783.0,107.0,372.0,4788.0
24/01/2005,14.00.00,7.0,947.0,56.0,791.0,223.5,825.0,137.5,963.0,785.0,109.0,349.0,4560.0
24/01/2005,15.00.00,11.0,1023.0,80.0,898.0,256.0,759.0,148.0,1034.0,899.0,107.0,331.0,4256.0
24/01/2005,16.00.00,13.0,1009.0,71.0,860.0,287.0,787.0,172.0,993.0,922.0,106.0,342.0,4375.0
24/01/2005,17.00.00,10.0,1007.0,76.0,884.0,278.0,780.0,163.0,1014.0,951.0,89.0,381.0,4341.0
24/01/2005,18.00.00,15.0,1054.0,104.0,992.0,302.0,715.0,180.0,1092.0,1051.0,78.0,397.0,4206.0
24/01/2005,19.00.00,15.0,1018.0,89.0,934.0,259.0,740.0,169.0,1014.0,967.0,73.0,422.0,4341.0
24/01/2005,20.00.00,12.0,976.0,73.0,870.0,221.0,795.0,152.0,971.0,861.0,69.0,425.0,4257.0
24/01/2005,21.00.00,3.0,872.0,36.0,689.0,142.0,970.0,107.0,866.0,631.0,66.0,432.0,4247.0
24/01/2005,22.00.00,2.909090909090909,805.0,17.0,559.0,93.0,1183.0,75.0,781.0,466.0,64.0,417.0,4034.0
24/01/2005,23.00.00,2.8181818181818183,800.0,15.0,541.0,71.0,1250.0,58.0,779.0,407.0,61.0,426.0,4041.0
25/01/2005,00.00.00,2.7272727272727275,785.0,10.0,504.0,66.0,1306.0,57.0,760.0,387.0,59.0,418.0,3928.0
25/01/2005,01.00.00,2.6363636363636362,757.0,6.0,459.0,49.0,1447.0,44.0,735.0,337.0,57.0,415.0,3836.0
25/01/2005,02.00.00,2.5454545454545454,751.0,4.0,424.0,29.0,1583.0,29.0,726.0,303.0,55.0,424.0,3867.0
25/01/2005,03.00.00,2.4545454545454546,766.0,3.0,412.0,24.0,1651.0,24.0,763.0,295.0,45.0,520.0,4436.0
25/01/2005,04.00.00,2.3636363636363638,759.0,2.0,399.0,19.0,1696.0,19.0,749.0,288.0,43.0,516.0,4323.0
25/01/2005,05.00.00,2.2727272727272725,758.0,2.0,388.0,20.0,1785.0,20.0,765.0,274.0,37.0,563.0,4530.0
25/01/2005,06.00.00,2.1818181818181817,761.0,1.0,383.0,39.0,1745.0,35.0,787.0,289.0,33.0,581.0,4559.0
25/01/2005,07.00.00,2.090909090909091,762.0,4.0,434.0,77.0,1556.0,60.0,763.0,318.0,39.0,473.0,3862.0
25/01/2005,08.00.00,2.0,869.0,29.0,646.0,180.0,1068.0,115.0,876.0,476.0,43.0,459.0,3843.0
25/01/2005,09.00.00,7.0,938.0,54.0,785.0,243.0,853.0,157.0,969.0,704.0,42.0,501.0,4168.0
25/01/2005,10.00.00,5.0,951.0,51.0,769.0,236.0,856.0,147.0,1000.0,735.0,34.0,627.0,4943.0
25/01/2005,11.00.00,4.0,892.0,38.0,702.0,297.0,935.0,188.0,924.0,735.0,50.0,514.0,4534.0
25/01/2005,12.00.00,3.0,876.0,39.0,703.0,235.0,968.0,126.0,892.0,653.0,57.0,441.0,4063.0
25/01/2005,13.00.00,3.0,872.0,36.0,686.0,186.0,972.0,114.0,880.0,603.0,52.0,445.0,3968.0
25/01/2005,14.00.00,4.0,893.0,42.0,722.0,196.0,932.0,123.0,917.0,645.0,47.0,486.0,4194.0
25/01/2005,15.00.00,2.0,879.0,36.0,687.0,167.0,980.0,107.0,914.0,564.0,45.0,510.0,4327.0
25/01/2005,16.00.00,4.0,896.0,36.0,689.0,211.0,966.0,121.0,909.0,614.0,51.0,501.0,4432.0
25/01/2005,17.00.00,4.0,909.0,39.0,706.0,194.0,928.0,118.0,923.0,658.0,50.0,504.0,4430.0
25/01/2005,18.00.00,7.0,958.0,49.0,758.0,206.0,858.0,134.0,985.0,719.0,43.0,564.0,4721.0
25/01/2005,19.00.00,10.0,984.0,58.0,803.0,211.0,813.0,142.0,1012.0,772.0,43.0,567.0,4760.0
25/01/2005,20.00.00,11.0,991.0,61.0,814.0,197.0,790.0,133.0,1040.0,812.0,43.0,570.0,4771.0
25/01/2005,21.00.00,3.0,881.0,28.0,638.0,139.0,990.0,106.0,910.0,583.0,35.0,603.0,4782.0
25/01/2005,22.00.00,1.0,853.0,24.0,616.0,113.0,1071.0,87.0,870.0,491.0,41.0,525.0,4351.0
25/01/2005,23.00.00,1.2,804.0,15.0,546.0,81.0,1194.0,67.0,796.0,400.0,39.0,506.0,4127.0
26/01/2005,00.00.00,1.4,788.0,11.0,514.0,63.0,1285.0,55.0,771.0,354.0,39.0,477.0,3901.0
26/01/2005,01.00.00,1.6,788.0,9.0,487.0,55.0,1346.0,49.0,769.0,329.0,40.0,478.0,3939.0
26/01/2005,02.00.00,1.8,763.0,4.0,428.0,31.0,1532.0,30.0,757.0,296.0,39.0,509.0,4144.0
26/01/2005,03.00.00,2.0,771.0,3.0,410.0,25.5,1622.0,25.0,765.0,283.0,30.0,577.0,4423.0
26/01/2005,04.00.00,2.2,747.0,2.0,390.0,20.0,1775.0,20.0,738.0,266.0,33.0,528.0,4137.0
26/01/2005,05.00.00,2.4000000000000004,744.0,1.0,383.0,17.0,1881.0,17.0,720.0,253.0,27.0,539.0,4062.0
26/01/2005,06.00.00,2.6,774.0,5.0,441.0,42.0,1646.0,35.0,760.0,282.0,28.0,544.0,4110.0
26/01/2005,07.00.00,2.8,800.0,9.0,492.0,90.0,1310.0,71.0,783.0,353.0,36.0,490.0,3915.0
26/01/2005,08.00.00,3.0,896.0,33.0,668.0,227.0,1043.0,136.0,887.0,519.0,33.0,502.0,3934.0
26/01/2005,09.00.00,6.0,913.0,44.0,733.0,250.0,902.0,163.0,901.0,681.0,35.0,475.0,3778.0
26/01/2005,10.00.00,3.0,871.0,28.0,638.0,219.0,1022.0,143.0,860.0,583.0,43.0,494.0,4136.0
26/01/2005,11.00.00,1.0,872.0,32.0,662.0,211.0,1007.0,134.0,874.0,628.0,45.0,484.0,4131.0
26/01/2005,12.00.00,1.0,858.0,27.0,634.0,189.0,1053.0,130.0,868.0,566.0,43.0,500.0,4199.0
26/01/2005,13.00.00,2.0,876.0,35.0,683.0,180.0,993.0,122.0,894.0,572.0,43.0,497.0,4166.0
26/01/2005,14.00.00,5.0,900.0,48.0,751.0,197.0,891.0,129.0,913.0,637.0,49.0,453.0,3955.0
26/01/2005,15.00.00,3.0,864.0,34.0,678.0,198.0,987.0,132.0,866.0,579.0,56.0,424.0,3884.0
26/01/2005,16.00.00,3.0,902.0,42.0,721.0,203.0,924.0,133.0,900.0,666.0,57.0,431.0,3984.0
26/01/2005,17.00.00,3.0,916.0,42.0,720.0,188.0,912.0,126.0,922.0,707.0,48.0,497.0,4305.0
26/01/2005,18.00.00,10.0,1004.0,85.0,918.0,294.0,752.0,177.0,1033.0,990.0,51.0,430.0,3821.0
26/01/2005,19.00.00,14.0,1024.0,92.0,945.0,302.0,729.0,185.0,1073.0,1026.0,53.0,444.0,3970.0
26/01/2005,20.00.00,14.0,1011.0,76.0,884.0,261.0,763.0,169.0,1048.0,910.0,49.0,479.0,4180.0
26/01/2005,21.00.00,11.0,1006.0,62.0,822.0,232.0,794.0,151.0,1025.0,897.0,47.0,508.0,4398.0
26/01/2005,22.00.00,4.0,913.0,29.0,645.0,154.0,966.0,114.0,922.0,651.0,46.0,548.0,4704.0
26/01/2005,23.00.00,2.0,905.0,25.0,620.0,120.0,986.0,90.0,904.0,598.0,40.0,568.0,4688.0
27/01/2005,00.00.00,2.0,872.0,26.0,628.0,117.0,1009.0,87.0,857.0,560.0,42.0,468.0,3900.0
27/01/2005,01.00.00,2.0,843.0,22.0,597.0,108.0,1059.0,83.0,808.0,527.0,45.0,420.0,3571.0
27/01/2005,02.00.00,2.0,863.0,25.0,622.0,97.0,1025.0,74.0,826.0,574.0,41.0,421.0,3487.0
27/01/2005,03.00.00,2.6666666666666665,791.0,8.0,480.0,62.5,1259.0,51.0,738.0,422.0,45.0,397.0,3379.0
27/01/2005,04.00.00,3.333333333333333,769.0,3.0,412.0,28.0,1481.0,28.0,727.0,326.0,44.0,422.0,3571.0
27/01/2005,05.00.00,4.0,778.0,3.0,417.0,27.0,1531.0,26.0,745.0,312.0,41.0,459.0,3804.0
27/01/2005,06.00.00,5.0,801.0,7.0,470.0,81.0,1313.0,61.0,762.0,382.0,43.0,425.0,3556.0
27/01/2005,07.00.00,7.0,827.0,14.0,533.0,129.0,1198.0,91.0,775.0,488.0,46.0,381.0,3267.0
27/01/2005,08.00.00,19.0,1038.0,66.0,837.0,336.0,822.0,184.0,972.0,915.0,46.0,394.0,3367.0
27/01/2005,09.00.00,24.0,1040.0,84.0,917.0,335.0,739.0,204.0,1038.0,1021.0,48.0,419.0,3634.0
27/01/2005,10.00.00,20.0,980.0,55.0,790.0,318.0,839.0,185.0,934.0,897.0,59.0,402.0,3760.0
27/01/2005,11.00.00,13.0,912.0,35.0,683.0,201.0,961.0,125.0,872.0,699.0,70.0,384.0,3861.0
27/01/2005,12.00.00,10.0,887.0,30.0,649.0,166.0,1009.0,104.0,854.0,588.0,66.0,402.0,3944.0
27/01/2005,13.00.00,12.0,922.0,41.0,716.0,192.0,930.0,115.0,893.0,643.0,66.0,412.0,4046.0
27/01/2005,14.00.00,15.0,928.0,47.0,748.0,198.0,900.0,126.0,900.0,685.0,73.0,368.0,3779.0
27/01/2005,15.00.00,13.0,921.0,45.0,736.0,198.0,921.0,125.0,881.0,673.0,73.0,350.0,3584.0
27/01/2005,16.00.00,15.0,905.0,47.0,747.0,223.0,924.0,139.0,850.0,691.0,70.0,335.0,3367.0
27/01/2005,17.00.00,15.0,906.0,51.0,769.0,224.0,913.0,142.0,865.0,726.0,65.0,324.0,3155.0
27/01/2005,18.00.00,21.0,981.0,77.0,886.0,266.0,819.0,170.0,928.0,912.0,57.0,339.0,3131.0
27/01/2005,19.00.00,26.0,1053.0,103.0,987.0,326.0,750.0,195.0,1025.0,1048.0,50.0,361.0,3178.0
27/01/2005,20.00.00,30.0,1086.0,115.0,1032.0,343.0,717.0,202.0,1049.0,1136.0,47.0,383.0,3306.0
27/01/2005,21.00.00,20.0,967.0,60.0,811.0,243.0,863.0,168.0,911.0,909.0,45.0,399.0,3390.0
27/01/2005,22.00.00,14.0,902.0,36.0,689.0,177.0,995.0,128.0,838.0,719.0,43.0,411.0,3451.0
27/01/2005,23.00.00,13.0,916.0,43.0,725.0,155.0,953.0,115.0,855.0,746.0,40.0,431.0,3551.0
28/01/2005,00.00.00,12.0,895.0,34.0,677.0,143.0,999.0,111.0,827.0,700.0,37.0,460.0,3701.0
28/01/2005,01.00.00,11.0,866.0,24.0,613.0,124.0,1075.0,97.0,810.0,579.0,33.0,474.0,3716.0
28/01/2005,02.00.00,9.0,861.0,20.0,585.0,94.0,1120.0,77.0,807.0,553.0,30.0,491.0,3774.0
28/01/2005,03.00.00,8.0,845.0,14.0,534.0,75.0,1146.0,64.0,781.0,519.0,35.0,480.0,3822.0
28/01/2005,04.00.00,6.0,849.0,12.0,522.0,56.0,1158.0,51.0,779.0,467.0,36.0,480.0,3835.0
28/01/2005,05.00.00,5.0,818.0,9.0,486.0,58.0,1282.0,49.0,781.0,422.0,40.0,478.0,3919.0
28/01/2005,06.00.00,6.0,864.0,16.0,554.0,105.0,1159.0,79.0,819.0,545.0,41.0,481.0,3975.0
28/01/2005,07.00.00,7.0,856.0,17.0,559.0,122.0,1138.0,92.0,810.0,556.0,41.0,474.0,3926.0
28/01/2005,08.00.00,16.0,1024.0,62.0,823.0,274.0,827.0,167.0,992.0,879.0,42.0,487.0,4073.0
28/01/2005,09.00.00,22.0,1050.0,82.0,909.0,342.0,742.0,206.0,1055.0,993.0,41.0,498.0,4117.0
28/01/2005,10.00.00,18.0,984.0,64.0,832.0,296.0,822.0,184.0,966.0,892.0,43.0,484.0,4043.0
28/01/2005,11.00.00,15.0,990.0,59.0,808.0,279.0,838.0,176.0,975.0,901.0,46.0,497.0,4271.0
28/01/2005,12.00.00,18.0,970.0,57.0,798.0,325.0,842.0,191.0,941.0,874.0,45.0,496.0,4210.0
28/01/2005,13.00.00,14.0,943.0,53.0,781.0,222.0,871.0,147.0,925.0,722.0,44.0,484.0,4087.0
28/01/2005,14.00.00,21.0,994.0,73.0,871.0,279.0,793.0,174.0,997.0,836.0,47.0,472.0,4075.0
28/01/2005,15.00.00,16.0,932.0,51.0,767.0,248.0,888.0,167.0,920.0,669.0,42.0,495.0,4118.0
28/01/2005,16.00.00,13.0,891.0,39.0,706.0,193.0,949.0,138.0,860.0,600.0,34.0,507.0,3991.0
28/01/2005,17.00.00,19.0,881.2,35.9,683.4,256.0,984.7,164.0,848.5,577.6,32.5,506.0,3944.7
28/01/2005,18.00.00,24.0,871.4,32.8,660.8,288.0,1020.4,190.0,837.0,555.2,31.0,505.0,3898.4
28/01/2005,19.00.00,30.0,861.6,29.7,638.2,300.0,1056.1,198.0,825.5,532.8,29.5,504.0,3852.1
28/01/2005,20.00.00,19.0,851.8,26.6,615.6,224.0,1091.8,155.0,814.0,510.4,28.0,503.0,3805.8
28/01/2005,21.00.00,18.0,842.0,23.5,593.0,219.0,1127.5,153.0,802.5,488.0,26.5,502.0,3759.5
28/01/2005,22.00.00,11.0,832.2,20.4,570.4,145.0,1163.2,110.0,791.0,465.6,25.0,501.0,3713.2
28/01/2005,23.00.00,11.0,822.4,17.3,547.8,115.0,1198.9,91.0,779.5,443.20000000000005,23.5,500.0,3666.9
29/01/2005,00.00.00,11.0,812.6,14.2,525.2,136.0,1234.6,105.0,768.0,420.8,22.0,499.0,3620.6
29/01/2005,01.00.00,10.0,802.8,11.099999999999998,502.6,107.0,1270.3,85.0,756.5,398.4,20.5,498.0,3574.3
29/01/2005,02.00.00,7.0,793.0,8.0,480.0,70.0,1306.0,60.0,745.0,376.0,19.0,497.0,3528.0
29/01/2005,03.00.00,6.0,790.0,6.0,455.0,53.5,1376.0,47.0,751.0,336.0,16.0,529.0,3692.0
29/01/2005,04.00.00,5.0,776.0,5.0,445.0,37.0,1460.0,34.0,737.0,330.0,14.0,538.0,3687.0
29/01/2005,05.00.00,5.0,766.0,5.0,448.0,33.0,1494.0,31.0,734.0,321.0,10.0,547.0,3657.0
29/01/2005,06.00.00,4.0,774.0,6.0,458.0,43.0,1473.0,37.0,735.0,334.0,14.0,523.0,3591.0
29/01/2005,07.00.00,5.0,801.0,9.0,494.0,73.0,1324.0,58.0,754.0,395.0,16.0,510.0,3561.0
29/01/2005,08.00.00,8.0,847.0,20.0,586.0,125.0,1163.0,92.0,814.0,473.0,14.0,531.0,3642.0
29/01/2005,09.00.00,11.0,874.0,28.0,641.0,154.0,1022.0,110.0,857.0,553.0,17.0,541.0,3785.0
29/01/2005,10.00.00,11.0,879.0,28.0,642.0,140.0,1027.0,101.0,836.0,545.0,25.0,510.0,3778.0
29/01/2005,11.00.00,11.0,888.0,30.0,652.0,150.0,1025.0,96.0,833.0,547.0,29.0,487.0,3706.0
29/01/2005,12.00.00,11.0,873.0,24.0,610.0,139.0,1051.0,102.0,819.0,527.0,36.0,458.0,3674.0
29/01/2005,13.00.00,11.0,877.0,25.0,618.0,135.0,1027.0,96.0,830.0,505.0,31.0,481.0,3722.0
29/01/2005,14.00.00,12.0,893.0,30.0,653.0,152.0,987.0,102.0,845.0,550.0,34.0,466.0,3668.0
29/01/2005,15.00.00,10.0,866.0,22.0,602.0,121.0,1071.0,88.0,809.0,465.0,37.0,458.0,3697.0
29/01/2005,16.00.00,12.0,873.0,26.0,629.0,122.0,1049.0,87.0,817.0,467.0,44.0,437.0,3688.0
29/01/2005,17.00.00,13.0,911.0,34.0,676.0,167.0,998.0,115.0,855.0,555.0,40.0,449.0,3689.0
29/01/2005,18.00.00,14.0,908.0,30.0,653.0,165.0,980.0,118.0,847.0,551.0,33.0,468.0,3671.0
29/01/2005,19.00.00,13.0,907.0,31.0,657.0,190.0,981.0,134.0,844.0,569.0,31.0,481.0,3707.0
29/01/2005,20.00.00,14.0,925.0,34.0,678.0,176.0,960.0,125.0,861.0,594.0,28.0,490.0,3700.0
29/01/2005,21.00.00,15.0,920.0,29.0,649.0,196.0,983.0,140.0,849.0,598.0,31.0,474.0,3661.0
29/01/2005,22.00.00,10.0,865.0,17.0,561.0,103.0,1102.0,83.0,791.0,434.0,29.0,490.0,3725.0
29/01/2005,23.00.00,10.0,867.0,16.0,553.0,91.0,1136.0,73.0,792.0,412.0,28.0,491.0,3726.0
30/01/2005,00.00.00,11.0,900.0,23.0,604.0,119.0,1051.0,92.0,815.0,469.0,29.0,497.0,3782.0
30/01/2005,01.00.00,13.0,901.0,22.0,599.0,147.0,1023.0,109.0,825.0,515.0,38.0,465.0,3762.0
30/01/2005,02.00.00,10.0,863.0,17.0,560.0,101.0,1107.0,82.0,787.0,430.0,32.0,469.0,3658.0
30/01/2005,03.00.00,11.0,884.0,22.0,599.0,101.5,1065.0,82.5,813.0,503.0,31.0,452.0,3504.0
30/01/2005,04.00.00,8.5,873.0,18.0,565.0,102.0,1097.0,83.0,793.0,494.0,31.0,448.0,3473.0
30/01/2005,05.00.00,6.0,806.0,6.0,459.0,55.0,1322.0,50.0,728.0,368.0,31.0,444.0,3420.0
30/01/2005,06.00.00,5.0,801.0,6.0,454.0,51.0,1374.0,44.0,727.0,348.0,30.0,434.0,3337.0
30/01/2005,07.00.00,4.0,790.0,4.0,431.0,53.0,1439.0,49.0,722.0,354.0,28.0,438.0,3308.0
30/01/2005,08.00.00,5.0,805.0,7.0,465.0,74.0,1358.0,62.0,736.0,382.0,27.0,432.0,3259.0
30/01/2005,09.00.00,7.0,843.0,12.0,520.0,113.0,1202.0,85.0,762.0,450.0,33.0,423.0,3299.0
30/01/2005,10.00.00,8.0,849.0,14.0,537.0,107.0,1148.0,82.0,757.0,460.0,46.0,390.0,3330.0
30/01/2005,11.00.00,8.0,872.0,20.0,583.0,101.0,1126.0,77.0,765.0,441.0,56.0,375.0,3426.0
30/01/2005,12.00.00,10.0,890.0,20.0,585.0,129.0,1097.0,92.0,776.0,454.0,72.0,342.0,3488.0
30/01/2005,13.00.00,9.0,874.0,16.0,552.0,126.0,1128.0,95.0,760.0,415.0,69.0,356.0,3561.0
30/01/2005,14.00.00,9.0,863.0,16.0,553.0,132.0,1133.0,95.0,742.0,419.0,82.0,301.0,3281.0
30/01/2005,15.00.00,9.0,840.0,18.0,566.0,101.0,1176.0,76.0,717.0,368.0,76.0,279.0,2927.0
30/01/2005,16.00.00,10.0,845.0,18.0,569.0,128.0,1151.0,95.0,709.0,397.0,79.0,259.0,2774.0
30/01/2005,17.00.00,10.0,888.0,26.0,625.0,170.0,1062.0,118.0,763.0,510.0,78.0,283.0,3017.0
30/01/2005,18.00.00,11.0,845.0,20.0,582.0,174.0,1120.0,123.0,719.0,473.0,63.0,288.0,2772.0
30/01/2005,19.00.00,12.0,880.0,28.0,641.0,215.0,1077.0,140.0,759.0,537.0,54.0,301.0,2726.0
30/01/2005,20.00.00,16.0,917.0,39.0,708.0,248.0,972.0,163.0,787.0,670.0,50.0,311.0,2730.0
30/01/2005,21.00.00,17.0,927.0,41.0,715.0,247.0,965.0,164.0,797.0,711.0,46.0,338.0,2898.0
30/01/2005,22.00.00,11.0,868.0,24.0,615.0,154.0,1095.0,120.0,752.0,551.0,43.0,366.0,3064.0
30/01/2005,23.00.00,13.0,932.0,35.0,685.0,186.0,996.0,130.0,820.0,670.0,40.0,390.0,3203.0
31/01/2005,00.00.00,17.0,971.0,46.0,741.0,231.0,901.0,145.0,864.0,771.0,29.0,428.0,3276.0
31/01/2005,01.00.00,15.0,891.0,30.0,650.0,174.0,987.0,126.0,782.0,586.0,34.0,389.0,3076.0
31/01/2005,02.00.00,8.0,806.0,10.0,495.0,68.0,1282.0,61.0,685.0,355.0,40.0,364.0,2982.0
31/01/2005,03.00.00,5.0,787.0,5.0,446.0,53.5,1395.0,49.0,657.0,310.0,40.0,364.0,2989.0
31/01/2005,04.00.00,4.0,791.0,4.0,435.0,39.0,1486.0,37.0,668.0,292.0,37.0,377.0,3024.0
31/01/2005,05.00.00,4.0,787.0,3.0,415.0,39.0,1474.0,37.0,667.0,293.0,34.0,389.0,3075.0
31/01/2005,06.00.00,4.0,814.0,6.0,449.0,54.0,1363.0,50.0,674.0,328.0,37.0,375.0,3012.0
31/01/2005,07.00.00,7.0,844.0,14.0,538.0,158.0,1164.0,109.0,726.0,479.0,37.0,352.0,2833.0
31/01/2005,08.00.00,18.0,1049.0,71.0,863.0,350.0,826.0,198.0,923.0,979.0,37.0,339.0,2732.0
31/01/2005,09.00.00,26.5,1201.0,140.0,1116.0,467.0,617.0,240.5,1130.0,1469.0,44.0,388.0,3280.0
31/01/2005,10.00.00,35.0,1293.0,151.0,1153.0,584.0,602.0,283.0,1141.0,1667.0,66.0,344.0,3359.0
31/01/2005,11.00.00,28.0,1121.0,125.0,1066.0,478.0,683.0,256.0,1040.0,1378.0,100.0,224.0,2753.0
31/01/2005,12.00.00,31.0,1112.0,128.0,1078.0,563.0,683.0,261.0,1028.0,1426.0,119.0,186.0,2581.0
31/01/2005,13.00.00,25.0,1060.0,119.0,1048.0,414.0,707.0,181.0,983.0,1246.0,125.0,172.0,2477.0
31/01/2005,14.00.00,27.0,1056.0,117.0,1040.0,398.0,711.0,194.0,976.0,1187.0,132.0,173.0,2606.0
31/01/2005,15.00.00,29.0,1131.0,147.0,1139.0,451.0,643.0,214.0,1097.0,1363.0,135.0,187.0,2872.0
31/01/2005,16.00.00,32.0,1162.0,157.0,1170.0,503.0,618.0,204.0,1131.0,1425.0,141.0,182.0,2908.0
31/01/2005,17.00.00,41.0,1283.0,211.0,1328.0,640.0,552.0,228.0,1294.0,1722.0,130.0,203.0,3030.0
31/01/2005,18.00.00,61.0,1414.0,274.0,1490.0,843.0,488.0,270.0,1433.0,2051.0,104.0,247.0,3116.0
31/01/2005,19.00.00,68.0,1486.0,308.0,1570.0,954.0,455.0,285.0,1557.0,2179.0,86.0,298.0,3344.0
31/01/2005,20.00.00,68.0,1523.0,292.0,1533.0,984.0,456.0,282.0,1532.0,2214.0,73.0,368.0,3771.0
31/01/2005,21.00.00,37.0,1283.0,150.0,1149.0,586.0,587.0,235.0,1148.0,1799.0,63.0,394.0,3795.0
31/01/2005,22.00.00,21.0,1109.0,71.0,863.0,360.0,737.0,208.0,960.0,1527.0,54.0,435.0,3922.0
31/01/2005,23.00.00,14.0,1055.0,54.0,782.0,231.0,798.0,161.0,940.0,1377.0,51.0,456.0,4056.0
01/02/2005,00.00.00,13.0,1038.0,48.0,756.0,200.0,813.0,146.0,921.0,1317.0,42.0,494.0,4120.0
01/02/2005,01.00.00,11.0,996.0,38.0,698.0,153.0,871.0,123.0,894.0,1228.0,41.0,501.0,4150.0
01/02/2005,02.00.00,10.0,995.0,35.0,680.0,135.0,879.0,109.0,904.0,1201.0,41.0,515.0,4263.0
01/02/2005,03.00.00,9.0,1000.0,33.0,670.0,165.5,868.0,112.0,917.0,1158.0,37.0,575.0,4621.0
01/02/2005,04.00.00,8.0,1042.0,36.0,688.0,196.0,814.0,115.0,935.0,1204.0,25.0,648.0,4807.0
01/02/2005,05.00.00,9.0,1042.0,38.0,701.0,208.0,795.0,114.0,945.0,1216.0,18.0,689.0,4878.0
01/02/2005,06.00.00,11.0,1024.0,42.0,724.0,241.0,814.0,122.0,944.0,1198.0,20.0,649.0,4661.0
01/02/2005,07.00.00,16.0,1147.0,77.0,886.0,417.0,702.0,149.0,1056.0,1381.0,22.0,653.0,4730.0
01/02/2005,08.00.00,37.0,1496.0,200.0,1298.0,896.0,492.0,187.0,1441.0,1873.0,31.0,640.0,4938.0
01/02/2005,09.00.00,48.0,1541.0,221.0,1353.0,966.0,449.0,198.0,1492.0,2112.0,37.0,617.0,4967.0
01/02/2005,10.00.00,41.0,1491.0,172.0,1215.0,878.0,503.0,196.0,1343.0,2038.0,44.0,588.0,4979.0
01/02/2005,11.00.00,45.0,1533.0,214.0,1334.0,985.0,466.0,218.0,1434.0,2118.0,58.0,541.0,5020.0
01/02/2005,12.00.00,45.0,1507.0,198.0,1292.0,1017.0,479.0,227.0,1379.0,2110.0,73.0,508.0,5226.0
01/02/2005,13.00.00,37.0,1451.0,188.0,1264.0,683.0,497.0,181.0,1408.0,1965.0,95.0,472.0,5589.0
01/02/2005,14.00.00,42.0,1432.0,188.0,1264.0,660.0,487.0,179.0,1476.0,1888.0,118.0,444.0,6118.0
01/02/2005,15.00.00,33.0,1408.0,167.0,1202.0,492.0,506.0,151.0,1411.0,1774.0,127.0,455.0,6648.0
01/02/2005,16.00.00,32.0,1377.0,144.0,1129.0,497.0,540.0,162.0,1392.0,1626.0,135.0,448.0,6898.0
01/02/2005,17.00.00,36.0,1454.0,163.0,1190.0,562.0,508.0,165.0,1434.0,1761.0,123.0,489.0,6967.0
01/02/2005,18.00.00,35.0,1268.0,144.0,1128.0,539.0,573.0,173.0,1255.0,1533.0,108.0,403.0,5201.0
01/02/2005,19.00.00,41.0,1259.0,170.0,1211.0,502.0,559.0,188.0,1243.0,1531.0,94.0,367.0,4324.0
01/02/2005,20.00.00,40.0,1261.0,148.0,1143.0,452.0,595.0,186.0,1208.0,1477.0,83.0,395.0,4318.0
01/02/2005,21.00.00,33.0,1133.0,98.0,971.0,357.0,683.0,172.0,1059.0,1332.0,78.0,413.0,4389.0
01/02/2005,22.00.00,30.0,1054.0,61.0,818.0,289.0,777.0,150.0,966.0,1210.0,73.0,438.0,4505.0
01/02/2005,23.00.00,26.0,1055.0,54.0,783.0,221.0,805.0,137.0,969.0,1167.0,67.0,476.0,4688.0
02/02/2005,00.00.00,26.0,1059.0,47.0,747.0,204.0,820.0,133.0,964.0,1133.0,66.0,512.0,5007.0
02/02/2005,01.00.00,26.0,1063.0,51.0,769.0,183.0,807.0,122.0,993.0,1109.0,64.0,526.0,5074.0
02/02/2005,02.00.00,29.0,1135.0,69.0,854.0,222.0,722.0,130.0,1065.0,1218.0,53.0,578.0,5177.0
02/02/2005,03.00.00,29.0,1126.0,73.0,869.0,216.0,680.0,125.5,1075.0,1222.0,34.0,667.0,5281.0
02/02/2005,04.00.00,25.0,1058.0,48.0,753.0,210.0,764.0,121.0,986.0,1149.0,33.0,668.0,5215.0
02/02/2005,05.00.00,20.0,1040.0,36.0,688.0,185.0,846.0,115.0,920.0,1090.0,37.0,629.0,5059.0
02/02/2005,06.00.00,22.0,1069.0,45.0,737.0,257.0,792.0,125.0,946.0,1114.0,26.0,675.0,5034.0
02/02/2005,07.00.00,24.0,1042.0,52.0,771.0,297.0,795.0,136.0,941.0,1089.0,35.0,609.0,4857.0
02/02/2005,08.00.00,40.0,1322.0,151.0,1151.0,573.0,566.0,174.0,1286.0,1446.0,27.0,634.0,4787.0
02/02/2005,09.00.00,67.0,1549.0,273.0,1485.0,883.0,422.0,224.0,1638.0,1930.0,28.0,642.0,4859.0
02/02/2005,10.00.00,56.0,1416.0,196.0,1285.0,824.0,501.0,230.0,1390.0,1809.0,58.0,531.0,4942.0
02/02/2005,11.00.00,43.0,1337.0,148.0,1143.0,693.0,560.0,205.0,1236.0,1769.0,97.0,401.0,4832.0
02/02/2005,12.00.00,40.0,1281.0,145.0,1132.0,714.0,577.0,204.0,1206.0,1696.0,127.0,300.0,4398.0
02/02/2005,13.00.00,26.0,1037.0,101.0,981.0,388.0,721.0,139.0,1000.0,1086.0,137.0,207.0,3221.0
02/02/2005,14.00.00,22.0,1028.0,101.0,983.0,337.0,728.0,133.0,979.0,1048.0,137.0,199.0,3114.0
02/02/2005,15.00.00,19.0,984.0,83.0,913.0,326.0,762.0,127.0,930.0,990.0,141.0,181.0,2884.0
02/02/2005,16.00.00,18.0,1010.0,90.0,940.0,329.0,759.0,124.0,960.0,1027.0,145.0,180.0,2956.0
02/02/2005,17.00.00,31.0,1113.0,134.0,1096.0,465.0,645.0,158.0,1092.0,1359.0,132.0,204.0,3074.0
02/02/2005,18.00.00,48.0,1253.0,195.0,1284.0,612.0,536.0,171.0,1285.0,1618.0,105.0,251.0,3194.0
02/02/2005,19.00.00,58.0,1400.0,278.0,1499.0,759.0,461.0,193.0,1527.0,1869.0,89.0,314.0,3597.0
02/02/2005,20.00.00,59.0,1470.0,314.0,1584.0,771.0,436.0,195.0,1641.0,2033.0,82.0,362.0,3953.0
02/02/2005,21.00.00,41.0,1281.0,156.0,1168.0,655.0,571.0,212.0,1195.0,1756.0,67.0,396.0,3906.0
02/02/2005,22.00.00,18.0,1084.0,70.0,855.0,332.0,748.0,193.0,939.0,1446.0,58.0,420.0,3904.0
02/02/2005,23.00.00,17.0,1097.0,78.0,892.0,287.0,719.0,167.0,979.0,1423.0,49.0,459.0,3999.0
03/02/2005,00.00.00,17.0,1032.0,56.0,791.0,242.0,793.0,156.0,915.0,1278.0,45.0,479.0,4079.0
03/02/2005,01.00.00,15.0,1046.0,60.0,812.0,242.0,782.0,153.0,940.0,1265.0,39.0,516.0,4226.0
03/02/2005,02.00.00,11.0,975.0,39.0,707.0,192.0,860.0,128.0,902.0,1107.0,34.0,547.0,4323.0
03/02/2005,03.00.00,9.0,932.0,28.0,642.0,163.0,950.0,112.0,871.0,1014.0,33.0,561.0,4379.0
03/02/2005,04.00.00,6.0,926.0,26.0,623.0,134.0,954.0,96.0,873.0,1011.0,20.0,608.0,4337.0
03/02/2005,05.00.00,3.0,932.0,29.0,645.0,142.0,916.0,105.0,882.0,1006.0,12.0,637.0,4327.0
03/02/2005,06.00.00,4.0,937.0,28.0,640.0,194.0,923.0,130.0,870.0,1010.0,21.0,603.0,4368.0
03/02/2005,07.00.00,6.0,996.0,42.0,724.0,216.0,861.0,134.0,938.0,1067.0,13.0,631.0,4322.0
03/02/2005,08.00.00,30.0,1382.0,167.0,1202.0,728.0,534.0,275.0,1352.0,1630.0,13.0,648.0,4410.0
03/02/2005,09.00.00,56.0,1544.0,291.0,1530.0,975.0,416.0,309.0,1706.0,2030.0,21.0,622.0,4491.0
03/02/2005,10.00.00,49.0,1429.0,207.0,1317.0,947.0,495.0,322.0,1425.0,1916.0,51.0,508.0,4499.0
03/02/2005,11.00.00,35.0,1312.0,155.0,1164.0,790.0,570.0,333.0,1230.0,1761.0,85.0,397.0,4425.0
03/02/2005,12.00.00,22.0,1205.0,103.0,989.0,551.0,643.0,235.0,1084.0,1597.0,115.0,330.0,4476.0
03/02/2005,13.00.00,27.0,1322.0,138.0,1110.0,565.0,568.0,241.0,1208.0,1776.0,122.0,343.0,4864.0
03/02/2005,14.00.00,27.0,1301.0,127.0,1074.0,532.0,574.0,214.0,1255.0,1636.0,135.0,350.0,5396.0
03/02/2005,15.00.00,21.0,1280.0,114.0,1030.0,459.0,597.0,174.0,1246.0,1480.0,149.0,349.0,5869.0
03/02/2005,16.00.00,20.0,1256.0,102.0,986.0,407.0,612.0,157.0,1240.0,1413.0,157.0,345.0,6111.0
03/02/2005,17.00.00,24.0,1358.0,143.0,1128.0,434.0,545.0,170.0,1344.0,1611.0,147.0,372.0,6180.0
03/02/2005,18.00.00,67.0,1713.0,324.0,1605.0,980.0,383.0,212.0,1870.0,2186.0,122.0,448.0,6342.0
03/02/2005,19.00.00,64.0,1655.0,290.0,1527.0,966.0,393.0,249.0,1758.0,2203.0,103.0,524.0,6578.0
03/02/2005,20.00.00,39.0,1444.0,176.0,1227.0,646.0,485.0,231.0,1414.0,1891.0,93.0,555.0,6503.0
03/02/2005,21.00.00,27.0,1314.0,126.0,1069.0,471.0,571.0,216.0,1271.0,1662.0,83.0,576.0,6304.0
03/02/2005,22.00.00,30.0,1368.0,155.0,1164.0,528.0,524.0,217.0,1350.0,1674.0,63.0,651.0,6237.0
03/02/2005,23.00.00,21.0,1195.0,91.0,943.0,378.0,645.0,203.0,1149.0,1462.0,65.0,631.0,6132.0
04/02/2005,00.00.00,12.0,1083.0,64.0,828.0,235.0,734.0,161.0,1067.0,1273.0,60.0,627.0,5890.0
04/02/2005,01.00.00,12.0,1055.0,51.0,771.0,217.0,781.0,147.0,1030.0,1174.0,51.0,654.0,5797.0
04/02/2005,02.00.00,7.0,973.0,33.0,672.0,141.0,887.0,111.0,954.0,1031.0,47.0,646.0,5568.0
04/02/2005,03.00.00,9.0,1039.0,53.0,777.0,149.5,778.0,113.0,1031.0,1082.0,29.0,722.0,5523.0
04/02/2005,04.00.00,8.0,949.0,31.0,657.0,158.0,895.0,115.0,948.0,991.0,50.0,635.0,5575.0
04/02/2005,05.00.00,4.0,920.0,22.0,601.0,87.0,974.0,80.0,920.0,925.0,39.0,655.0,5367.0
04/02/2005,06.00.00,7.0,989.0,39.0,703.0,194.0,843.0,122.0,988.0,1017.0,18.0,745.0,5271.0
04/02/2005,07.00.00,14.0,1100.0,69.0,854.0,401.0,714.0,186.0,1075.0,1187.0,18.0,737.0,5198.0
04/02/2005,08.00.00,40.0,1411.0,197.0,1288.0,887.0,492.0,306.0,1472.0,1638.0,23.0,709.0,5182.0
04/02/2005,09.00.00,39.0,1328.0,201.0,1300.0,654.0,499.0,301.0,1405.0,1672.0,44.0,611.0,5176.0
04/02/2005,10.00.00,31.0,1308.0,163.0,1189.0,566.0,534.0,274.0,1325.0,1656.0,77.0,498.0,5267.0
04/02/2005,11.00.00,32.0,1280.0,143.0,1127.0,649.0,558.0,247.0,1277.0,1641.0,121.0,369.0,5212.0
04/02/2005,12.00.00,15.0,1056.0,70.0,857.0,309.0,735.0,169.0,1028.0,1117.0,150.0,285.0,4821.0
04/02/2005,13.00.00,12.0,1019.0,63.0,825.0,229.0,781.0,138.0,994.0,901.0,145.0,283.0,4665.0
04/02/2005,14.00.00,19.0,1084.0,86.0,923.0,312.0,712.0,149.0,1085.0,1046.0,129.0,318.0,4707.0
04/02/2005,15.00.00,15.0,998.0,66.0,841.0,276.0,792.0,165.0,979.0,884.0,121.0,323.0,4548.0
04/02/2005,16.00.00,14.0,987.0,61.0,816.0,236.0,816.0,156.0,959.0,821.0,113.0,335.0,4476.0
04/02/2005,17.00.00,19.0,1079.0,88.0,932.0,312.0,719.0,184.0,1018.0,1056.0,114.0,326.0,4373.0
04/02/2005,18.00.00,22.0,1096.0,94.0,954.0,345.0,687.0,197.0,1085.0,1139.0,91.0,378.0,4372.0
04/02/2005,19.00.00,30.0,1146.0,118.0,1043.0,386.0,639.0,204.0,1169.0,1248.0,81.0,410.0,4458.0
04/02/2005,20.00.00,26.0,1125.0,113.0,1025.0,356.0,653.0,207.0,1147.0,1200.0,77.0,419.0,4409.0
04/02/2005,21.00.00,28.0,1130.0,97.0,968.0,467.0,680.0,208.0,1102.0,1220.0,71.0,439.0,4433.0
04/02/2005,22.00.00,16.0,1017.0,58.0,805.0,287.0,807.0,174.0,958.0,1032.0,63.0,458.0,4408.0
04/02/2005,23.00.00,13.0,1017.0,53.0,776.0,239.0,843.0,157.0,946.0,971.0,60.0,461.0,4351.0
05/02/2005,00.00.00,16.0,1041.0,53.0,778.0,266.0,828.0,166.0,947.0,1011.0,55.0,490.0,4471.0
05/02/2005,01.00.00,15.0,1034.0,51.0,769.0,261.0,816.0,167.0,952.0,1049.0,49.0,520.0,4548.0
05/02/2005,02.00.00,13.0,1009.0,48.0,751.0,223.0,828.0,154.0,939.0,1053.0,41.0,547.0,4536.0
05/02/2005,03.00.00,16.0,1105.0,64.0,828.0,247.5,735.0,159.0,997.0,1157.0,21.0,642.0,4633.0
05/02/2005,04.00.00,20.0,1084.0,70.0,859.0,272.0,703.0,164.0,1017.0,1163.0,15.0,662.0,4571.0
05/02/2005,05.00.00,13.0,989.0,44.0,731.0,226.0,815.0,149.0,936.0,1018.0,10.0,677.0,4523.0
05/02/2005,06.00.00,9.0,1047.0,56.0,792.0,250.0,757.0,150.0,957.0,1121.0,8.0,699.0,4591.0
05/02/2005,07.00.00,14.0,1091.0,73.0,868.0,402.0,705.0,205.0,1021.0,1200.0,13.0,672.0,4598.0
05/02/2005,08.00.00,31.0,1263.0,127.0,1074.0,708.0,614.0,283.0,1198.0,1403.0,20.0,636.0,4564.0
05/02/2005,09.00.00,41.0,1165.0,113.0,1024.0,759.0,646.0,310.0,1134.0,1365.0,41.0,527.0,4345.0
05/02/2005,10.00.00,13.0,966.0,49.0,760.0,302.0,877.0,200.0,890.0,940.0,75.0,392.0,4091.0
05/02/2005,11.00.00,9.0,927.0,38.0,702.0,210.0,932.0,147.0,847.0,750.0,90.0,345.0,3980.0
05/02/2005,12.00.00,10.0,909.0,34.0,678.0,180.0,960.0,128.0,838.0,652.0,92.0,345.0,4025.0
05/02/2005,13.00.00,10.0,941.0,42.0,723.0,165.0,922.0,121.0,880.0,643.0,93.0,338.0,3981.0
05/02/2005,14.00.00,11.0,903.0,37.0,696.0,180.0,932.0,129.0,850.0,629.0,93.0,331.0,3874.0
05/02/2005,15.00.00,8.0,891.0,33.0,668.0,147.0,991.0,110.0,819.0,549.0,97.0,308.0,3716.0
05/02/2005,16.00.00,10.0,904.0,34.0,674.0,177.0,968.0,126.0,824.0,578.0,96.0,311.0,3718.0
05/02/2005,17.00.00,9.0,900.0,31.0,659.0,157.0,990.0,121.0,807.0,582.0,86.0,328.0,3669.0
05/02/2005,18.00.00,9.0,926.0,43.0,725.0,195.0,933.0,142.0,847.0,694.0,72.0,350.0,3567.0
05/02/2005,19.00.00,16.0,999.0,62.0,821.0,263.0,846.0,174.0,915.0,926.0,64.0,368.0,3566.0
05/02/2005,20.00.00,14.0,994.0,52.0,774.0,239.0,854.0,168.0,917.0,915.0,60.0,402.0,3773.0
05/02/2005,21.00.00,14.0,1010.0,58.0,801.0,267.0,826.0,180.0,944.0,986.0,55.0,426.0,3874.0
05/02/2005,22.00.00,11.0,938.0,35.0,685.0,214.0,934.0,157.0,870.0,840.0,49.0,437.0,3809.0
05/02/2005,23.00.00,12.0,983.0,49.0,760.0,236.0,869.0,162.0,898.0,939.0,42.0,432.0,3605.0
06/02/2005,00.00.00,18.0,963.0,47.0,749.0,251.0,900.0,173.0,834.0,869.0,40.0,392.0,3228.0
06/02/2005,01.00.00,14.0,962.0,49.0,756.0,255.0,902.0,176.0,843.0,908.0,37.0,401.0,3230.0
06/02/2005,02.00.00,14.0,980.0,50.0,761.0,235.0,854.0,172.0,876.0,1051.0,31.0,471.0,3638.0
06/02/2005,03.00.00,9.0,914.0,29.0,644.0,182.0,972.0,140.0,832.0,922.0,26.0,488.0,3658.0
06/02/2005,04.00.00,8.5,898.0,26.0,624.0,129.0,987.0,108.0,825.0,871.0,8.0,538.0,3542.0
06/02/2005,05.00.00,8.0,854.0,18.0,572.0,95.0,1070.0,88.0,788.0,793.0,12.0,519.0,3515.0
06/02/2005,06.00.00,7.0,838.0,13.0,531.0,95.0,1146.0,85.0,774.0,753.0,10.0,522.0,3489.0
06/02/2005,07.00.00,7.0,831.0,15.0,543.0,100.0,1132.0,88.0,787.0,737.0,6.0,533.0,3467.0
06/02/2005,08.00.00,6.0,833.0,13.0,526.0,110.0,1169.0,94.0,771.0,722.0,8.0,528.0,3468.0
06/02/2005,09.00.00,8.0,870.0,20.0,582.0,149.0,1091.0,115.0,791.0,737.0,3.0,537.0,3424.0
06/02/2005,10.00.00,13.0,984.0,43.0,727.0,197.0,891.0,137.0,908.0,913.0,41.0,429.0,3551.0
06/02/2005,11.00.00,20.0,1065.0,67.0,844.0,351.0,780.0,212.0,979.0,1117.0,80.0,333.0,3591.0
06/02/2005,12.00.00,17.0,968.0,46.0,743.0,249.0,886.0,173.0,840.0,774.0,107.0,252.0,3242.0
06/02/2005,13.00.00,12.0,911.0,35.0,683.0,188.0,981.0,135.0,790.0,558.0,111.0,235.0,3105.0
06/02/2005,14.00.00,10.0,868.0,21.0,590.0,127.0,1081.0,100.0,753.0,420.0,106.0,260.0,3320.0
06/02/2005,15.00.00,8.0,868.0,19.0,576.0,96.0,1128.0,78.0,755.0,363.0,103.0,277.0,3481.0
06/02/2005,16.00.00,10.0,904.0,27.0,633.0,138.0,1040.0,100.0,789.0,410.0,102.0,283.0,3516.0
06/02/2005,17.00.00,14.0,944.0,37.0,693.0,217.0,928.0,150.0,832.0,568.0,92.0,299.0,3479.0
06/02/2005,18.00.00,11.0,925.0,29.0,649.0,186.0,1003.0,142.0,819.0,570.0,69.0,364.0,3635.0
06/02/2005,19.00.00,16.0,985.0,45.0,736.0,227.0,891.0,165.0,875.0,774.0,60.0,380.0,3584.0
06/02/2005,20.00.00,18.0,1002.0,53.0,780.0,252.0,855.0,179.0,892.0,857.0,58.0,364.0,3385.0
06/02/2005,21.00.00,14.0,938.0,37.0,692.0,193.0,937.0,149.0,805.0,737.0,58.0,354.0,3286.0
06/02/2005,22.00.00,11.0,896.0,26.0,627.0,158.0,1033.0,126.0,782.0,610.0,54.0,366.0,3304.0
06/02/2005,23.00.00,10.0,907.0,24.0,614.0,150.0,1052.0,120.0,782.0,627.0,51.0,379.0,3358.0
07/02/2005,00.00.00,11.0,902.0,24.0,613.0,130.0,1049.0,110.0,777.0,566.0,48.0,380.0,3300.0
07/02/2005,01.00.00,10.0,885.0,20.0,582.0,104.0,1072.0,92.0,760.0,517.0,45.0,381.0,3249.0
07/02/2005,02.00.00,8.0,863.0,15.0,545.0,86.0,1119.0,78.0,749.0,484.0,43.0,381.0,3207.0
07/02/2005,03.00.00,6.0,861.0,12.0,518.0,76.5,1141.0,71.5,738.0,482.0,39.0,399.0,3250.0
07/02/2005,04.00.00,6.0,852.0,8.0,482.0,67.0,1187.0,65.0,726.0,496.0,38.0,410.0,3327.0
07/02/2005,05.00.00,6.0,879.0,10.0,495.0,75.0,1147.0,73.0,753.0,623.0,33.0,446.0,3499.0
07/02/2005,06.00.00,6.0,900.0,13.0,525.0,97.0,1090.0,85.0,780.0,696.0,36.0,445.0,3574.0
07/02/2005,07.00.00,8.0,963.0,24.0,615.0,177.0,980.0,133.0,837.0,916.0,34.0,470.0,3713.0
07/02/2005,08.00.00,23.0,1183.0,87.0,929.0,433.0,675.0,246.0,1037.0,1309.0,29.0,495.0,3775.0
07/02/2005,09.00.00,28.0,1161.0,105.0,996.0,471.0,639.0,281.0,1067.0,1396.0,56.0,405.0,3704.0
07/02/2005,10.00.00,21.0,1102.0,79.0,896.0,346.0,720.0,222.0,969.0,1226.0,75.0,338.0,3520.0
07/02/2005,11.00.00,17.0,1029.0,65.0,835.0,262.0,771.0,182.0,897.0,1002.0,108.0,252.0,3251.0
07/02/2005,12.00.00,14.0,973.0,57.0,797.0,221.0,845.0,154.0,845.0,769.0,129.0,206.0,3045.0
07/02/2005,13.00.00,16.0,981.0,62.0,820.0,265.0,807.0,168.0,876.0,784.0,122.0,214.0,3033.0
07/02/2005,14.00.00,14.0,960.0,54.0,784.0,219.0,842.0,149.0,868.0,643.0,120.0,219.0,3069.0
07/02/2005,15.00.00,13.0,973.0,49.0,761.0,235.0,862.0,156.0,865.0,682.0,122.0,240.0,3392.0
07/02/2005,16.00.00,14.0,968.0,50.0,765.0,227.0,843.0,156.0,863.0,692.0,120.0,243.0,3393.0
07/02/2005,17.00.00,17.0,1022.0,69.0,854.0,285.0,771.0,187.0,941.0,926.0,105.0,278.0,3525.0
07/02/2005,18.00.00,19.0,1067.0,75.0,879.0,291.0,740.0,194.0,989.0,996.0,87.0,339.0,3832.0
07/02/2005,19.00.00,23.0,1101.0,82.0,908.0,295.0,707.0,204.0,1025.0,1095.0,78.0,376.0,4004.0
07/02/2005,20.00.00,20.0,1081.0,77.0,885.0,243.0,720.0,174.0,1017.0,1058.0,72.0,394.0,4032.0
07/02/2005,21.00.00,16.0,988.0,45.0,738.0,209.0,843.0,154.0,906.0,893.0,71.0,396.0,4019.0
07/02/2005,22.00.00,10.0,932.0,27.0,630.0,147.0,980.0,117.0,842.0,681.0,71.0,396.0,4001.0
07/02/2005,23.00.00,9.0,923.0,23.0,602.0,117.0,1028.0,98.0,831.0,599.0,72.0,393.0,4004.0
08/02/2005,00.00.00,9.0,915.0,21.0,589.0,105.0,1045.0,90.0,813.0,550.0,69.0,396.0,3966.0
08/02/2005,01.00.00,9.0,879.0,14.0,534.0,84.0,1129.0,74.0,785.0,470.0,70.0,398.0,4006.0
08/02/2005,02.00.00,5.0,852.0,8.0,479.0,51.0,1275.0,49.0,761.0,375.0,71.0,405.0,4090.0
08/02/2005,03.00.00,4.0,844.0,6.0,453.0,52.5,1378.0,51.5,748.0,337.0,69.0,409.0,4091.0
08/02/2005,04.00.00,5.0,878.0,10.0,496.0,54.0,1182.0,54.0,782.0,451.0,60.0,429.0,4040.0
08/02/2005,05.00.00,6.0,910.0,13.0,524.0,74.0,1102.0,69.0,802.0,600.0,64.0,427.0,4126.0
08/02/2005,06.00.00,6.0,918.0,16.0,551.0,114.0,1062.0,92.0,817.0,712.0,61.0,436.0,4129.0
08/02/2005,07.00.00,10.0,991.0,30.0,653.0,228.0,944.0,146.0,885.0,931.0,59.0,451.0,4211.0
08/02/2005,08.00.00,21.0,1223.0,100.0,979.0,455.0,658.0,224.0,1120.0,1332.0,60.0,464.0,4367.0
08/02/2005,09.00.00,29.0,1277.0,151.0,1153.0,493.0,543.0,253.0,1268.0,1520.0,66.0,437.0,4273.0
08/02/2005,10.00.00,22.0,1114.0,86.0,922.0,410.0,689.0,225.0,1022.0,1223.0,87.0,363.0,4074.0
08/02/2005,11.00.00,16.0,1088.0,69.0,853.0,277.0,729.0,180.0,996.0,1122.0,105.0,334.0,4246.0
08/02/2005,12.00.00,18.0,1064.0,76.0,881.0,340.0,727.0,194.0,979.0,1099.0,114.0,278.0,3748.0
08/02/2005,13.00.00,15.0,1047.0,69.0,854.0,238.0,753.0,158.0,959.0,904.0,127.0,274.0,4011.0
08/02/2005,14.00.00,22.0,1075.0,85.0,920.0,323.0,726.0,184.0,992.0,1022.0,133.0,233.0,3540.0
08/02/2005,15.00.00,16.0,973.0,53.0,777.0,286.0,858.0,165.0,844.0,719.0,139.0,207.0,3271.0
08/02/2005,16.00.00,15.0,942.0,44.0,733.0,271.0,912.0,156.0,800.0,609.0,136.0,200.0,3093.0
08/02/2005,17.00.00,18.0,949.5194805194806,45.61038961038961,739.1038961038961,276.0,906.3376623376623,172.0,807.7922077922078,628.8961038961039,135.33766233766235,204.01298701298703,3126.3896103896104
08/02/2005,18.00.00,18.0,957.038961038961,47.22077922077922,745.2077922077922,295.0,900.6753246753246,194.0,815.5844155844156,648.7922077922078,134.67532467532467,208.02597402597402,3159.779220779221
08/02/2005,19.00.00,23.0,964.5584415584416,48.83116883116883,751.3116883116883,340.0,895.012987012987,208.0,823.3766233766233,668.6883116883117,134.01298701298703,212.03896103896105,3193.1688311688313
08/02/2005,20.00.00,19.0,972.077922077922,50.44155844155844,757.4155844155844,275.0,889.3506493506494,187.0,831.1688311688312,688.5844155844156,133.35064935064935,216.05194805194805,3226.5584415584417
08/02/2005,21.00.00,19.0,979.5974025974026,52.05194805194805,763.5194805194806,293.0,883.6883116883117,187.0,838.961038961039,708.4805194805194,132.6883116883117,220.06493506493507,3259.948051948052
08/02/2005,22.00.00,11.0,987.1168831168832,53.66233766233766,769.6233766233767,157.0,878.025974025974,127.0,846.7532467532468,728.3766233766233,132.02597402597402,224.07792207792207,3293.3376623376626
08/02/2005,23.00.00,9.0,994.6363636363636,55.27272727272727,775.7272727272727,133.0,872.3636363636364,107.0,854.5454545454545,748.2727272727273,131.36363636363637,228.0909090909091,3326.7272727272725
09/02/2005,00.00.00,8.0,1002.1558441558442,56.883116883116884,781.8311688311688,120.0,866.7012987012987,99.0,862.3376623376623,768.1688311688312,130.7012987012987,232.1038961038961,3360.116883116883
09/02/2005,01.00.00,9.0,1009.6753246753246,58.493506493506494,787.9350649350649,122.0,861.038961038961,100.0,870.1298701298701,788.0649350649351,130.03896103896105,236.11688311688312,3393.5064935064934
09/02/2005,02.00.00,7.0,1017.1948051948052,60.103896103896105,794.038961038961,80.0,855.3766233766233,73.0,877.922077922078,807.961038961039,129.37662337662337,240.12987012987014,3426.896103896104
09/02/2005,03.00.00,8.0,1024.7142857142858,61.714285714285715,800.1428571428571,84.0,849.7142857142857,78.0,885.7142857142857,827.8571428571429,128.71428571428572,244.14285714285714,3460.285714285714
09/02/2005,04.00.00,7.5,1032.2337662337663,63.324675324675326,806.2467532467532,88.0,844.0519480519481,83.0,893.5064935064935,847.7532467532467,128.05194805194805,248.15584415584416,3493.6753246753246
09/02/2005,05.00.00,7.0,1039.7532467532467,64.93506493506493,812.3506493506493,109.0,838.3896103896104,92.0,901.2987012987013,867.6493506493507,127.3896103896104,252.16883116883116,3527.064935064935
09/02/2005,06.00.00,6.0,1047.2727272727273,66.54545454545455,818.4545454545455,120.0,832.7272727272727,100.0,909.0909090909091,887.5454545454545,126.72727272727272,256.1818181818182,3560.4545454545455
09/02/2005,07.00.00,10.0,1054.7922077922078,68.15584415584416,824.5584415584416,233.0,827.0649350649351,149.0,916.8831168831168,907.4415584415584,126.06493506493507,260.1948051948052,3593.844155844156
09/02/2005,08.00.00,17.0,1062.3116883116884,69.76623376623377,830.6623376623377,394.0,821.4025974025974,231.0,924.6753246753246,927.3376623376623,125.40259740259741,264.2077922077922,3627.2337662337663
09/02/2005,09.00.00,27.0,1069.8311688311687,71.37662337662337,836.7662337662338,424.0,815.7402597402597,245.0,932.4675324675325,947.2337662337662,124.74025974025975,268.2207792207792,3660.6233766233768
09/02/2005,10.00.00,33.0,1077.3506493506493,72.98701298701299,842.8701298701299,446.0,810.077922077922,203.0,940.2597402597403,967.1298701298701,124.07792207792208,272.23376623376623,3694.0129870129867
09/02/2005,11.00.00,21.0,1084.8701298701299,74.5974025974026,848.974025974026,266.0,804.4155844155844,165.0,948.0519480519481,987.0259740259739,123.41558441558442,276.24675324675326,3727.402597402597
09/02/2005,12.00.00,20.0,1092.3896103896104,76.20779220779221,855.077922077922,261.0,798.7532467532468,168.0,955.8441558441558,1006.922077922078,122.75324675324676,280.2597402597403,3760.7922077922076
09/02/2005,13.00.00,20.0,1099.909090909091,77.81818181818181,861.1818181818182,220.0,793.0909090909091,151.0,963.6363636363636,1026.8181818181818,122.0909090909091,284.27272727272725,3794.181818181818
09/02/2005,14.00.00,23.0,1107.4285714285716,79.42857142857143,867.2857142857142,241.0,787.4285714285714,152.0,971.4285714285714,1046.7142857142858,121.42857142857143,288.2857142857143,3827.5714285714284
09/02/2005,15.00.00,20.0,1114.948051948052,81.03896103896105,873.3896103896104,208.0,781.7662337662338,144.0,979.2207792207791,1066.6103896103896,120.76623376623377,292.2987012987013,3860.961038961039
09/02/2005,16.00.00,21.0,1122.4675324675325,82.64935064935065,879.4935064935065,215.0,776.1038961038961,148.0,987.012987012987,1086.5064935064934,120.1038961038961,296.31168831168833,3894.3506493506493
09/02/2005,17.00.00,23.0,1129.987012987013,84.25974025974025,885.5974025974026,257.0,770.4415584415584,176.0,994.8051948051948,1106.4025974025974,119.44155844155844,300.32467532467535,3927.7402597402597
09/02/2005,18.00.00,31.0,1137.5064935064936,85.87012987012987,891.7012987012987,355.0,764.7792207792209,209.0,1002.5974025974026,1126.2987012987014,118.77922077922078,304.3376623376623,3961.12987012987
09/02/2005,19.00.00,39.0,1145.025974025974,87.48051948051949,897.8051948051948,415.0,759.1168831168832,240.0,1010.3896103896104,1146.1948051948052,118.11688311688312,308.35064935064935,3994.5194805194806
09/02/2005,20.00.00,38.0,1152.5454545454545,89.0909090909091,903.9090909090909,349.0,753.4545454545455,223.0,1018.1818181818182,1166.090909090909,117.45454545454545,312.3636363636364,4027.909090909091
09/02/2005,21.00.00,29.0,1160.064935064935,90.7012987012987,910.012987012987,254.0,747.7922077922078,187.0,1025.974025974026,1185.9870129870128,116.79220779220779,316.3766233766234,4061.2987012987014
09/02/2005,22.00.00,22.0,1167.5844155844156,92.31168831168831,916.1168831168832,228.0,742.1298701298701,157.0,1033.7662337662337,1205.8831168831168,116.12987012987013,320.3896103896104,4094.688311688312
09/02/2005,23.00.00,19.0,1175.1038961038962,93.92207792207793,922.2207792207793,156.0,736.4675324675325,123.0,1041.5584415584415,1225.7792207792209,115.46753246753246,324.4025974025974,4128.077922077922
10/02/2005,00.00.00,20.0,1182.6233766233765,95.53246753246754,928.3246753246754,161.0,730.8051948051948,126.0,1049.3506493506493,1245.6753246753246,114.8051948051948,328.4155844155844,4161.467532467533
10/02/2005,01.00.00,18.0,1190.142857142857,97.14285714285714,934.4285714285714,123.0,725.1428571428571,106.0,1057.142857142857,1265.5714285714284,114.14285714285714,332.42857142857144,4194.857142857143
10/02/2005,02.00.00,16.0,1197.6623376623377,98.75324675324676,940.5324675324675,108.0,719.4805194805194,95.0,1064.935064935065,1285.4675324675325,113.48051948051948,336.4415584415584,4228.2467532467535
10/02/2005,03.00.00,15.0,1205.1818181818182,100.36363636363637,946.6363636363636,101.5,713.8181818181819,91.0,1072.7272727272727,1305.3636363636365,112.81818181818181,340.4545454545455,4261.636363636364
10/02/2005,04.00.00,14.0,1212.7012987012986,101.97402597402598,952.7402597402597,95.0,708.1558441558442,87.0,1080.5194805194806,1325.2597402597403,112.15584415584416,344.46753246753246,4295.0259740259735
10/02/2005,05.00.00,15.0,1220.2207792207791,103.58441558441558,958.8441558441558,102.0,702.4935064935065,88.0,1088.3116883116884,1345.155844155844,111.49350649350649,348.4805194805195,4328.415584415585
10/02/2005,06.00.00,17.0,1227.7402597402597,105.1948051948052,964.9480519480519,178.0,696.8311688311688,134.0,1096.1038961038962,1365.0519480519479,110.83116883116884,352.4935064935065,4361.805194805194
10/02/2005,07.00.00,19.0,1235.2597402597403,106.80519480519482,971.0519480519481,214.0,691.1688311688312,156.0,1103.8961038961038,1384.948051948052,110.16883116883116,356.5064935064935,4395.194805194806
10/02/2005,08.00.00,33.0,1242.7792207792209,108.41558441558442,977.1558441558442,492.0,685.5064935064935,247.0,1111.6883116883116,1404.844155844156,109.50649350649351,360.5194805194805,4428.584415584415
10/02/2005,09.00.00,38.0,1250.2987012987014,110.02597402597402,983.2597402597403,540.0,679.8441558441559,289.0,1119.4805194805194,1424.7402597402597,108.84415584415584,364.53246753246754,4461.9740259740265
10/02/2005,10.00.00,43.0,1257.8181818181818,111.63636363636364,989.3636363636364,604.0,674.1818181818182,250.0,1127.2727272727273,1444.6363636363635,108.18181818181819,368.54545454545456,4495.363636363636
10/02/2005,11.00.00,37.0,1265.3376623376623,113.24675324675326,995.4675324675325,646.0,668.5194805194806,232.0,1135.064935064935,1464.5324675324675,107.51948051948052,372.5584415584416,4528.7532467532465
10/02/2005,12.00.00,27.0,1272.857142857143,114.85714285714286,1001.5714285714286,418.0,662.8571428571429,185.0,1142.857142857143,1484.4285714285713,106.85714285714286,376.57142857142856,4562.142857142857
10/02/2005,13.00.00,22.0,1280.3766233766235,116.46753246753246,1007.6753246753246,250.0,657.1948051948052,147.0,1150.6493506493507,1504.3246753246754,106.1948051948052,380.5844155844156,4595.532467532467
10/02/2005,14.00.00,24.0,1287.8961038961038,118.07792207792208,1013.7792207792209,226.0,651.5324675324675,128.0,1158.4415584415583,1524.2207792207791,105.53246753246754,384.5974025974026,4628.922077922078
10/02/2005,15.00.00,22.0,1295.4155844155844,119.6883116883117,1019.8831168831168,271.0,645.8701298701299,131.0,1166.2337662337663,1544.116883116883,104.87012987012987,388.6103896103896,4662.311688311688
10/02/2005,16.00.00,23.0,1302.935064935065,121.2987012987013,1025.987012987013,288.0,640.2077922077922,135.0,1174.025974025974,1564.012987012987,104.20779220779221,392.62337662337666,4695.701298701299
10/02/2005,17.00.00,26.0,1310.4545454545455,122.9090909090909,1032.090909090909,299.0,634.5454545454545,149.0,1181.8181818181818,1583.909090909091,103.54545454545455,396.6363636363636,4729.090909090909
10/02/2005,18.00.00,42.0,1317.974025974026,124.51948051948052,1038.1948051948052,534.0,628.8831168831168,209.0,1189.6103896103896,1603.8051948051948,102.88311688311688,400.64935064935065,4762.480519480519
10/02/2005,19.00.00,62.0,1325.4935064935066,126.12987012987014,1044.2987012987014,687.0,623.2207792207793,243.0,1197.4025974025974,1623.7012987012986,102.22077922077922,404.6623376623377,4795.87012987013
10/02/2005,20.00.00,84.0,1333.012987012987,127.74025974025975,1050.4025974025974,1028.0,617.5584415584416,276.0,1205.1948051948052,1643.5974025974026,101.55844155844156,408.67532467532465,4829.25974025974
10/02/2005,21.00.00,45.0,1340.5324675324675,129.35064935064935,1056.5064935064934,605.0,611.8961038961039,225.0,1212.987012987013,1663.4935064935064,100.8961038961039,412.6883116883117,4862.649350649351
10/02/2005,22.00.00,27.0,1348.051948051948,130.96103896103898,1062.6103896103896,345.0,606.2337662337662,194.0,1220.7792207792209,1683.3896103896104,100.23376623376623,416.7012987012987,4896.038961038961
10/02/2005,23.00.00,24.0,1355.5714285714284,132.57142857142858,1068.7142857142858,255.0,600.5714285714287,164.0,1228.5714285714284,1703.2857142857142,99.57142857142857,420.7142857142857,4929.428571428572
11/02/2005,00.00.00,23.0,1363.090909090909,134.1818181818182,1074.8181818181818,211.0,594.909090909091,148.0,1236.3636363636365,1723.181818181818,98.9090909090909,424.72727272727275,4962.818181818182
11/02/2005,01.00.00,22.0,1370.6103896103896,135.7922077922078,1080.922077922078,190.0,589.2467532467533,136.0,1244.155844155844,1743.077922077922,98.24675324675324,428.7402597402597,4996.207792207792
11/02/2005,02.00.00,20.0,1378.1298701298701,137.4025974025974,1087.025974025974,149.0,583.5844155844156,116.0,1251.948051948052,1762.9740259740258,97.58441558441558,432.7532467532468,5029.597402597403
11/02/2005,03.00.00,16.0,1385.6493506493507,139.01298701298703,1093.1298701298701,128.0,577.922077922078,103.5,1259.7402597402597,1782.8701298701299,96.92207792207793,436.76623376623377,5062.987012987013
11/02/2005,04.00.00,16.0,1393.1688311688313,140.62337662337663,1099.2337662337663,107.0,572.2597402597403,91.0,1267.5324675324675,1802.7662337662337,96.25974025974025,440.7792207792208,5096.376623376624
11/02/2005,05.00.00,15.0,1400.6883116883116,142.23376623376623,1105.3376623376623,98.0,566.5974025974026,87.0,1275.3246753246754,1822.6623376623377,95.5974025974026,444.7922077922078,5129.766233766233
11/02/2005,06.00.00,17.0,1408.2077922077922,143.84415584415586,1111.4415584415585,183.0,560.9350649350649,123.0,1283.1168831168832,1842.5584415584415,94.93506493506493,448.8051948051948,5163.1558441558445
11/02/2005,07.00.00,18.0,1415.7272727272727,145.45454545454547,1117.5454545454545,224.0,555.2727272727273,152.0,1290.909090909091,1862.4545454545455,94.27272727272728,452.8181818181818,5196.545454545454
11/02/2005,08.00.00,38.0,1423.2467532467533,147.06493506493507,1123.6493506493507,589.0,549.6103896103896,267.0,1298.7012987012986,1882.3506493506493,93.6103896103896,456.83116883116884,5229.935064935065
11/02/2005,09.00.00,59.0,1430.7662337662337,148.67532467532467,1129.7532467532467,700.0,543.9480519480519,296.0,1306.4935064935066,1902.246753246753,92.94805194805195,460.84415584415586,5263.324675324675
11/02/2005,10.00.00,54.0,1438.2857142857142,150.28571428571428,1135.857142857143,747.0,538.2857142857143,291.0,1314.2857142857142,1922.142857142857,92.28571428571428,464.8571428571429,5296.714285714286
11/02/2005,11.00.00,47.0,1445.8051948051948,151.8961038961039,1141.9610389610389,746.0,532.6233766233767,276.0,1322.077922077922,1942.038961038961,91.62337662337663,468.87012987012986,5330.103896103896
11/02/2005,12.00.00,43.0,1453.3246753246754,153.5064935064935,1148.064935064935,702.0,526.961038961039,250.0,1329.8701298701299,1961.935064935065,90.96103896103895,472.8831168831169,5363.493506493507
11/02/2005,13.00.00,54.0,1460.844155844156,155.11688311688312,1154.1688311688313,723.0,521.2987012987013,251.0,1337.6623376623377,1981.8311688311687,90.2987012987013,476.8961038961039,5396.883116883117
11/02/2005,14.00.00,58.0,1468.3636363636365,156.72727272727275,1160.2727272727273,872.0,515.6363636363637,275.0,1345.4545454545455,2001.7272727272727,89.63636363636363,480.90909090909093,5430.272727272728
11/02/2005,15.00.00,61.0,1475.883116883117,158.33766233766235,1166.3766233766235,1054.0,509.974025974026,312.0,1353.246753246753,2021.6233766233765,88.97402597402598,484.9220779220779,5463.662337662337
11/02/2005,16.00.00,71.0,1483.4025974025974,159.94805194805195,1172.4805194805194,1218.0,504.31168831168833,340.0,1361.0389610389611,2041.5194805194806,88.31168831168831,488.93506493506493,5497.051948051948
11/02/2005,17.00.00,66.0,1490.922077922078,161.55844155844156,1178.5844155844156,1227.0,498.64935064935065,326.0,1368.8311688311687,2061.4155844155844,87.64935064935065,492.94805194805195,5530.441558441558
11/02/2005,18.00.00,65.0,1498.4415584415583,163.16883116883116,1184.6883116883116,1061.0,492.98701298701303,284.0,1376.6233766233768,2081.311688311688,86.98701298701299,496.961038961039,5563.831168831169
11/02/2005,19.00.00,71.0,1505.9610389610389,164.7792207792208,1190.7922077922078,1075.0,487.32467532467535,289.0,1384.4155844155844,2101.2077922077924,86.32467532467533,500.974025974026,5597.220779220779
11/02/2005,20.00.00,49.0,1513.4805194805194,166.3896103896104,1196.8961038961038,641.0,481.6623376623377,215.0,1392.2077922077922,2121.1038961038957,85.66233766233766,504.987012987013,5630.61038961039
11/02/2005,21.00.00,40.0,1521.0,168.0,1203.0,490.0,476.0,207.0,1400.0,2141.0,85.0,509.0,5664.0
11/02/2005,22.00.00,40.0,1428.0,130.0,1085.0,550.0,526.0,213.0,1268.0,2023.0,83.0,533.0,5843.0
11/02/2005,23.00.00,36.0,1463.0,126.0,1069.0,422.0,530.0,192.0,1279.0,1967.0,71.0,581.0,5885.0
12/02/2005,00.00.00,42.0,1494.0,142.0,1124.0,541.0,504.0,211.0,1313.0,1931.0,58.0,643.0,5964.0
12/02/2005,01.00.00,43.0,1462.0,129.0,1080.0,599.0,522.0,229.0,1274.0,1889.0,53.0,668.0,5979.0
12/02/2005,02.00.00,36.0,1326.0,97.0,967.0,490.0,578.0,216.0,1174.0,1699.0,50.0,666.0,5871.0
12/02/2005,03.00.00,25.0,1185.0,59.0,807.0,356.5,685.0,181.0,1051.0,1467.0,50.0,663.0,5811.0
12/02/2005,04.00.00,19.5,1154.0,55.0,788.0,223.0,709.0,146.0,1065.0,1390.0,51.0,659.0,5827.0
12/02/2005,05.00.00,14.0,1175.0,66.0,839.0,214.0,670.0,136.0,1087.0,1371.0,41.0,690.0,5735.0
12/02/2005,06.00.00,14.0,1203.0,73.0,870.0,274.0,641.0,156.0,1103.0,1427.0,46.0,676.0,5778.0
12/02/2005,07.00.00,16.0,1250.0,88.0,933.0,338.0,620.0,176.0,1144.0,1489.0,52.0,655.0,5836.0
12/02/2005,08.00.00,23.0,1321.0,119.0,1046.0,496.0,562.0,224.0,1263.0,1610.0,60.0,628.0,5929.0
12/02/2005,09.00.00,24.0,1323.0,120.0,1049.0,433.0,550.0,207.0,1290.0,1619.0,71.0,593.0,6005.0
12/02/2005,10.00.00,27.0,1381.0,119.0,1045.0,496.0,541.0,221.0,1307.0,1706.0,78.0,580.0,6136.0
12/02/2005,11.00.00,34.0,1480.0,162.0,1186.0,615.0,498.0,229.0,1382.0,1882.0,90.0,547.0,6271.0
12/02/2005,12.00.00,31.0,1485.0,176.0,1229.0,551.0,477.0,208.0,1450.0,1911.0,100.0,531.0,6495.0
12/02/2005,13.00.00,36.0,1522.0,176.0,1229.0,575.0,470.0,207.0,1488.0,1943.0,108.0,520.0,6738.0
12/02/2005,14.00.00,38.0,1570.0,175.0,1224.0,575.0,468.0,216.0,1448.0,2020.0,110.0,514.0,6746.0
12/02/2005,15.00.00,33.0,1507.0,157.0,1170.0,574.0,488.0,224.0,1392.0,1999.0,110.0,514.0,6725.0
12/02/2005,16.00.00,34.0,1540.0,167.0,1202.0,582.0,475.0,225.0,1440.0,2008.0,109.0,520.0,6796.0
12/02/2005,17.00.00,37.0,1556.0,171.0,1214.0,658.0,472.0,227.0,1435.0,2026.0,111.0,520.0,6869.0
12/02/2005,18.00.00,46.0,1707.0,230.0,1378.0,851.0,416.0,248.0,1637.0,2225.0,110.0,536.0,7033.0
12/02/2005,19.00.00,50.0,1766.0,246.0,1419.0,903.0,404.0,251.0,1659.0,2317.0,110.0,551.0,7221.0
12/02/2005,20.00.00,57.0,1846.0,268.0,1474.0,952.0,389.0,265.0,1712.0,2426.0,114.0,554.0,7471.0
12/02/2005,21.00.00,52.0,1795.0,232.0,1382.0,894.0,410.0,262.0,1609.0,2355.0,111.0,569.0,7506.0
12/02/2005,22.00.00,50.0,1755.0,220.0,1352.0,839.0,417.0,241.0,1587.0,2375.0,102.0,600.0,7461.0
12/02/2005,23.00.00,45.0,1738.0,204.0,1309.0,743.0,424.0,231.0,1543.0,2494.0,101.0,599.0,7379.0
13/02/2005,00.00.00,41.0,1712.0,180.0,1239.0,671.0,443.0,229.0,1488.0,2411.0,99.0,632.0,7706.0
13/02/2005,01.00.00,41.0,1751.0,185.0,1255.0,689.0,435.0,221.0,1541.0,2226.0,94.0,734.0,8662.0
13/02/2005,02.00.00,31.0,1574.0,133.0,1093.0,478.0,497.0,180.0,1451.0,1808.0,94.0,777.0,9203.0
13/02/2005,03.00.00,27.0,1458.0,113.0,1024.0,411.5,530.0,160.0,1413.0,1571.0,96.0,787.0,9429.0
13/02/2005,04.00.00,28.0,1515.0,125.0,1066.0,345.0,508.0,140.0,1430.0,1548.0,89.0,813.0,9277.0
13/02/2005,05.00.00,29.0,1491.0,115.0,1031.0,373.0,515.0,153.0,1387.0,1541.0,85.0,829.0,9243.0
13/02/2005,06.00.00,26.0,1453.0,109.0,1012.0,324.0,534.0,150.0,1348.0,1441.0,83.0,840.0,9234.0
13/02/2005,07.00.00,26.0,1443.0,107.0,1003.0,341.0,542.0,145.0,1356.0,1396.0,81.0,850.0,9221.0
13/02/2005,08.00.00,28.0,1473.0,119.0,1047.0,424.0,522.0,149.0,1420.0,1411.0,87.0,837.0,9423.0
13/02/2005,09.00.00,33.0,1548.0,134.0,1097.0,522.0,491.0,155.0,1477.0,1497.0,95.0,824.0,9760.0
13/02/2005,10.00.00,32.0,1586.0,130.0,1084.0,492.0,495.0,158.0,1473.0,1619.0,110.0,782.0,10220.0
13/02/2005,11.00.00,33.0,1488.0,112.0,1023.0,492.0,533.0,188.0,1456.0,1590.0,141.0,679.0,10859.0
13/02/2005,12.00.00,15.0,1220.0,55.0,787.0,204.0,675.0,154.0,1310.0,1163.0,163.0,566.0,10422.0
13/02/2005,13.00.00,12.0,1198.0,49.0,758.0,142.0,698.0,107.0,1277.0,1001.0,187.0,480.0,10259.0
13/02/2005,14.00.00,11.0,1168.0,65.0,836.0,118.0,666.0,92.0,1278.0,822.0,195.0,393.0,8820.0
13/02/2005,15.00.00,17.0,1149.0,84.0,917.0,126.0,616.0,106.0,1293.0,773.0,199.0,341.0,7820.0
13/02/2005,16.00.00,10.0,1052.0,44.0,734.0,115.0,799.0,90.0,1109.0,588.0,194.0,324.0,7239.0
13/02/2005,17.00.00,10.0,1053.0,43.0,727.0,137.0,789.0,100.0,1081.0,610.0,171.0,358.0,6944.0
13/02/2005,18.00.00,26.0,1238.0,116.0,1037.0,212.0,583.0,132.0,1388.0,1000.0,155.0,407.0,7103.0
13/02/2005,19.00.00,25.0,1188.0,90.0,939.0,354.0,658.0,211.0,1234.0,1048.0,148.0,428.0,7182.0
13/02/2005,20.00.00,21.0,1150.0,78.0,891.0,331.0,684.0,179.0,1198.0,1002.0,139.0,438.0,6937.0
13/02/2005,21.00.00,10.0,984.0,37.0,694.0,141.0,881.0,116.0,1032.0,711.0,137.0,429.0,6687.0
13/02/2005,22.00.00,13.0,1111.0,53.0,777.0,228.0,760.0,143.0,1137.0,1024.0,125.0,478.0,6877.0
13/02/2005,23.00.00,15.0,1131.0,56.0,793.0,228.0,728.0,142.0,1173.0,1054.0,118.0,534.0,7366.0
14/02/2005,00.00.00,14.0,1115.0,53.0,778.0,203.0,749.0,135.0,1158.0,994.0,109.0,559.0,7312.0
14/02/2005,01.00.00,16.0,1133.0,60.0,811.0,215.0,708.0,136.0,1182.0,1031.0,101.0,589.0,7301.0
14/02/2005,02.00.00,11.0,1024.0,40.0,709.0,142.0,798.0,109.0,1120.0,884.0,98.0,612.0,7413.0
14/02/2005,03.00.00,7.0,968.0,28.0,639.0,104.0,891.0,85.5,1080.0,794.0,84.0,671.0,7411.0
14/02/2005,04.00.00,5.0,923.0,18.0,567.0,66.0,994.0,62.0,1024.0,688.0,83.0,672.0,7382.0
14/02/2005,05.00.00,4.0,902.0,15.0,548.0,54.0,1063.0,49.0,1024.0,617.0,77.0,689.0,7280.0
14/02/2005,06.00.00,7.0,995.0,29.0,646.0,121.0,895.0,81.0,1053.0,818.0,69.0,700.0,6997.0
14/02/2005,07.00.00,7.0,858.0,22.0,597.0,141.0,1054.0,104.0,857.0,690.0,90.0,373.0,4297.0
14/02/2005,08.00.00,23.0,1233.0,114.0,1030.0,388.0,619.0,176.0,1257.0,1291.0,94.0,449.0,5296.0
14/02/2005,09.00.00,25.0,1140.0,95.0,958.0,366.0,627.0,193.0,1175.0,1200.0,103.0,454.0,5666.0
14/02/2005,10.00.00,17.0,1096.0,116.0,1036.0,254.0,635.0,168.0,1043.0,1127.0,115.0,396.0,5372.0
14/02/2005,11.00.00,25.0,1295.0,339.0,1639.0,164.0,477.0,123.0,1013.0,1582.0,117.0,369.0,5060.0
14/02/2005,12.00.00,21.0,926.0,76.0,882.0,142.0,744.0,111.0,913.0,700.0,118.0,362.0,4999.0
14/02/2005,13.00.00,11.0,970.0,70.0,857.0,162.0,748.0,120.0,990.0,693.0,120.0,387.0,5402.0
14/02/2005,14.00.00,13.0,960.0,69.0,853.0,177.0,782.0,123.0,967.0,709.0,137.0,303.0,4724.0
14/02/2005,15.00.00,11.0,941.0,58.0,800.0,157.0,823.0,115.0,917.0,671.0,126.0,306.0,4443.0
14/02/2005,16.00.00,11.0,921.0,52.0,771.0,162.0,850.0,120.0,885.0,632.0,130.0,274.0,4085.0
14/02/2005,17.00.00,14.0,940.0,64.0,829.0,209.0,823.0,140.0,901.0,716.0,136.0,227.0,3529.0
14/02/2005,18.00.00,23.0,1036.0,119.0,1046.0,304.0,694.0,185.0,1044.0,1059.0,118.0,230.0,3171.0
14/02/2005,19.00.00,42.0,1102.0,174.0,1221.0,484.0,609.0,212.0,1136.0,1329.0,107.0,199.0,2547.0
14/02/2005,20.00.00,35.0,1035.0,147.0,1141.0,399.0,670.0,200.0,1018.0,1196.0,104.0,180.0,2269.0
14/02/2005,21.00.00,30.0,990.0,100.0,978.0,390.0,751.0,191.0,928.0,1131.0,97.0,206.0,2488.0
14/02/2005,22.00.00,17.0,950.0,66.0,839.0,287.0,834.0,169.0,878.0,977.0,94.0,248.0,2923.0
14/02/2005,23.00.00,16.0,988.0,66.0,839.0,202.0,803.0,139.0,936.0,963.0,88.0,312.0,3533.0
15/02/2005,00.00.00,10.0,884.0,31.0,658.0,126.0,982.0,102.0,813.0,581.0,87.0,312.0,3521.0
15/02/2005,01.00.00,8.0,840.0,22.0,597.0,87.0,1081.0,76.0,766.0,432.0,85.0,304.0,3391.0
15/02/2005,02.00.00,6.0,814.0,13.0,526.0,59.0,1228.0,56.0,740.0,352.0,80.0,329.0,3530.0
15/02/2005,03.00.00,4.0,821.0,11.0,509.0,45.0,1235.0,43.0,762.0,348.0,71.0,374.0,3799.0
15/02/2005,04.00.00,3.5,802.0,5.0,440.0,31.0,1413.0,30.0,738.0,312.0,69.0,391.0,3901.0
15/02/2005,05.00.00,3.0,805.0,5.0,437.0,28.0,1491.0,28.0,738.0,296.0,69.0,398.0,3966.0
15/02/2005,06.00.00,4.0,850.0,13.0,529.0,64.0,1183.0,56.0,780.0,385.0,61.0,408.0,3868.0
15/02/2005,07.00.00,5.0,913.0,25.0,619.0,123.0,1018.0,94.0,834.0,586.0,60.0,415.0,3896.0
15/02/2005,08.00.00,15.0,1047.0,67.0,844.0,363.0,784.0,196.0,979.0,987.0,61.0,399.0,3781.0
15/02/2005,09.00.00,21.0,1055.0,80.0,899.0,416.0,731.0,220.0,1017.0,1035.0,65.0,395.0,3865.0
15/02/2005,10.00.00,16.0,974.0,53.0,778.0,286.0,832.0,168.0,905.0,782.0,94.0,327.0,3855.0
15/02/2005,11.00.00,10.0,863.0,33.0,669.0,198.0,993.0,133.0,776.0,511.0,113.0,249.0,3318.0
15/02/2005,12.00.00,12.0,889.0,44.0,734.0,216.0,942.0,134.0,801.0,566.0,128.0,198.0,2933.0
15/02/2005,13.00.00,13.0,906.0,55.0,790.0,211.0,893.0,138.0,837.0,642.0,123.0,193.0,2740.0
15/02/2005,14.00.00,14.0,874.0,48.0,751.0,199.0,918.0,135.0,792.0,591.0,120.0,193.0,2716.0
15/02/2005,15.00.00,10.0,849.0,35.0,680.0,161.0,1015.0,111.0,741.0,461.0,119.0,192.0,2677.0
15/02/2005,16.00.00,14.0,923.0,49.0,761.0,218.0,909.0,124.0,840.0,609.0,121.0,207.0,2906.0
15/02/2005,17.00.00,15.0,962.0,66.0,841.0,252.0,827.0,158.0,901.0,821.0,115.0,221.0,2987.0
15/02/2005,18.00.00,24.0,1067.0,123.0,1059.0,337.0,671.0,181.0,1085.0,1163.0,104.0,231.0,2905.0
15/02/2005,19.00.00,28.0,1125.0,141.0,1121.0,357.0,630.0,185.0,1132.0,1405.0,95.0,252.0,2996.0
15/02/2005,20.00.00,31.0,1149.0,142.0,1124.0,410.0,623.0,187.0,1141.0,1405.0,89.0,269.0,3069.0
15/02/2005,21.00.00,31.0,1155.0,116.0,1034.0,445.0,648.0,196.0,1061.0,1429.0,82.0,301.0,3270.0
15/02/2005,22.00.00,20.0,1065.0,82.0,908.0,314.0,741.0,174.0,953.0,1284.0,74.0,318.0,3287.0
15/02/2005,23.00.00,21.0,1145.0,92.0,946.0,366.0,699.0,182.0,1015.0,1409.0,66.0,375.0,3664.0
16/02/2005,00.00.00,19.0,1134.0,83.0,912.0,336.0,707.0,182.0,999.0,1376.0,63.0,401.0,3842.0
16/02/2005,01.00.00,25.0,1195.0,107.0,1004.0,387.0,652.0,193.0,1078.0,1421.0,52.0,442.0,3943.0
16/02/2005,02.00.00,20.0,1141.0,80.0,898.0,320.0,689.0,174.0,1014.0,1356.0,44.0,475.0,4017.0
16/02/2005,03.00.00,14.0,1077.0,59.0,806.0,278.5,725.0,158.0,949.0,1296.0,40.0,491.0,4019.0
16/02/2005,04.00.00,11.0,1052.0,45.0,740.0,237.0,768.0,142.0,913.0,1202.0,33.0,522.0,4074.0
16/02/2005,05.00.00,8.0,1033.0,38.0,701.0,224.0,782.0,137.0,883.0,1206.0,32.0,524.0,4071.0
16/02/2005,06.00.00,9.0,1080.0,51.0,768.0,237.0,732.0,140.0,924.0,1305.0,36.0,517.0,4123.0
16/02/2005,07.00.00,16.0,1208.0,88.0,931.0,454.0,622.0,201.0,1052.0,1485.0,35.0,542.0,4297.0
16/02/2005,08.00.00,36.0,1363.0,161.0,1183.0,854.0,520.0,288.0,1273.0,1643.0,52.0,483.0,4304.0
16/02/2005,09.00.00,33.0,1239.0,134.0,1096.0,758.0,577.0,260.0,1211.0,1459.0,78.0,376.0,3994.0
16/02/2005,10.00.00,21.0,1044.0,90.0,940.0,428.0,706.0,206.0,1014.0,1152.0,89.0,338.0,3850.0
16/02/2005,11.00.00,13.0,956.0,50.0,761.0,205.0,849.0,98.0,887.0,885.0,91.0,330.0,3827.0
16/02/2005,12.00.00,11.0,955.0,43.0,725.0,205.0,890.0,138.0,880.0,770.0,91.0,345.0,3994.0
16/02/2005,13.00.00,15.0,997.0,63.0,825.0,226.0,790.0,139.0,948.0,852.0,96.0,313.0,3763.0
16/02/2005,14.00.00,15.0,987.0,60.0,810.0,199.0,801.0,137.0,939.0,830.0,85.0,363.0,4026.0
16/02/2005,15.00.00,16.0,1007.0,57.0,798.0,253.0,793.0,155.0,942.0,867.0,93.0,346.0,4050.0
16/02/2005,16.00.00,15.0,1025.0,56.0,795.0,259.0,783.0,155.0,967.0,881.0,89.0,379.0,4318.0
16/02/2005,17.00.00,16.0,1083.0,70.0,856.0,252.0,720.0,148.0,1010.0,975.0,82.0,418.0,4563.0
16/02/2005,18.00.00,22.0,1143.0,95.0,960.0,313.0,641.0,153.0,1110.0,1136.0,74.0,445.0,4582.0
16/02/2005,19.00.00,34.0,1288.0,159.0,1178.0,433.0,539.0,171.0,1300.0,1434.0,70.0,434.0,4366.0
16/02/2005,20.00.00,56.0,1464.0,247.0,1421.0,611.0,457.0,227.0,1542.0,1746.0,66.0,434.0,4241.0
16/02/2005,21.00.00,52.0,1341.0,168.0,1204.0,626.0,534.0,251.0,1294.0,1592.0,59.0,443.0,4137.0
16/02/2005,22.00.00,28.0,1177.0,107.0,1004.0,408.0,640.0,216.0,1111.0,1341.0,50.0,466.0,4099.0
16/02/2005,23.00.00,24.0,1089.0,83.0,913.0,357.0,712.0,200.0,1016.0,1208.0,58.0,403.0,3740.0
17/02/2005,00.00.00,27.0,1196.0,110.0,1014.0,375.0,643.0,192.0,1101.0,1334.0,54.0,438.0,3945.0
17/02/2005,01.00.00,26.0,1107.0,74.0,874.0,326.0,721.0,187.0,984.0,1208.0,57.0,421.0,3883.0
17/02/2005,02.00.00,23.0,1102.0,79.0,897.0,326.0,715.0,173.0,1024.0,1196.0,57.0,421.0,3885.0
17/02/2005,03.00.00,10.0,993.0,36.0,688.0,199.0,847.0,118.5,874.0,931.0,58.0,429.0,3990.0
17/02/2005,04.00.00,6.0,912.0,17.0,559.0,72.0,1016.0,64.0,837.0,656.0,57.0,466.0,4298.0
17/02/2005,05.00.00,5.0,883.0,10.0,496.0,49.0,1140.0,46.0,804.0,478.0,69.0,450.0,4499.0
17/02/2005,06.00.00,5.0,893.0,11.0,507.0,59.0,1111.0,51.0,794.0,489.0,69.0,422.0,4224.0
17/02/2005,07.00.00,10.0,1033.0,40.0,711.0,220.0,893.0,115.0,935.0,893.0,64.0,438.0,4230.0
17/02/2005,08.00.00,26.0,1222.0,97.0,966.0,602.0,636.0,238.0,1134.0,1322.0,66.0,446.0,4383.0
17/02/2005,09.00.00,27.0,1190.0,106.0,1000.0,485.0,624.0,202.0,1152.0,1280.0,77.0,421.0,4440.0
17/02/2005,10.00.00,18.0,1035.0,54.0,783.0,295.0,794.0,167.0,969.0,943.0,101.0,367.0,4536.0
17/02/2005,11.00.00,12.0,990.0,39.0,705.0,217.0,873.0,139.0,913.0,772.0,90.0,414.0,4775.0
17/02/2005,12.00.00,13.0,1011.0,44.0,732.0,236.0,830.0,147.0,944.0,826.0,87.0,425.0,4787.0
17/02/2005,13.00.00,14.0,1041.0,50.0,763.0,196.0,790.0,130.0,1003.0,808.0,83.0,478.0,5238.0
17/02/2005,14.00.00,18.0,1086.0,68.0,850.0,233.0,723.0,143.0,1072.0,901.0,89.0,455.0,5208.0
17/02/2005,15.00.00,13.0,1021.0,48.0,755.0,207.0,807.0,143.0,980.0,763.0,89.0,461.0,5256.0
17/02/2005,16.00.00,14.0,1014.0,50.0,761.0,198.0,806.0,136.0,972.0,722.0,90.0,449.0,5173.0
17/02/2005,17.00.00,14.0,1023.0,52.0,771.0,212.0,807.0,143.0,982.0,735.0,93.0,423.0,4974.0
17/02/2005,18.00.00,24.0,1172.0,100.0,977.0,280.0,657.0,177.0,1160.0,1047.0,84.0,452.0,4977.0
17/02/2005,19.00.00,28.0,1172.0,111.0,1017.0,315.0,623.0,198.0,1185.0,1163.0,76.0,478.0,5013.0
17/02/2005,20.00.00,33.0,1219.0,129.0,1081.0,378.0,590.0,200.0,1246.0,1244.0,74.0,472.0,4871.0
17/02/2005,21.00.00,25.0,1106.0,78.0,891.0,320.0,708.0,191.0,1058.0,1025.0,74.0,469.0,4854.0
17/02/2005,22.00.00,21.0,1078.0,63.0,824.0,265.0,759.0,169.0,1016.0,982.0,69.0,482.0,4832.0
17/02/2005,23.00.00,12.0,939.0,28.0,637.0,129.0,960.0,106.0,883.0,607.0,71.0,479.0,4867.0
18/02/2005,00.00.00,12.0,975.0,33.0,670.0,129.0,943.0,105.0,910.0,616.0,69.0,487.0,4874.0
18/02/2005,01.00.00,13.0,958.0,31.0,660.0,172.0,935.0,130.0,905.0,654.0,68.0,482.0,4792.0
18/02/2005,02.00.00,10.0,921.0,21.0,594.0,100.0,1025.0,82.0,867.0,479.0,63.0,496.0,4787.0
18/02/2005,03.00.00,8.0,931.0,19.0,580.0,74.5,983.0,63.5,863.0,487.0,56.0,529.0,4855.0
18/02/2005,04.00.00,6.0,874.0,7.0,472.0,49.0,1179.0,45.0,803.0,382.0,64.0,498.0,4814.0
18/02/2005,05.00.00,4.0,872.0,8.0,476.0,36.0,1249.0,35.0,794.0,350.0,69.0,481.0,4796.0
18/02/2005,06.00.00,5.0,904.0,13.0,530.0,79.0,1079.0,60.0,846.0,438.0,64.0,502.0,4850.0
18/02/2005,07.00.00,7.0,951.0,18.0,568.0,128.0,1021.0,90.0,888.0,578.0,64.0,507.0,4886.0
18/02/2005,08.00.00,21.0,1183.0,79.0,896.0,456.0,673.0,205.0,1115.0,1140.0,69.0,488.0,4903.0
18/02/2005,09.00.00,25.0,1187.0,98.0,970.0,477.0,625.0,199.0,1174.0,1203.0,84.0,446.0,4922.0
18/02/2005,10.00.00,20.0,1072.0,74.0,874.0,342.0,715.0,153.0,1033.0,1000.0,108.0,371.0,4794.0
18/02/2005,11.00.00,14.0,1011.0,53.0,780.0,254.0,805.0,163.0,964.0,806.0,112.0,362.0,4818.0
18/02/2005,12.00.00,13.0,997.0,48.0,752.0,231.0,837.0,152.0,952.0,724.0,118.0,344.0,4758.0
18/02/2005,13.00.00,14.0,989.0,56.0,791.0,213.0,804.0,146.0,953.0,690.0,115.0,331.0,4479.0
18/02/2005,14.00.00,16.0,1006.0,66.0,837.0,208.0,775.0,146.0,971.0,757.0,109.0,326.0,4260.0
18/02/2005,15.00.00,17.0,1016.0,67.0,845.0,270.0,771.0,134.0,987.0,818.0,113.0,317.0,4249.0
18/02/2005,16.00.00,18.0,1069.0,84.0,918.0,276.0,724.0,164.0,1045.0,936.0,116.0,309.0,4223.0
18/02/2005,17.00.00,24.0,1109.0,103.0,989.0,375.0,664.0,141.0,1096.0,1133.0,111.0,322.0,4243.0
18/02/2005,18.00.00,28.0,1182.0,126.0,1071.0,395.0,617.0,204.0,1187.0,1298.0,97.0,360.0,4333.0
18/02/2005,19.00.00,33.0,1253.0,160.0,1179.0,421.0,573.0,210.0,1268.0,1387.0,85.0,390.0,4336.0
18/02/2005,20.00.00,48.0,1288.0,176.0,1228.0,632.0,549.0,250.0,1333.0,1502.0,83.0,403.0,4411.0
18/02/2005,21.00.00,28.0,1153.0,101.0,981.0,424.0,666.0,202.0,1097.0,1273.0,80.0,413.0,4448.0
18/02/2005,22.00.00,24.0,1161.0,98.0,969.0,369.0,677.0,190.0,1111.0,1271.0,70.0,442.0,4446.0
18/02/2005,23.00.00,29.0,1271.0,115.0,1031.0,484.0,618.0,236.0,1138.0,1464.0,54.0,518.0,4698.0
19/02/2005,00.00.00,27.0,1156.0,82.0,909.0,456.0,684.0,250.0,1023.0,1384.0,41.0,550.0,4558.0
19/02/2005,01.00.00,21.0,1106.0,68.0,850.0,373.0,727.0,219.0,997.0,1281.0,31.0,578.0,4462.0
19/02/2005,02.00.00,15.0,1008.0,43.0,726.0,228.0,834.0,156.0,913.0,1083.0,31.0,567.0,4388.0
19/02/2005,03.00.00,12.0,966.0,39.0,703.0,172.5,865.0,127.0,903.0,989.0,22.0,596.0,4333.0
19/02/2005,04.00.00,9.0,931.0,26.0,627.0,117.0,948.0,98.0,860.0,911.0,23.0,589.0,4317.0
19/02/2005,05.00.00,8.0,922.0,24.0,611.0,108.0,962.0,89.0,867.0,893.0,19.0,600.0,4276.0
19/02/2005,06.00.00,8.0,911.0,23.0,606.0,126.0,950.0,104.0,866.0,894.0,19.0,603.0,4293.0
19/02/2005,07.00.00,11.0,993.0,45.0,736.0,235.0,819.0,148.0,941.0,1018.0,9.0,646.0,4294.0
19/02/2005,08.00.00,19.0,1100.0,85.0,919.0,339.0,678.0,194.0,1072.0,1191.0,6.0,650.0,4231.0
19/02/2005,09.00.00,25.0,1141.0,90.0,940.0,399.0,651.0,231.0,1099.0,1285.0,21.0,599.0,4338.0
19/02/2005,10.00.00,22.0,1085.0,57.0,800.0,346.0,750.0,200.0,983.0,1219.0,31.0,572.0,4402.0
19/02/2005,11.00.00,21.0,1153.0,69.0,853.0,407.0,696.0,217.0,1027.0,1370.0,42.0,540.0,4483.0
19/02/2005,12.00.00,23.0,1122.0,64.0,831.0,393.0,722.0,210.0,982.0,1317.0,74.0,438.0,4538.0
19/02/2005,13.00.00,12.0,992.0,35.0,685.0,166.0,890.0,126.0,902.0,818.0,112.0,345.0,4586.0
19/02/2005,14.00.00,12.0,1018.0,37.0,693.0,157.0,868.0,118.0,937.0,683.0,138.0,324.0,5084.0
19/02/2005,15.00.00,11.0,981.0,29.0,649.0,141.0,924.0,114.0,901.0,573.0,124.0,349.0,5002.0
19/02/2005,16.00.00,11.0,988.0,34.0,679.0,144.0,905.0,117.0,911.0,595.0,128.0,319.0,4684.0
19/02/2005,17.00.00,14.0,1059.0,53.0,777.0,191.0,797.0,140.0,969.0,774.0,135.0,291.0,4486.0
19/02/2005,18.00.00,17.0,1110.0,73.0,870.0,255.0,708.0,168.0,1057.0,1059.0,116.0,333.0,4540.0
19/02/2005,19.00.00,25.0,1204.0,100.0,979.0,379.0,639.0,202.0,1147.0,1326.0,109.0,349.0,4568.0
19/02/2005,20.00.00,27.0,1275.0,123.0,1061.0,427.0,593.0,211.0,1203.0,1494.0,104.0,373.0,4708.0
19/02/2005,21.00.00,31.0,1297.0,118.0,1044.0,509.0,600.0,231.0,1185.0,1559.0,97.0,397.0,4792.0
19/02/2005,22.00.00,28.0,1277.0,104.0,991.0,459.0,609.0,214.0,1141.0,1575.0,91.0,419.0,4857.0
19/02/2005,23.00.00,19.0,1207.0,77.0,888.0,293.0,664.0,181.0,1062.0,1447.0,93.0,419.0,4927.0
20/02/2005,00.00.00,19.0,1222.0,75.0,880.0,269.0,684.0,173.0,1083.0,1367.0,94.0,447.0,5279.0
20/02/2005,01.00.00,17.0,1141.0,61.0,816.0,244.0,745.0,169.0,1026.0,1230.0,85.0,458.0,5108.0
20/02/2005,02.00.00,22.0,1228.0,83.0,913.0,293.0,643.0,174.0,1124.0,1396.0,78.0,500.0,5300.0
20/02/2005,03.00.00,16.0,1120.0,51.0,770.0,235.0,756.0,152.0,1012.0,1191.0,77.0,497.0,5242.0
20/02/2005,04.00.00,15.0,1067.0,49.0,758.0,177.0,775.0,130.0,993.0,1009.0,82.0,469.0,5099.0
20/02/2005,05.00.00,8.0,947.0,19.0,580.0,81.0,978.0,72.0,894.0,572.0,84.0,486.0,5375.0
20/02/2005,06.00.00,5.0,918.0,10.0,501.0,42.0,1148.0,40.0,881.0,420.0,80.0,547.0,5883.0
20/02/2005,07.00.00,5.0,920.0,11.0,506.0,61.0,1142.0,56.0,905.0,453.0,78.0,557.0,5914.0
20/02/2005,08.00.00,7.0,941.0,15.0,541.0,101.0,1065.0,81.0,919.0,520.0,80.0,538.0,5796.0
20/02/2005,09.00.00,7.0,949.0,16.0,552.0,98.0,1035.0,81.0,919.0,531.0,88.0,507.0,5752.0
20/02/2005,10.00.00,9.0,990.0,23.0,604.0,114.0,944.0,88.0,947.0,579.0,101.0,476.0,5870.0
20/02/2005,11.00.00,10.0,996.0,25.0,620.0,118.0,928.0,94.0,946.0,570.0,106.0,458.0,5838.0
20/02/2005,12.00.00,11.0,1023.0,25.0,623.0,120.0,916.0,97.0,976.0,571.0,91.0,562.0,6515.0
20/02/2005,13.00.00,11.0,1037.0,28.0,636.0,151.0,891.0,112.0,1024.0,582.0,79.0,665.0,7124.0
20/02/2005,14.00.00,10.0,1017.0,24.0,613.0,131.0,919.0,104.0,1007.0,551.0,80.0,650.0,6991.0
20/02/2005,15.00.00,11.0,1042.0,33.0,671.0,145.0,861.0,107.0,1038.0,634.0,84.0,610.0,6721.0
20/02/2005,16.00.00,13.0,1037.0,32.0,665.0,156.0,854.0,114.0,1013.0,633.0,86.0,573.0,6429.0
20/02/2005,17.00.00,12.0,1009.0,28.0,640.0,151.0,915.0,115.0,996.0,613.0,84.0,563.0,6227.0
20/02/2005,18.00.00,13.0,1033.0,34.0,675.0,173.0,853.0,127.0,1006.0,702.0,80.0,577.0,6222.0
20/02/2005,19.00.00,11.0,1016.0,29.0,647.0,154.0,906.0,119.0,997.0,649.0,71.0,626.0,6341.0
20/02/2005,20.00.00,15.0,1076.0,46.0,745.0,221.0,801.0,149.0,1040.0,841.0,74.0,593.0,6123.0
20/02/2005,21.00.00,14.0,1029.0,38.0,699.0,193.0,851.0,140.0,1001.0,795.0,77.0,569.0,5994.0
20/02/2005,22.00.00,11.0,984.0,31.0,661.0,130.0,898.0,105.0,965.0,638.0,77.0,544.0,5753.0
20/02/2005,23.00.00,13.0,1003.0,37.0,694.0,156.0,876.0,116.0,976.0,663.0,77.0,530.0,5572.0
21/02/2005,00.00.00,14.0,1009.0,33.0,671.0,148.0,877.0,112.0,1010.0,610.0,67.0,628.0,6188.0
21/02/2005,01.00.00,11.0,946.0,21.0,588.0,93.0,1005.0,80.0,948.0,480.0,66.0,619.0,6056.0
21/02/2005,02.00.00,8.0,910.0,12.0,518.0,66.0,1130.0,59.0,936.0,404.0,57.0,703.0,6498.0
21/02/2005,03.00.00,6.0,886.0,7.0,464.0,52.0,1273.0,47.5,919.0,357.0,45.0,792.0,6751.0
21/02/2005,04.00.00,5.5,879.0,5.0,447.0,38.0,1317.0,36.0,910.0,348.0,40.0,815.0,6712.0
21/02/2005,05.00.00,5.0,907.0,10.0,502.0,50.0,1129.0,49.0,947.0,399.0,39.0,815.0,6653.0
21/02/2005,06.00.00,6.0,949.0,21.0,589.0,77.0,987.0,63.0,1001.0,464.0,33.0,843.0,6617.0
21/02/2005,07.00.00,12.0,1054.0,55.0,786.0,183.0,766.0,123.0,1129.0,699.0,42.0,809.0,6742.0
21/02/2005,08.00.00,22.0,1214.0,109.0,1010.0,256.0,609.0,164.0,1282.0,1006.0,51.0,750.0,6646.0
21/02/2005,09.00.00,29.0,1253.0,133.0,1095.0,355.0,566.0,218.0,1375.0,1206.0,46.0,776.0,6651.0
21/02/2005,10.00.00,29.0,1197.0,96.0,964.0,491.0,614.0,254.0,1260.0,1122.0,38.0,843.0,6811.0
21/02/2005,11.00.00,20.0,1156.0,70.0,859.0,387.0,684.0,210.0,1196.0,1069.0,62.0,774.0,7383.0
21/02/2005,12.00.00,17.0,1132.0,66.0,837.0,384.0,694.0,208.0,1199.0,1062.0,77.0,676.0,7133.0
21/02/2005,13.00.00,22.0,1207.0,93.0,950.0,368.0,623.0,204.0,1303.0,1162.0,81.0,648.0,7039.0
21/02/2005,14.00.00,18.0,1127.0,79.0,896.0,258.0,664.0,172.0,1227.0,1010.0,81.0,640.0,6942.0
21/02/2005,15.00.00,16.0,1112.0,69.0,851.0,231.0,694.0,157.0,1184.0,931.0,69.0,713.0,7118.0
21/02/2005,16.00.00,19.0,1186.0,86.0,925.0,290.0,641.0,181.0,1272.0,1025.0,70.0,737.0,7425.0
21/02/2005,17.00.00,22.0,1192.0,100.0,976.0,335.0,618.0,194.0,1290.0,1110.0,73.0,700.0,7195.0
21/02/2005,18.00.00,22.0,1177.0,88.0,931.0,293.0,656.0,193.0,1281.0,979.0,58.0,778.0,7223.0
21/02/2005,19.00.00,49.0,1478.0,202.0,1301.0,526.0,469.0,252.0,1682.0,1409.0,54.0,809.0,7293.0
21/02/2005,20.00.00,63.0,1486.0,197.0,1289.0,607.0,466.0,283.0,1633.0,1438.0,55.0,798.0,7261.0
21/02/2005,21.00.00,27.0,1118.0,71.0,863.0,326.0,680.0,208.0,1194.0,1083.0,56.0,740.0,6808.0
21/02/2005,22.00.00,14.0,1019.0,44.0,730.0,188.0,811.0,143.0,1082.0,916.0,56.0,719.0,6604.0
21/02/2005,23.00.00,12.0,961.0,29.0,643.0,163.0,914.0,124.0,1046.0,825.0,64.0,707.0,6848.0
22/02/2005,00.00.00,8.0,931.0,21.0,591.0,102.0,1015.0,89.0,1015.0,704.0,63.0,701.0,6733.0
22/02/2005,01.00.00,8.0,938.0,21.0,592.0,95.0,992.0,85.0,1032.0,668.0,44.0,805.0,6825.0
22/02/2005,02.00.00,7.0,888.0,11.0,511.0,71.0,1112.0,66.0,963.0,512.0,39.0,831.0,6787.0
22/02/2005,03.00.00,4.0,844.0,6.0,454.0,58.5,1327.0,56.0,908.0,385.0,25.0,866.0,6407.0
22/02/2005,04.00.00,4.0,851.0,5.0,440.0,46.0,1349.0,46.0,918.0,377.0,34.0,854.0,6736.0
22/02/2005,05.00.00,5.0,905.0,10.0,503.0,62.0,1152.0,60.0,956.0,467.0,33.0,845.0,6608.0
22/02/2005,06.00.00,9.0,987.0,26.0,628.0,170.0,929.0,117.0,1035.0,691.0,34.0,845.0,6640.0
22/02/2005,07.00.00,15.0,1124.0,67.0,842.0,313.0,690.0,178.0,1180.0,981.0,34.0,845.0,6677.0
22/02/2005,08.00.00,38.0,1408.0,167.0,1200.0,687.0,490.0,295.0,1523.0,1369.0,41.0,827.0,6820.0
22/02/2005,09.00.00,54.0,1501.0,240.0,1403.0,757.0,418.0,243.0,1789.0,1589.0,46.0,803.0,6889.0
22/02/2005,10.00.00,35.0,1266.0,150.0,1149.0,559.0,528.0,255.0,1435.0,1370.0,61.0,740.0,7025.0
22/02/2005,11.00.00,17.0,1082.0,69.0,855.0,286.0,725.0,201.0,1140.0,1005.0,91.0,584.0,6787.0
22/02/2005,12.00.00,20.0,1123.0,91.0,942.0,324.0,653.0,208.0,1225.0,1105.0,114.0,489.0,6580.0
22/02/2005,13.00.00,21.0,1174.0,100.0,979.0,316.0,611.0,212.0,1282.0,1142.0,83.0,644.0,7072.0
22/02/2005,14.00.00,30.0,1209.0,129.0,1082.0,407.0,573.0,238.0,1355.0,1105.0,65.0,710.0,6903.0
22/02/2005,15.00.00,21.0,1120.0,90.0,940.0,305.0,657.0,201.0,1245.0,917.0,66.0,711.0,6973.0
22/02/2005,16.00.00,25.0,1174.0,109.0,1010.0,360.0,613.0,218.0,1305.0,1050.0,74.0,693.0,7165.0
22/02/2005,17.00.00,22.0,1068.0,79.0,896.0,339.0,702.0,222.0,1177.0,848.0,64.0,706.0,6834.0
22/02/2005,18.00.00,24.0,1146.0,102.0,985.0,304.0,650.0,206.0,1236.0,952.0,58.0,725.0,6718.0
22/02/2005,19.00.00,36.0,1204.0,132.0,1089.0,397.0,601.0,251.0,1335.0,1059.0,56.0,716.0,6556.0
22/02/2005,20.00.00,26.0,1062.0,81.0,903.0,270.0,717.0,190.0,1141.0,720.0,42.0,778.0,6491.0
22/02/2005,21.00.00,27.0,1122.0,85.0,919.0,339.0,680.0,218.0,1201.0,981.0,43.0,795.0,6648.0
22/02/2005,22.00.00,14.0,940.0,36.0,686.0,190.0,903.0,150.0,1005.0,648.0,45.0,755.0,6429.0
22/02/2005,23.00.00,9.0,935.0,26.0,628.0,126.0,995.0,111.0,986.0,611.0,44.0,771.0,6523.0
23/02/2005,00.00.00,15.0,1011.0,43.0,725.0,189.0,852.0,142.0,1050.0,773.0,42.0,782.0,6506.0
23/02/2005,01.00.00,11.0,952.0,32.0,665.0,146.0,907.0,119.0,1007.0,703.0,40.0,793.0,6517.0
23/02/2005,02.00.00,8.0,899.0,18.0,572.0,98.0,1063.0,87.0,951.0,560.0,39.0,787.0,6430.0
23/02/2005,03.00.00,6.0,880.0,14.0,533.0,86.5,1161.0,78.5,948.0,499.0,35.0,806.0,6403.0
23/02/2005,04.00.00,6.0,882.0,12.0,516.0,75.0,1132.0,70.0,959.0,575.0,32.0,828.0,6426.0
23/02/2005,05.00.00,6.0,844.0,7.0,466.0,77.0,1261.0,68.0,894.0,478.0,41.0,760.0,6304.0
23/02/2005,06.00.00,6.0,860.0,10.0,497.0,72.0,1251.0,66.0,912.0,442.0,42.0,759.0,6311.0
23/02/2005,07.00.00,7.0,917.0,22.0,597.0,152.0,1084.0,117.0,994.0,602.0,45.0,763.0,6480.0
23/02/2005,08.00.00,17.0,1126.0,77.0,886.0,337.0,719.0,197.0,1208.0,936.0,44.0,791.0,6687.0
23/02/2005,09.00.00,19.0,1033.0,62.0,820.0,360.0,740.0,198.0,1114.0,870.0,43.0,798.0,6706.0
23/02/2005,10.00.00,14.0,944.0,38.0,697.0,243.0,881.0,167.0,1022.0,688.0,31.0,830.0,6419.0
23/02/2005,11.00.00,13.0,955.0,36.0,687.0,277.0,895.0,180.0,1004.0,706.0,28.0,839.0,6326.0
23/02/2005,12.00.00,12.0,992.0,37.0,694.0,266.0,900.0,169.0,1020.0,756.0,39.0,795.0,6482.0
23/02/2005,13.00.00,19.0,1090.0,83.0,910.0,317.0,701.0,210.0,1192.0,974.0,51.0,745.0,6621.0
23/02/2005,14.00.00,25.0,1151.0,101.0,983.0,375.0,629.0,232.0,1244.0,1121.0,57.0,725.0,6686.0
23/02/2005,15.00.00,23.0,1148.0,99.0,975.0,349.0,638.0,223.0,1243.0,1064.0,56.0,746.0,6826.0
23/02/2005,16.00.00,23.0,1140.0,92.0,946.0,377.0,653.0,224.0,1231.0,1076.0,54.0,759.0,6875.0
23/02/2005,17.00.00,25.0,1160.0,103.0,990.0,403.0,632.0,238.0,1254.0,1090.0,49.0,782.0,6826.0
23/02/2005,18.00.00,28.0,1167.0,114.0,1027.0,422.0,610.0,249.0,1289.0,1119.0,48.0,790.0,6845.0
23/02/2005,19.00.00,27.0,1194.0,117.0,1038.0,388.0,605.0,223.0,1317.0,1181.0,48.0,786.0,6826.0
23/02/2005,20.00.00,31.0,1224.0,126.0,1071.0,431.0,590.0,244.0,1331.0,1240.0,46.0,782.0,6686.0
23/02/2005,21.00.00,29.0,1209.0,114.0,1028.0,425.0,619.0,243.0,1264.0,1254.0,42.0,797.0,6647.0
23/02/2005,22.00.00,26.0,1145.0,96.0,962.0,391.0,657.0,226.0,1212.0,1192.0,43.0,789.0,6621.0
23/02/2005,23.00.00,15.0,1016.0,46.0,744.0,231.0,825.0,167.0,1053.0,1020.0,42.0,779.0,6479.0
24/02/2005,00.00.00,16.0,1018.0,47.0,750.0,248.0,831.0,172.0,1051.0,916.0,32.0,830.0,6450.0
24/02/2005,01.00.00,11.0,937.0,26.0,625.0,142.0,977.0,120.0,983.0,798.0,51.0,745.0,6626.0
24/02/2005,02.00.00,9.0,949.0,29.0,647.0,117.0,956.0,100.0,1023.0,762.0,40.0,808.0,6666.0
24/02/2005,03.00.00,7.0,895.0,15.0,545.0,106.5,1080.0,93.0,964.0,685.0,43.0,810.0,6770.0
24/02/2005,04.00.00,6.5,884.0,13.0,528.0,96.0,1148.0,86.0,960.0,619.0,29.0,853.0,6503.0
24/02/2005,05.00.00,6.0,883.0,12.0,518.0,87.0,1135.0,81.0,962.0,606.0,33.0,845.0,6612.0
24/02/2005,06.00.00,8.0,968.0,30.0,652.0,197.0,937.0,131.0,1051.0,788.0,36.0,844.0,6724.0
24/02/2005,07.00.00,15.0,1071.0,55.0,787.0,290.0,755.0,170.0,1146.0,947.0,38.0,838.0,6771.0
24/02/2005,08.00.00,31.0,1310.0,129.0,1082.0,621.0,555.0,267.0,1400.0,1254.0,41.0,825.0,6819.0
24/02/2005,09.00.00,38.0,1332.0,145.0,1132.0,645.0,522.0,269.0,1439.0,1352.0,39.0,839.0,6847.0
24/02/2005,10.00.00,27.0,1178.0,90.0,939.0,573.0,640.0,244.0,1228.0,1165.0,41.0,839.0,6967.0
24/02/2005,11.00.00,18.0,1093.0,65.0,836.0,414.0,728.0,232.0,1142.0,1025.0,46.0,820.0,6997.0
24/02/2005,12.00.00,14.0,1060.0,54.0,784.0,314.0,770.0,196.0,1117.0,941.0,55.0,795.0,7238.0
24/02/2005,13.00.00,17.0,1121.0,74.0,873.0,317.0,697.0,195.0,1206.0,1000.0,67.0,762.0,7519.0
24/02/2005,14.00.00,19.0,1118.0,77.0,888.0,290.0,685.0,189.0,1223.0,962.0,79.0,690.0,7394.0
24/02/2005,15.00.00,22.0,1205.0,107.0,1002.0,385.0,612.0,212.0,1299.0,1214.0,85.0,663.0,7387.0
24/02/2005,16.00.00,30.0,1274.0,133.0,1094.0,507.0,537.0,267.0,1364.0,1428.0,76.0,708.0,7399.0
24/02/2005,17.00.00,30.0,1301.0,132.0,1092.0,534.0,525.0,262.0,1388.0,1484.0,72.0,724.0,7372.0
24/02/2005,18.00.00,39.0,1405.0,175.0,1224.0,601.0,468.0,270.0,1503.0,1658.0,67.0,742.0,7326.0
24/02/2005,19.00.00,40.0,1375.0,177.0,1230.0,583.0,473.0,260.0,1522.0,1632.0,61.0,758.0,7184.0
24/02/2005,20.00.00,39.0,1367.0,175.0,1225.0,551.0,485.0,265.0,1492.0,1628.0,63.0,749.0,7187.0
24/02/2005,21.00.00,35.0,1324.0,141.0,1121.0,547.0,531.0,262.0,1399.0,1481.0,60.0,780.0,7345.0
24/02/2005,22.00.00,24.0,1170.0,84.0,917.0,385.0,652.0,227.0,1218.0,1205.0,56.0,812.0,7443.0
24/02/2005,23.00.00,21.0,1169.0,79.0,895.0,318.0,681.0,192.0,1201.0,1106.0,55.0,815.0,7393.0
25/02/2005,00.00.00,25.0,1181.0,81.0,905.0,356.0,657.0,202.0,1215.0,1106.0,53.0,841.0,7530.0
25/02/2005,01.00.00,21.0,1146.0,71.0,860.0,326.0,692.0,189.0,1181.0,1092.0,52.0,839.0,7487.0
25/02/2005,02.00.00,15.0,1059.0,52.0,773.0,233.0,767.0,157.0,1127.0,984.0,51.0,835.0,7416.0
25/02/2005,03.00.00,11.0,1010.0,34.0,679.0,174.5,854.0,127.0,1046.0,889.0,50.0,829.0,7300.0
25/02/2005,04.00.00,10.0,1007.0,34.0,677.0,116.0,863.0,97.0,1053.0,848.0,50.0,825.0,7265.0
25/02/2005,05.00.00,8.0,932.0,21.0,595.0,120.0,991.0,100.0,1025.0,771.0,50.0,828.0,7273.0
25/02/2005,06.00.00,10.0,998.0,41.0,717.0,228.0,872.0,146.0,1095.0,895.0,52.0,807.0,7219.0
25/02/2005,07.00.00,14.0,1072.0,61.0,819.0,303.0,751.0,175.0,1161.0,1003.0,53.0,802.0,7179.0
25/02/2005,08.00.00,36.0,1424.0,187.0,1260.0,378.3333333333333,494.0,180.0,1568.0,1442.0,57.0,797.0,7340.0
25/02/2005,09.00.00,58.0,1527.0,279.0,1502.0,453.66666666666663,411.0,185.0,1868.0,1727.0,62.0,768.0,7355.0
25/02/2005,10.00.00,42.0,1364.0,178.0,1234.0,529.0,504.0,190.0,1533.0,1606.0,83.0,674.0,7384.0
25/02/2005,11.00.00,33.0,1190.0,118.0,1044.0,615.0,615.0,166.0,1324.0,1354.0,108.0,521.0,6746.0
25/02/2005,12.00.00,17.0,1021.0,66.0,839.0,298.0,771.0,153.0,1084.0,914.0,130.0,403.0,6028.0
25/02/2005,13.00.00,21.0,1051.0,84.0,914.0,317.0,707.0,167.0,1122.0,913.0,109.0,448.0,5849.0
25/02/2005,14.00.00,22.0,1021.0,76.0,882.0,305.0,727.0,137.0,1097.0,847.0,115.0,421.0,5706.0
25/02/2005,15.00.00,18.0,1016.0,67.0,842.0,253.0,762.0,140.0,1067.0,778.0,125.0,385.0,5568.0
25/02/2005,16.00.00,20.0,1040.0,79.0,893.0,296.0,723.0,150.0,1104.0,835.0,126.0,385.0,5586.0
25/02/2005,17.00.00,23.0,1089.0,84.0,916.0,293.0,710.0,152.0,1124.0,903.0,123.0,384.0,5488.0
25/02/2005,18.00.00,28.0,1148.0,121.0,1054.0,353.0,631.0,177.0,1233.0,1157.0,102.0,431.0,5366.0
25/02/2005,19.00.00,34.0,1162.0,126.0,1070.0,399.0,625.0,189.0,1229.0,1237.0,86.0,482.0,5385.0
25/02/2005,20.00.00,40.0,1197.0,136.0,1102.0,454.0,609.0,195.0,1309.0,1253.0,78.0,508.0,5384.0
25/02/2005,21.00.00,23.0,1059.0,81.0,905.0,356.0,735.0,179.0,1098.0,1130.0,73.0,528.0,5404.0
25/02/2005,22.00.00,27.0,1207.0,112.0,1023.0,473.0,629.0,188.0,1233.0,1373.0,62.0,624.0,5958.0
25/02/2005,23.00.00,27.0,1188.0,101.0,983.0,482.0,648.0,170.0,1193.0,1338.0,51.0,682.0,6033.0
26/02/2005,00.00.00,28.0,1153.0,88.0,933.0,443.0,687.0,161.0,1133.0,1268.0,47.0,690.0,5936.0
26/02/2005,01.00.00,21.0,1061.0,68.0,849.0,373.0,757.0,145.0,1063.0,1125.0,40.0,698.0,5756.0
26/02/2005,02.00.00,19.0,1028.0,64.0,831.0,320.0,771.0,136.0,1063.0,1054.0,34.0,713.0,5626.0
26/02/2005,03.00.00,21.0,1082.0,67.0,843.0,276.5,729.0,129.0,1061.0,1090.0,28.0,740.0,5591.0
26/02/2005,04.00.00,17.0,1037.0,52.0,771.0,233.0,784.0,122.0,1004.0,1029.0,23.0,751.0,5514.0
26/02/2005,05.00.00,13.0,942.0,36.0,688.0,161.0,897.0,115.0,947.0,882.0,38.0,662.0,5359.0
26/02/2005,06.00.00,9.0,904.0,27.0,633.0,137.0,993.0,103.0,897.0,717.0,46.0,605.0,5173.0
26/02/2005,07.00.00,10.0,855.0,19.0,578.0,144.0,1121.0,108.0,855.0,599.0,57.0,543.0,5022.0
26/02/2005,08.00.00,10.0,914.0,39.0,705.0,182.0,966.0,124.0,926.0,687.0,62.0,513.0,4880.0
26/02/2005,09.00.00,15.0,933.0,41.0,714.0,227.0,899.0,133.0,927.0,706.0,67.0,495.0,4892.0
26/02/2005,10.00.00,15.0,942.0,37.0,696.0,203.0,920.0,124.0,912.0,682.0,88.0,450.0,5114.0
26/02/2005,11.00.00,14.0,943.0,36.0,688.0,179.0,924.0,116.0,909.0,629.0,96.0,435.0,5202.0
26/02/2005,12.00.00,24.0,959.0,41.0,717.0,171.0,892.0,113.0,939.0,664.0,98.0,433.0,5238.0
26/02/2005,13.00.00,28.0,971.0,45.0,739.0,181.0,868.0,117.0,972.0,664.0,99.0,435.0,5300.0
26/02/2005,14.00.00,29.0,954.0,45.0,735.0,175.0,863.0,118.0,953.0,630.0,98.0,441.0,5332.0
26/02/2005,15.00.00,26.0,929.0,29.0,645.0,148.0,962.0,108.0,906.0,524.0,97.0,451.0,5417.0
26/02/2005,16.00.00,25.0,933.0,31.0,660.0,132.0,955.0,98.0,911.0,488.0,90.0,473.0,5420.0
26/02/2005,17.00.00,27.0,967.0,39.0,704.0,162.0,888.0,117.0,961.0,609.0,74.0,560.0,5797.0
26/02/2005,18.00.00,28.0,987.0,42.0,723.0,185.0,863.0,126.0,974.0,684.0,64.0,617.0,5956.0
26/02/2005,19.00.00,30.0,1003.0,52.0,772.0,234.0,821.0,142.0,1008.0,788.0,68.0,580.0,5758.0
26/02/2005,20.00.00,37.0,1138.0,102.0,986.0,275.0,663.0,157.0,1188.0,1030.0,73.0,567.0,5806.0
26/02/2005,21.00.00,35.0,1087.0,81.0,903.0,272.0,713.0,161.0,1106.0,1026.0,72.0,567.0,5790.0
26/02/2005,22.00.00,38.0,1129.0,85.0,920.0,331.0,689.0,169.0,1139.0,1182.0,67.0,591.0,5848.0
26/02/2005,23.00.00,43.0,1191.0,107.0,1005.0,347.0,637.0,166.0,1224.0,1284.0,59.0,621.0,5808.0
27/02/2005,00.00.00,48.0,1256.0,115.0,1032.0,488.0,612.0,189.0,1230.0,1371.0,63.0,604.0,5811.0
27/02/2005,01.00.00,42.0,1171.0,95.0,960.0,404.0,679.0,184.0,1121.0,1234.0,55.0,602.0,5458.0
27/02/2005,02.00.00,33.0,1016.0,53.0,780.0,255.0,798.0,145.0,1004.0,1060.0,46.0,644.0,5525.0
27/02/2005,03.00.00,30.0,1035.0,58.0,805.0,214.5,790.0,132.0,1022.0,1038.0,35.0,688.0,5458.0
27/02/2005,04.00.00,20.0,980.0,46.0,744.0,174.0,840.0,119.0,979.0,970.0,28.0,709.0,5383.0
27/02/2005,05.00.00,10.0,901.0,27.0,631.0,108.0,988.0,87.0,915.0,751.0,37.0,659.0,5295.0
27/02/2005,06.00.00,9.0,914.0,31.0,655.0,107.0,949.0,77.0,949.0,742.0,16.0,743.0,5168.0
27/02/2005,07.00.00,11.0,940.0,32.0,665.0,188.0,900.0,112.0,955.0,879.0,14.0,763.0,5261.0
27/02/2005,08.00.00,11.0,935.0,36.0,689.0,225.0,894.0,118.0,949.0,871.0,25.0,695.0,5172.0
27/02/2005,09.00.00,12.0,970.0,37.0,691.0,208.0,891.0,124.0,956.0,890.0,37.0,648.0,5208.0
27/02/2005,10.00.00,17.0,1064.0,64.0,830.0,270.0,739.0,144.0,1053.0,1059.0,78.0,499.0,5307.0
27/02/2005,11.00.00,16.0,1023.0,52.0,776.0,202.0,817.0,128.0,972.0,808.0,112.0,371.0,4936.0
27/02/2005,12.00.00,14.0,955.0,39.0,706.0,168.0,888.0,120.0,884.0,616.0,126.0,306.0,4460.0
27/02/2005,13.00.00,18.0,943.0,41.0,714.0,191.0,898.0,131.0,868.0,609.0,103.0,329.0,4131.0
27/02/2005,14.00.00,11.0,895.0,25.0,622.0,149.0,1012.0,115.0,804.0,471.0,100.0,355.0,4346.0
27/02/2005,15.00.00,9.0,890.0,22.0,601.0,101.0,1053.0,82.0,803.0,391.0,88.0,400.0,4538.0
27/02/2005,16.00.00,11.0,904.0,23.0,608.0,134.0,1033.0,100.0,807.0,398.0,83.0,403.0,4431.0
27/02/2005,17.00.00,11.0,888.0,24.0,611.0,150.0,1035.0,111.0,791.0,419.0,79.0,389.0,4141.0
27/02/2005,18.00.00,12.0,905.0,29.0,648.0,188.0,1007.0,132.0,822.0,509.0,68.0,410.0,4072.0
27/02/2005,19.00.00,16.0,974.0,49.0,757.0,254.0,886.0,155.0,884.0,723.0,60.0,420.0,3962.0
27/02/2005,20.00.00,26.0,1048.0,68.0,847.0,324.0,801.0,181.0,955.0,888.0,55.0,435.0,3963.0
27/02/2005,21.00.00,15.0,895.0,31.0,660.0,238.0,975.0,155.0,826.0,596.0,46.0,468.0,4001.0
27/02/2005,22.00.00,10.0,875.0,21.0,594.0,128.0,1079.0,105.0,793.0,451.0,45.0,480.0,4085.0
27/02/2005,23.00.00,13.0,943.0,39.0,703.0,169.0,950.0,119.0,870.0,581.0,43.0,486.0,4069.0
28/02/2005,00.00.00,16.0,947.0,38.0,697.0,215.0,913.0,150.0,878.0,698.0,40.0,500.0,4115.0
28/02/2005,01.00.00,10.0,865.0,18.0,566.0,111.0,1119.0,94.0,797.0,423.0,40.0,529.0,4338.0
28/02/2005,02.00.00,6.0,823.0,10.0,503.0,60.0,1268.0,56.0,755.0,332.0,40.0,510.0,4200.0
28/02/2005,03.00.00,4.0,798.0,6.0,452.0,44.5,1435.0,42.0,699.0,280.0,39.0,481.0,3930.0
28/02/2005,04.00.00,3.0,781.0,4.0,425.0,29.0,1609.0,28.0,667.0,261.0,38.0,480.0,3879.0
28/02/2005,05.00.00,3.0,781.0,3.0,409.0,25.0,1664.0,25.0,669.0,252.0,36.0,503.0,4022.0
28/02/2005,06.00.00,3.0,779.0,2.0,402.0,34.0,1665.0,31.0,684.0,257.0,28.0,526.0,3972.0
28/02/2005,07.00.00,4.0,817.0,7.0,462.0,89.0,1378.0,66.0,732.0,308.0,25.0,527.0,3908.0
28/02/2005,08.00.00,10.0,893.0,26.0,629.0,212.0,1015.0,111.0,837.0,456.0,27.0,505.0,3804.0
28/02/2005,09.00.00,12.0,883.0,31.0,659.0,216.0,943.0,122.0,842.0,527.0,27.0,494.0,3714.0
28/02/2005,10.00.00,10.0,839.0,23.0,608.0,191.0,1040.0,115.0,780.0,475.0,33.0,452.0,3540.0
28/02/2005,11.00.00,9.0,809.0,20.0,587.0,200.0,1084.0,123.0,744.0,434.0,31.0,433.0,3354.0
28/02/2005,12.00.00,8.0,805.0,20.0,584.0,164.0,1137.0,119.0,726.0,385.0,37.0,388.0,3123.0
28/02/2005,13.00.00,11.0,840.0,31.0,661.0,185.0,1016.0,125.0,757.0,435.0,40.0,368.0,3016.0
28/02/2005,14.00.00,10.0,812.0,29.0,646.0,156.0,1045.0,110.0,731.0,421.0,37.0,350.0,2823.0
28/02/2005,15.00.00,8.0,782.0,21.0,594.0,155.0,1134.0,111.0,673.0,371.0,34.0,324.0,2563.0
28/02/2005,16.00.00,9.0,799.0,25.0,617.0,158.0,1099.0,114.0,699.0,382.0,33.0,331.0,2592.0
28/02/2005,17.00.00,9.0,812.0,28.0,640.0,166.0,1093.0,114.0,716.0,408.0,26.0,351.0,2618.0
28/02/2005,18.00.00,20.0,922.0,67.0,842.0,268.0,849.0,140.0,858.0,676.0,21.0,366.0,2634.0
28/02/2005,19.00.00,24.0,938.0,81.0,903.0,309.0,790.0,141.0,885.0,798.0,16.0,379.0,2645.0
28/02/2005,20.00.00,25.0,939.0,74.0,872.0,297.0,814.0,142.0,870.0,793.0,14.0,380.0,2615.0
28/02/2005,21.00.00,16.0,827.0,36.0,687.0,225.0,1015.0,123.0,727.0,573.0,10.0,366.0,2456.0
28/02/2005,22.00.00,9.0,776.0,19.0,580.0,122.0,1183.0,90.0,655.0,402.0,11.0,354.0,2382.0
28/02/2005,23.00.00,7.0,755.0,14.0,538.0,100.0,1285.0,79.0,621.0,343.0,10.0,343.0,2292.0
01/03/2005,00.00.00,6.0,766.0,12.0,515.0,86.0,1327.0,69.0,642.0,322.0,10.0,374.0,2487.0
01/03/2005,01.00.00,6.0,762.0,9.0,487.0,71.0,1364.0,60.0,640.0,307.0,7.0,412.0,2693.0
01/03/2005,02.00.00,4.0,736.0,6.0,453.0,39.0,1498.0,37.0,602.0,268.0,2.0,406.0,2566.0
01/03/2005,03.00.00,2.0,715.0,2.0,387.0,34.0,1791.0,32.0,559.0,227.0,1.0,400.0,2499.0
01/03/2005,04.00.00,2.0,716.0,2.0,390.0,29.0,1804.0,27.0,551.0,221.0,1.8333333333333335,375.0,2326.0
01/03/2005,05.00.00,2.0,731.0,3.0,408.0,32.0,1727.0,30.0,561.0,225.0,2.666666666666667,384.0,2347.0
01/03/2005,06.00.00,2.0,735.0,3.0,407.0,37.0,1677.0,33.0,579.0,232.0,3.5,401.0,2404.0
01/03/2005,07.00.00,5.0,779.0,10.0,500.0,134.0,1361.0,84.0,652.0,313.0,4.333333333333334,414.0,2478.0
01/03/2005,08.00.00,15.0,915.0,52.0,774.0,358.0,911.0,147.0,839.0,629.0,5.166666666666667,402.0,2478.0
01/03/2005,09.00.00,19.0,905.0,61.0,818.0,354.0,853.0,143.0,840.0,790.0,6.0,368.0,2388.0
01/03/2005,10.00.00,14.0,835.0,36.0,688.0,284.0,988.0,122.0,720.0,630.0,28.0,303.0,2294.0
01/03/2005,11.00.00,9.0,798.0,23.0,609.0,213.0,1122.0,109.0,660.0,472.0,31.0,291.0,2240.0
01/03/2005,12.00.00,7.0,783.0,19.0,580.0,174.0,1181.0,95.0,647.0,378.0,33.0,292.0,2288.0
01/03/2005,13.00.00,8.0,807.0,26.0,623.0,157.0,1097.0,94.0,684.0,384.0,31.0,310.0,2386.0
01/03/2005,14.00.00,10.0,827.0,31.0,660.0,178.0,1030.0,102.0,709.0,426.0,32.0,308.0,2399.0
01/03/2005,15.00.00,9.0,822.0,27.0,632.0,187.0,1074.0,107.0,701.0,442.0,33.0,315.0,2464.0
01/03/2005,16.00.00,10.0,830.0,30.0,655.0,198.0,1045.0,113.0,710.0,467.0,41.0,286.0,2363.0
01/03/2005,17.00.00,9.0,833.0,30.0,653.0,186.0,1073.0,110.0,708.0,448.0,39.0,292.0,2378.0
01/03/2005,18.00.00,14.0,882.0,50.0,766.0,203.0,922.0,116.0,815.0,582.0,19.0,350.0,2494.0
01/03/2005,19.00.00,21.0,967.0,75.0,880.0,313.0,815.0,148.0,887.0,892.0,18.0,354.0,2497.0
01/03/2005,20.00.00,28.0,1009.0,95.0,958.0,342.0,751.0,156.0,935.0,1006.0,14.0,365.0,2503.0
01/03/2005,21.00.00,22.0,911.0,53.0,777.0,310.0,913.0,159.0,796.0,852.0,8.0,363.0,2388.0
01/03/2005,22.00.00,10.0,808.0,24.0,613.0,165.0,1137.0,116.0,672.0,543.0,6.0,341.0,2210.0
01/03/2005,23.00.00,11.0,812.0,25.0,621.0,152.0,1143.0,110.0,669.0,529.0,3.0,319.0,2031.0
02/03/2005,00.00.00,9.0,790.0,22.0,597.0,141.0,1184.0,102.0,637.0,465.0,2.0,302.0,1910.0
02/03/2005,01.00.00,8.0,765.0,15.0,544.0,122.0,1253.0,93.0,601.0,405.0,0.0,297.0,1847.0
02/03/2005,02.00.00,6.0,761.0,13.0,525.0,79.0,1307.0,67.0,605.0,332.0,5.111111111111111,319.0,1975.0
02/03/2005,03.00.00,5.0,788.0,9.0,486.0,80.0,1294.0,71.0,650.0,420.0,10.222222222222221,414.0,2379.0
02/03/2005,04.00.00,4.5,790.0,7.0,471.0,81.0,1302.0,75.0,669.0,532.0,15.333333333333332,449.0,2536.0
02/03/2005,05.00.00,4.0,804.0,9.0,489.0,77.0,1262.0,73.0,698.0,630.0,20.444444444444443,463.0,2635.0
02/03/2005,06.00.00,5.0,831.0,14.0,537.0,124.0,1158.0,96.0,722.0,768.0,25.555555555555554,472.0,2700.0
02/03/2005,07.00.00,7.0,881.0,35.0,680.0,159.0,1023.0,110.0,813.0,866.0,30.666666666666664,475.0,2702.0
02/03/2005,08.00.00,24.0,1099.0,110.0,1013.0,396.0,690.0,150.0,1056.0,1254.0,35.77777777777777,514.0,2801.0
02/03/2005,09.00.00,28.0,1100.0,124.0,1065.0,479.0,669.0,169.0,1072.0,1347.0,40.888888888888886,459.0,2763.0
02/03/2005,10.00.00,20.0,1042.0,83.0,910.0,438.0,774.0,181.0,922.0,1216.0,46.0,325.0,2783.0
02/03/2005,11.00.00,22.0,1026.0,89.0,935.0,466.0,747.0,187.0,942.0,1151.0,75.0,243.0,2528.0
02/03/2005,12.00.00,14.0,905.0,57.0,796.0,288.0,900.0,146.0,767.0,699.0,96.0,188.0,2246.0
02/03/2005,13.00.00,12.0,891.0,55.0,790.0,205.0,927.0,131.0,764.0,584.0,93.0,184.0,2157.0
02/03/2005,14.00.00,19.0,968.0,90.0,938.0,311.0,790.0,161.0,897.0,836.0,97.0,186.0,2244.0
02/03/2005,15.00.00,13.0,909.0,63.0,826.0,246.0,898.0,143.0,802.0,626.0,101.0,167.0,2062.0
02/03/2005,16.00.00,20.0,938.0,91.0,945.0,356.0,804.0,176.0,855.0,878.0,118.0,135.0,1862.0
02/03/2005,17.00.00,20.0,971.0,84.0,917.0,397.0,802.0,178.0,885.0,952.0,116.0,153.0,2086.0
02/03/2005,18.00.00,34.0,1148.0,175.0,1226.0,579.0,624.0,207.0,1126.0,1460.0,91.0,192.0,2225.0
02/03/2005,19.00.00,51.0,1299.0,233.0,1384.0,819.0,523.0,240.0,1325.0,1855.0,72.0,256.0,2611.0
02/03/2005,20.00.00,53.0,1315.0,190.0,1269.0,754.0,551.0,236.0,1282.0,1860.0,61.0,340.0,3237.0
02/03/2005,21.00.00,28.0,1180.0,111.0,1020.0,473.0,656.0,199.0,1054.0,1629.0,51.0,364.0,3230.0
02/03/2005,22.00.00,16.0,1070.0,62.0,821.0,300.0,754.0,170.0,936.0,1454.0,48.0,396.0,3440.0
02/03/2005,23.00.00,14.0,1031.0,50.0,763.0,235.0,818.0,153.0,905.0,1348.0,50.0,396.0,3479.0
03/03/2005,00.00.00,14.0,1047.0,53.0,778.0,207.0,799.0,140.0,907.0,1326.0,41.0,417.0,3456.0
03/03/2005,01.00.00,14.0,1030.0,42.0,724.0,204.0,832.0,138.0,893.0,1285.0,44.0,433.0,3656.0
03/03/2005,02.00.00,11.0,986.0,35.0,682.0,155.0,875.0,117.0,884.0,1205.0,38.0,459.0,3728.0
03/03/2005,03.00.00,9.0,992.0,30.0,655.0,167.0,876.0,118.0,887.0,1220.0,36.0,497.0,3960.0
03/03/2005,04.00.00,10.0,1076.0,41.0,715.0,179.0,783.0,119.0,947.0,1448.0,34.0,563.0,4455.0
03/03/2005,05.00.00,10.0,1104.0,40.0,713.0,143.0,754.0,108.0,1001.0,1433.0,29.0,679.0,5183.0
03/03/2005,06.00.00,12.0,1160.0,51.0,770.0,212.0,702.0,121.0,1063.0,1447.0,28.0,741.0,5618.0
03/03/2005,07.00.00,14.0,1217.0,67.0,846.0,263.0,650.0,136.0,1120.0,1481.0,29.0,756.0,5742.0
03/03/2005,08.00.00,30.0,1457.0,156.0,1167.0,648.0,496.0,175.0,1422.0,1785.0,38.0,724.0,5867.0
03/03/2005,09.00.00,42.0,1337.0,171.0,1212.0,717.0,529.0,211.0,1406.0,1756.0,59.0,502.0,4706.0
03/03/2005,10.00.00,21.0,1111.0,88.0,931.0,389.0,687.0,186.0,1069.0,1368.0,73.0,394.0,4035.0
03/03/2005,11.00.00,20.0,1165.0,69.0,852.0,438.0,692.0,177.0,1155.0,1197.0,36.0,759.0,6055.0
03/03/2005,12.00.00,16.0,1129.0,54.0,783.0,282.0,757.0,147.0,1127.0,1084.0,36.0,786.0,6283.0
03/03/2005,13.00.00,14.0,1092.0,49.0,759.0,268.0,773.0,150.0,1088.0,1039.0,53.0,692.0,6213.0
03/03/2005,14.00.00,16.0,1096.0,53.0,777.0,248.0,767.0,148.0,1107.0,961.0,61.0,660.0,6255.0
03/03/2005,15.00.00,15.0,1108.0,54.0,783.0,272.0,758.0,151.0,1115.0,964.0,60.0,701.0,6577.0
03/03/2005,16.00.00,17.0,1124.0,55.0,787.0,291.0,740.0,151.0,1147.0,941.0,63.0,721.0,6907.0
03/03/2005,17.00.00,19.0,1216.0,75.0,879.0,363.0,670.0,165.0,1252.0,1111.0,63.0,757.0,7252.0
03/03/2005,18.00.00,38.0,1437.0,167.0,1202.0,660.0,507.0,197.0,1510.0,1459.0,56.0,804.0,7382.0
03/03/2005,19.00.00,54.0,1473.0,182.0,1245.0,907.0,476.0,228.0,1539.0,1519.0,49.0,824.0,7201.0
03/03/2005,20.00.00,42.0,1396.0,155.0,1164.0,639.0,508.0,196.0,1488.0,1412.0,43.0,840.0,7051.0
03/03/2005,21.00.00,38.0,1285.0,109.0,1013.0,574.0,568.0,192.0,1331.0,1336.0,43.0,836.0,7025.0
03/03/2005,22.00.00,23.0,1206.0,87.0,928.0,373.0,621.0,161.0,1235.0,1285.0,46.0,825.0,7066.0
03/03/2005,23.00.00,21.0,1179.0,73.0,868.0,330.0,664.0,156.0,1205.0,1240.0,44.0,820.0,6938.0
04/03/2005,00.00.00,23.0,1213.0,75.0,877.0,336.0,654.0,158.0,1206.0,1282.0,43.0,809.0,6791.0
04/03/2005,01.00.00,23.0,1142.0,68.0,849.0,347.0,680.0,154.0,1173.0,1189.0,41.0,812.0,6721.0
04/03/2005,02.00.00,17.0,1089.0,47.0,750.0,241.0,765.0,138.0,1108.0,1117.0,39.0,809.0,6613.0
04/03/2005,03.00.00,12.0,982.0,25.0,617.0,168.5,891.0,115.0,977.0,1024.0,45.0,706.0,6004.0
04/03/2005,04.00.00,6.0,888.0,13.0,526.0,96.0,1134.0,92.0,912.0,744.0,45.0,651.0,5547.0
04/03/2005,05.00.00,9.0,979.0,22.0,602.0,147.0,925.0,103.0,993.0,928.0,40.0,752.0,6161.0
04/03/2005,06.00.00,11.0,1023.0,36.0,690.0,210.0,833.0,117.0,1049.0,1006.0,37.0,764.0,6164.0
04/03/2005,07.00.00,19.0,1153.0,75.0,878.0,409.0,682.0,139.0,1180.0,1173.0,31.0,773.0,5985.0
04/03/2005,08.00.00,37.0,1393.0,168.0,1204.0,719.0,506.0,167.0,1497.0,1568.0,37.0,744.0,5992.0
04/03/2005,09.00.00,61.0,1567.0,280.0,1502.0,959.0,399.0,205.0,1848.0,1913.0,50.0,694.0,6118.0
04/03/2005,10.00.00,46.0,1334.0,158.0,1174.0,744.0,524.0,216.0,1432.0,1643.0,65.0,609.0,5919.0
04/03/2005,11.00.00,33.0,1280.0,155.0,1165.0,583.0,533.0,192.0,1435.0,1605.0,76.0,598.0,6245.0
04/03/2005,12.00.00,33.0,1330.0,149.0,1145.0,597.0,537.0,188.0,1399.0,1668.0,86.0,576.0,6471.0
04/03/2005,13.00.00,34.0,1349.0,164.0,1193.0,550.0,507.0,189.0,1493.0,1710.0,109.0,524.0,6826.0
04/03/2005,14.00.00,36.0,1349.0,156.0,1167.0,499.0,515.0,192.0,1443.0,1632.0,123.0,483.0,6871.0
04/03/2005,15.00.00,39.0,1344.0,161.0,1182.0,470.0,525.0,194.0,1411.0,1545.0,125.0,434.0,6298.0
04/03/2005,16.00.00,48.0,1337.0,166.0,1198.0,568.0,521.0,217.0,1401.0,1557.0,119.0,423.0,5902.0
04/03/2005,17.00.00,39.0,1316.0,159.0,1177.0,525.0,544.0,178.0,1392.0,1529.0,123.0,412.0,5867.0
04/03/2005,18.00.00,36.0,1253.0,133.0,1094.0,481.0,575.0,183.0,1327.0,1430.0,108.0,481.0,6235.0
04/03/2005,19.00.00,36.0,1258.0,149.0,1144.0,414.0,558.0,189.0,1336.0,1509.0,89.0,525.0,5996.0
04/03/2005,20.00.00,46.0,1326.0,185.0,1253.0,565.0,514.0,225.0,1479.0,1615.0,84.0,547.0,6057.0
04/03/2005,21.00.00,23.0,1109.0,79.0,896.0,303.0,710.0,175.0,1132.0,1242.0,75.0,587.0,6112.0
04/03/2005,22.00.00,16.0,1029.0,50.0,762.0,221.0,820.0,153.0,1049.0,1065.0,69.0,600.0,5977.0
04/03/2005,23.00.00,18.0,1112.0,65.0,833.0,260.0,759.0,156.0,1104.0,1180.0,66.0,613.0,5995.0
05/03/2005,00.00.00,22.0,1100.0,60.0,810.0,327.0,768.0,172.0,1070.0,1158.0,63.0,598.0,5761.0
05/03/2005,01.00.00,21.0,1136.0,68.0,849.0,344.0,715.0,164.0,1132.0,1216.0,54.0,658.0,5935.0
05/03/2005,02.00.00,17.0,1000.0,40.0,712.0,270.0,848.0,157.0,989.0,971.0,58.0,596.0,5523.0
05/03/2005,03.00.00,15.0,1041.0,44.0,732.0,230.5,789.0,146.5,1003.0,1076.0,49.0,626.0,5477.0
05/03/2005,04.00.00,13.0,1009.0,40.0,710.0,191.0,819.0,136.0,974.0,1011.0,44.0,639.0,5385.0
05/03/2005,05.00.00,11.0,975.0,35.0,681.0,136.0,889.0,110.0,948.0,813.0,42.0,625.0,5191.0
05/03/2005,06.00.00,11.0,993.0,43.0,727.0,194.0,810.0,128.0,989.0,1001.0,31.0,686.0,5302.0
05/03/2005,07.00.00,8.0,872.0,20.0,587.0,168.0,1082.0,132.0,866.0,655.0,46.0,546.0,4682.0
05/03/2005,08.00.00,13.0,1017.0,61.0,818.0,254.0,842.0,156.0,1034.0,933.0,50.0,545.0,4788.0
05/03/2005,09.00.00,23.0,1070.0,87.0,928.0,410.0,701.0,185.0,1112.0,1088.0,70.0,481.0,4847.0
05/03/2005,10.00.00,11.0,915.0,31.0,658.0,166.0,957.0,121.0,866.0,562.0,100.0,377.0,4643.0
05/03/2005,11.00.00,11.0,978.0,52.0,772.0,162.0,870.0,117.0,955.0,586.0,130.0,303.0,4520.0
05/03/2005,12.00.00,15.0,968.0,53.0,777.0,188.0,830.0,133.0,929.0,617.0,140.0,281.0,4476.0
05/03/2005,13.00.00,16.0,1008.0,67.0,843.0,199.0,787.0,136.0,998.0,705.0,133.0,289.0,4399.0
05/03/2005,14.00.00,22.0,1025.0,83.0,913.0,272.0,724.0,162.0,1035.0,814.0,134.0,290.0,4436.0
05/03/2005,15.00.00,15.0,983.0,59.0,806.0,180.0,820.0,132.0,966.0,615.0,135.0,283.0,4374.0
05/03/2005,16.00.00,18.0,1018.0,73.0,868.0,255.0,751.0,162.0,1015.0,804.0,130.0,297.0,4420.0
05/03/2005,17.00.00,20.0,1101.0,84.0,916.0,251.0,721.0,159.0,1125.0,861.0,116.0,387.0,5271.0
05/03/2005,18.00.00,19.0,1116.0,77.0,888.0,258.0,695.0,156.0,1176.0,980.0,86.0,563.0,6312.0
05/03/2005,19.00.00,25.0,1161.0,91.0,945.0,344.0,654.0,177.0,1205.0,1077.0,85.0,579.0,6435.0
05/03/2005,20.00.00,26.0,1212.0,109.0,1010.0,380.0,622.0,185.0,1284.0,1214.0,78.0,634.0,6735.0
05/03/2005,21.00.00,32.0,1225.0,102.0,985.0,464.0,635.0,199.0,1255.0,1169.0,72.0,695.0,7084.0
05/03/2005,22.00.00,22.0,1154.0,78.0,891.0,304.0,697.0,166.0,1197.0,1079.0,65.0,747.0,7248.0
05/03/2005,23.00.00,19.0,1140.0,70.0,856.0,258.0,707.0,152.0,1171.0,1147.0,65.0,739.0,7224.0
06/03/2005,00.00.00,24.0,1201.0,92.0,949.0,358.0,665.0,170.0,1220.0,1260.0,68.0,721.0,7143.0
06/03/2005,01.00.00,18.0,1011.0,46.0,742.0,278.0,842.0,160.0,998.0,929.0,70.0,600.0,6055.0
06/03/2005,02.00.00,9.0,867.0,21.0,590.0,116.0,1088.0,100.0,826.0,465.0,72.0,478.0,4870.0
06/03/2005,03.00.00,8.0,856.0,15.0,545.0,88.0,1166.0,78.5,803.0,398.0,72.0,473.0,4830.0
06/03/2005,04.00.00,7.0,859.0,13.0,527.0,60.0,1203.0,57.0,810.0,342.0,68.0,529.0,5245.0
06/03/2005,05.00.00,6.0,859.0,8.0,479.0,51.0,1285.0,48.0,822.0,313.0,58.0,650.0,6029.0
06/03/2005,06.00.00,5.0,842.0,6.0,454.0,33.0,1433.0,32.0,788.0,292.0,58.0,594.0,5502.0
06/03/2005,07.00.00,6.0,856.0,11.0,505.0,80.0,1246.0,72.0,833.0,367.0,55.0,583.0,5290.0
06/03/2005,08.00.00,6.0,867.0,10.0,500.0,103.0,1219.0,86.0,818.0,387.0,59.0,548.0,5119.0
06/03/2005,09.00.00,7.0,877.0,15.0,541.0,93.0,1148.0,79.0,829.0,399.0,73.0,487.0,5007.0
06/03/2005,10.00.00,7.0,869.0,14.0,535.0,108.0,1162.0,87.0,783.0,376.0,94.0,399.0,4707.0
06/03/2005,11.00.00,9.0,900.0,20.0,582.0,107.0,1081.0,85.0,792.0,377.0,112.0,338.0,4490.0
06/03/2005,12.00.00,10.0,899.0,23.0,603.0,122.0,1055.0,97.0,782.0,379.0,123.0,299.0,4255.0
06/03/2005,13.00.00,10.0,895.0,26.0,624.0,122.0,1002.0,96.0,787.0,387.0,148.0,237.0,3945.0
06/03/2005,14.00.00,14.0,992.0,67.0,844.0,156.0,830.0,113.0,990.0,552.0,131.0,266.0,3990.0
06/03/2005,15.00.00,30.0,1104.0,133.0,1095.0,246.0,609.0,163.0,1210.0,930.0,133.0,257.0,3914.0
06/03/2005,16.00.00,15.0,933.0,40.0,711.0,205.0,912.0,146.0,850.0,554.0,120.0,277.0,3885.0
06/03/2005,17.00.00,17.0,973.0,53.0,778.0,257.0,839.0,167.0,916.0,723.0,115.0,301.0,4067.0
06/03/2005,18.00.00,23.0,1069.0,86.0,923.0,228.0,735.0,162.0,1036.0,875.0,101.0,332.0,4115.0
06/03/2005,19.00.00,25.0,1055.0,62.0,821.0,321.0,797.0,194.0,942.0,949.0,86.0,381.0,4282.0
06/03/2005,20.00.00,21.0,1032.0,53.0,778.0,270.0,834.0,185.0,926.0,869.0,80.0,412.0,4433.0
06/03/2005,21.00.00,15.0,982.0,41.0,714.0,203.0,879.0,158.0,905.0,747.0,75.0,438.0,4551.0
06/03/2005,22.00.00,14.0,968.0,35.0,680.0,201.0,918.0,156.0,891.0,740.0,68.0,469.0,4650.0
06/03/2005,23.00.00,14.0,979.0,41.0,718.0,207.0,883.0,157.0,903.0,807.0,61.0,463.0,4394.0
07/03/2005,00.00.00,14.0,935.0,32.0,666.0,180.0,939.0,141.0,836.0,653.0,56.0,455.0,4187.0
07/03/2005,01.00.00,12.0,942.0,32.0,666.0,140.0,960.0,116.0,848.0,553.0,54.0,488.0,4393.0
07/03/2005,02.00.00,9.0,883.0,17.0,561.0,93.0,1080.0,84.0,785.0,412.0,51.0,512.0,4534.0
07/03/2005,03.00.00,6.0,841.0,7.0,470.0,64.0,1311.0,59.0,708.0,289.0,53.0,510.0,4563.0
07/03/2005,04.00.00,4.0,843.0,5.0,443.0,35.0,1490.0,34.0,730.0,262.0,52.0,572.0,5094.0
07/03/2005,05.00.00,4.0,872.0,6.0,460.0,47.0,1359.0,45.0,755.0,288.0,45.0,631.0,5381.0
07/03/2005,06.00.00,5.0,862.0,8.0,474.0,68.0,1312.0,59.0,753.0,310.0,52.0,545.0,4860.0
07/03/2005,07.00.00,7.0,917.0,17.0,562.0,131.0,1099.0,99.0,827.0,418.0,56.0,513.0,4712.0
07/03/2005,08.00.00,15.0,1022.0,52.0,771.0,289.0,812.0,165.0,941.0,769.0,59.0,454.0,4244.0
07/03/2005,09.00.00,19.0,1022.0,66.0,837.0,322.0,755.0,168.0,978.0,881.0,69.0,413.0,4145.0
07/03/2005,10.00.00,16.0,961.0,55.0,789.0,330.0,839.0,169.0,910.0,816.0,86.0,342.0,3834.0
07/03/2005,11.00.00,14.0,912.0,44.0,731.0,339.0,912.0,162.0,811.0,684.0,96.0,277.0,3308.0
07/03/2005,12.00.00,13.0,896.0,44.0,731.0,316.0,911.0,155.0,799.0,627.0,106.0,253.0,3224.0
07/03/2005,13.00.00,13.0,890.0,43.0,726.0,218.0,921.0,136.0,779.0,523.0,102.0,256.0,3181.0
07/03/2005,14.00.00,12.0,891.0,45.0,740.0,177.0,919.0,124.0,788.0,502.0,100.0,252.0,3079.0
07/03/2005,15.00.00,13.0,894.0,45.0,737.0,278.0,913.0,158.0,805.0,604.0,97.0,257.0,3088.0
07/03/2005,16.00.00,14.0,907.0,48.0,753.0,313.0,886.0,167.0,819.0,682.0,97.0,268.0,3226.0
07/03/2005,17.00.00,17.0,973.0,63.0,827.0,351.0,825.0,176.0,888.0,846.0,94.0,273.0,3216.0
07/03/2005,18.00.00,25.0,1035.0,96.0,961.0,374.0,726.0,204.0,985.0,1027.0,79.0,280.0,2999.0
07/03/2005,19.00.00,38.0,1146.0,150.0,1147.0,431.0,621.0,209.0,1148.0,1315.0,69.0,307.0,3066.0
07/03/2005,20.00.00,42.0,1176.0,154.0,1162.0,468.0,600.0,224.0,1137.0,1363.0,61.0,333.0,3152.0
07/03/2005,21.00.00,28.0,1057.0,89.0,935.0,368.0,720.0,211.0,982.0,1236.0,50.0,374.0,3290.0
07/03/2005,22.00.00,15.0,974.0,50.0,763.0,239.0,861.0,174.0,865.0,1076.0,42.0,409.0,3417.0
07/03/2005,23.00.00,18.0,1044.0,65.0,834.0,292.0,781.0,181.0,924.0,1200.0,39.0,435.0,3538.0
08/03/2005,00.00.00,15.0,988.0,44.0,734.0,205.0,860.0,157.0,868.0,1081.0,30.0,477.0,3658.0
08/03/2005,01.00.00,15.0,1016.0,53.0,781.0,255.0,799.0,154.0,918.0,1174.0,25.0,521.0,3855.0
08/03/2005,02.00.00,12.0,929.0,31.0,659.0,220.0,920.0,147.0,851.0,1033.0,20.0,535.0,3831.0
08/03/2005,03.00.00,8.0,876.0,19.0,576.0,167.0,1040.0,124.0,815.0,900.0,10.0,567.0,3803.0
08/03/2005,04.00.00,7.5,872.0,17.0,558.0,114.0,1054.0,101.0,807.0,853.0,5.0,594.0,3841.0
08/03/2005,05.00.00,7.0,888.0,19.0,574.0,153.0,1035.0,114.0,820.0,886.0,14.0,568.0,3903.0
08/03/2005,06.00.00,7.0,927.0,28.0,638.0,224.0,949.0,134.0,846.0,949.0,9.0,584.0,3880.0
08/03/2005,07.00.00,13.0,991.0,55.0,786.0,295.0,817.0,144.0,931.0,1037.0,3.0,610.0,3881.0
08/03/2005,08.00.00,34.0,1317.0,183.0,1247.0,667.0,558.0,182.0,1360.0,1571.0,9.0,591.0,3913.0
08/03/2005,09.00.00,55.0,1402.0,263.0,1462.0,867.0,449.0,223.0,1599.0,1885.0,41.0,479.0,3959.0
08/03/2005,10.00.00,41.0,1222.0,163.0,1188.0,666.0,554.0,219.0,1265.0,1683.0,77.0,346.0,3652.0
08/03/2005,11.00.00,30.0,1109.0,123.0,1060.0,595.0,650.0,215.0,1091.0,1412.0,109.0,257.0,3341.0
08/03/2005,12.00.00,19.0,959.0,74.0,875.0,421.0,797.0,191.0,864.0,1006.0,137.0,174.0,2715.0
08/03/2005,13.00.00,18.0,964.0,81.0,902.0,292.0,780.0,162.0,882.0,855.0,140.0,168.0,2672.0
08/03/2005,14.00.00,21.0,1006.0,108.0,1006.0,308.0,705.0,165.0,988.0,964.0,141.0,170.0,2729.0
08/03/2005,15.00.00,23.0,1002.0,97.0,968.0,347.0,732.0,171.0,920.0,886.0,150.0,158.0,2678.0
08/03/2005,16.00.00,23.0,997.0,99.0,975.0,377.0,739.0,164.0,926.0,947.0,165.0,149.0,2775.0
08/03/2005,17.00.00,20.0,1019.0,96.0,964.0,325.0,729.0,168.0,957.0,984.0,158.0,167.0,2972.0
08/03/2005,18.00.00,31.0,1192.0,165.0,1196.0,508.0,581.0,204.0,1222.0,1450.0,132.0,239.0,3597.0
08/03/2005,19.00.00,51.0,1399.0,234.0,1387.0,768.0,487.0,242.0,1499.0,1837.0,110.0,338.0,4436.0
08/03/2005,20.00.00,59.0,1419.0,242.0,1408.0,764.0,466.0,246.0,1531.0,1899.0,95.0,390.0,4644.0
08/03/2005,21.00.00,32.0,1250.0,133.0,1094.0,500.0,600.0,215.0,1198.0,1629.0,85.0,424.0,4716.0
08/03/2005,22.00.00,24.0,1156.0,84.0,916.0,463.0,687.0,206.0,1055.0,1490.0,75.0,440.0,4564.0
08/03/2005,23.00.00,14.0,1064.0,54.0,783.0,258.0,785.0,167.0,954.0,1319.0,66.0,460.0,4505.0
09/03/2005,00.00.00,14.0,1066.0,52.0,771.0,214.0,795.0,145.0,949.0,1247.0,55.0,496.0,4526.0
09/03/2005,01.00.00,13.0,1031.0,46.0,741.0,191.0,821.0,133.0,927.0,1144.0,49.0,522.0,4567.0
09/03/2005,02.00.00,10.0,973.0,32.0,663.0,154.0,889.0,117.0,887.0,1014.0,46.0,535.0,4584.0
09/03/2005,03.00.00,8.0,937.0,22.0,600.0,133.5,985.0,103.5,873.0,885.0,47.0,531.0,4589.0
09/03/2005,04.00.00,8.0,930.0,25.0,616.0,113.0,969.0,90.0,893.0,875.0,38.0,568.0,4614.0
09/03/2005,05.00.00,9.0,949.0,28.0,640.0,167.0,902.0,112.0,909.0,971.0,23.0,635.0,4630.0
09/03/2005,06.00.00,9.0,979.0,39.0,707.0,235.0,851.0,120.0,959.0,1048.0,20.0,649.0,4657.0
09/03/2005,07.00.00,17.0,1094.0,72.0,865.0,372.0,708.0,141.0,1061.0,1223.0,20.0,653.0,4688.0
09/03/2005,08.00.00,43.0,1450.0,209.0,1322.0,877.0,490.0,190.0,1497.0,1756.0,33.0,616.0,4829.0
09/03/2005,09.00.00,60.0,1508.0,270.0,1479.0,900.0,419.0,215.0,1685.0,2014.0,57.0,525.0,4851.0
09/03/2005,10.00.00,38.0,1374.0,185.0,1255.0,733.0,504.0,215.0,1375.0,1855.0,83.0,435.0,4774.0
09/03/2005,11.00.00,33.0,1308.0,140.0,1117.0,691.0,549.0,235.0,1261.0,1795.0,105.0,389.0,4926.0
09/03/2005,12.00.00,23.0,1249.0,105.0,996.0,457.0,593.0,194.0,1198.0,1575.0,145.0,334.0,5488.0
09/03/2005,13.00.00,24.0,1282.0,112.0,1023.0,369.0,573.0,159.0,1305.0,1461.0,157.0,346.0,6147.0
09/03/2005,14.00.00,22.0,1253.0,103.0,988.0,285.0,589.0,123.0,1292.0,1314.0,161.0,363.0,6593.0
09/03/2005,15.00.00,19.0,1222.0,86.0,924.0,279.0,612.0,121.0,1216.0,1147.0,173.0,345.0,6728.0
09/03/2005,16.00.00,17.0,1201.0,76.0,882.0,198.0,638.0,102.0,1189.0,948.0,176.0,341.0,6781.0
09/03/2005,17.00.00,19.0,1238.0,102.0,985.0,229.0,592.0,114.0,1271.0,1252.0,180.0,331.0,6779.0
09/03/2005,18.00.00,38.0,1434.0,178.0,1234.0,477.0,476.0,168.0,1520.0,1676.0,146.0,410.0,6792.0
09/03/2005,19.00.00,53.0,1573.0,253.0,1436.0,679.0,407.0,207.0,1747.0,2056.0,128.0,462.0,6794.0
09/03/2005,20.00.00,59.0,1552.0,244.0,1413.0,682.0,407.0,199.0,1724.0,2088.0,115.0,539.0,7312.0
09/03/2005,21.00.00,55.0,1510.0,200.0,1297.0,679.0,458.0,192.0,1606.0,1945.0,106.0,588.0,7512.0
09/03/2005,22.00.00,20.0,1165.0,73.0,870.0,298.0,671.0,148.0,1181.0,1482.0,97.0,600.0,7238.0
09/03/2005,23.00.00,18.0,1177.0,66.0,837.0,265.0,670.0,137.0,1161.0,1448.0,83.0,642.0,7071.0
10/03/2005,00.00.00,16.0,1135.0,57.0,800.0,196.0,705.0,123.0,1130.0,1304.0,78.0,655.0,6961.0
10/03/2005,01.00.00,13.0,1070.0,45.0,739.0,155.0,767.0,109.0,1070.0,1186.0,75.0,659.0,6868.0
10/03/2005,02.00.00,11.0,1034.0,41.0,715.0,131.0,801.0,98.0,1067.0,1051.0,61.0,721.0,6847.0
10/03/2005,03.00.00,11.0,1014.0,44.0,731.0,148.0,784.0,96.0,1062.0,1038.0,46.0,782.0,6684.0
10/03/2005,04.00.00,10.0,988.0,33.0,673.0,165.0,838.0,94.0,1034.0,969.0,40.0,809.0,6670.0
10/03/2005,05.00.00,8.0,975.0,33.0,668.0,169.0,874.0,95.0,1020.0,951.0,42.0,791.0,6611.0
10/03/2005,06.00.00,9.0,984.0,35.0,681.0,224.0,852.0,101.0,1020.0,970.0,53.0,732.0,6577.0
10/03/2005,07.00.00,13.0,1092.0,64.0,831.0,249.0,720.0,100.0,1143.0,1090.0,43.0,761.0,6395.0
10/03/2005,08.00.00,41.0,1454.0,201.0,1299.0,863.0,457.0,150.0,1606.0,1673.0,48.0,746.0,6470.0
10/03/2005,09.00.00,39.0,1446.0,212.0,1328.0,665.0,439.0,168.0,1620.0,1833.0,75.0,645.0,6702.0
10/03/2005,10.00.00,35.0,1316.0,137.0,1105.0,670.0,511.0,199.0,1372.0,1828.0,117.0,493.0,6772.0
10/03/2005,11.00.00,27.0,1283.0,117.0,1039.0,500.0,549.0,168.0,1308.0,1724.0,147.0,412.0,6857.0
10/03/2005,12.00.00,23.0,1223.0,106.0,999.0,428.0,578.0,161.0,1258.0,1547.0,174.0,332.0,6535.0
10/03/2005,13.00.00,23.0,1176.0,98.0,969.0,367.0,612.0,153.0,1196.0,1300.0,188.0,262.0,5637.0
10/03/2005,14.00.00,21.0,1041.0,91.0,945.0,306.0,692.0,145.0,1082.0,1000.0,191.0,181.0,3955.0
10/03/2005,15.00.00,22.0,1008.0,92.0,946.0,334.0,705.0,148.0,1016.0,942.0,195.0,153.0,3431.0
10/03/2005,16.00.00,18.0,962.0,59.0,807.0,268.0,821.0,131.0,901.0,745.0,202.0,144.0,3370.0
10/03/2005,17.00.00,19.0,1048.0,86.0,925.0,284.0,721.0,137.0,1022.0,941.0,198.0,160.0,3632.0
10/03/2005,18.00.00,27.0,1145.0,127.0,1074.0,393.0,593.0,163.0,1186.0,1232.0,165.0,216.0,4012.0
10/03/2005,19.00.00,47.0,1198.0,198.0,1291.0,603.0,531.0,219.0,1295.0,1527.0,145.0,183.0,2996.0
10/03/2005,20.00.00,54.0,1319.0,238.0,1399.0,757.0,497.0,245.0,1458.0,1746.0,128.0,228.0,3364.0
10/03/2005,21.00.00,42.0,1274.0,146.0,1136.0,684.0,547.0,229.0,1233.0,1741.0,115.0,359.0,4862.0
10/03/2005,22.00.00,21.0,1085.0,76.0,882.0,426.0,705.0,184.0,985.0,1433.0,95.0,346.0,4110.0
10/03/2005,23.00.00,14.0,1017.0,49.0,760.0,254.0,806.0,151.0,922.0,1235.0,83.0,382.0,4203.0
11/03/2005,00.00.00,14.0,1039.0,52.0,774.0,227.0,786.0,133.0,949.0,1173.0,77.0,417.0,4387.0
11/03/2005,01.00.00,14.0,1027.0,48.0,751.0,221.0,798.0,135.0,936.0,1171.0,68.0,449.0,4472.0
11/03/2005,02.00.00,10.0,952.0,32.0,662.0,155.0,905.0,111.0,887.0,1024.0,57.0,494.0,4551.0
11/03/2005,03.00.00,8.0,930.0,24.0,609.0,120.0,968.0,90.0,864.0,928.0,57.0,501.0,4629.0
11/03/2005,04.00.00,7.5,942.0,32.0,665.0,134.0,923.0,91.0,912.0,956.0,44.0,564.0,4761.0
11/03/2005,05.00.00,7.0,897.0,21.0,594.0,128.0,999.0,89.0,870.0,871.0,49.0,552.0,4807.0
11/03/2005,06.00.00,6.0,928.0,27.0,631.0,148.0,985.0,89.0,908.0,884.0,45.0,563.0,4800.0
11/03/2005,07.00.00,2.0,987.0,45.0,738.0,233.0,833.0,117.0,957.0,1010.0,38.0,597.0,4839.0
11/03/2005,08.00.00,15.0,1272.0,138.0,1111.0,470.0,563.0,141.0,1279.0,1416.0,43.0,586.0,4915.0
11/03/2005,09.00.00,35.0,1452.0,227.0,1370.0,679.0,445.0,189.0,1581.0,1817.0,71.0,500.0,5067.0
11/03/2005,10.00.00,30.0,1415.0,193.0,1278.0,796.0,483.0,211.0,1399.0,1870.0,111.0,384.0,5066.0
11/03/2005,11.00.00,30.0,1309.0,143.0,1114.5,812.0,550.5,235.0,1280.5,1587.5,141.5,345.0,5507.5
11/03/2005,12.00.00,10.0,1203.0,93.0,951.0,339.0,618.0,162.0,1162.0,1305.0,172.0,306.0,5949.0
11/03/2005,13.00.00,15.0,1258.0,121.0,1052.0,354.0,551.0,172.0,1297.0,1205.0,178.0,333.0,6741.0
11/03/2005,14.00.00,22.0,1328.0,142.0,1123.0,466.0,508.0,182.0,1404.0,1339.0,188.0,318.0,6853.0
11/03/2005,15.00.00,17.0,1260.0,123.0,1059.0,417.0,544.0,180.0,1319.0,1161.0,193.0,299.0,6604.0
11/03/2005,16.00.00,11.0,1201.0,102.0,985.0,289.0,585.0,156.0,1252.0,996.0,188.0,315.0,6752.0
11/03/2005,17.00.00,13.0,1161.0,104.0,992.0,324.0,601.0,168.0,1211.0,906.0,182.0,281.0,5817.0
11/03/2005,18.00.00,15.0,1254.0,139.0,1112.0,376.0,533.0,181.0,1349.0,1161.0,160.0,353.0,6356.0
11/03/2005,19.00.00,34.0,1452.0,231.0,1381.0,619.0,428.0,226.0,1661.0,1695.0,138.0,436.0,6825.0
11/03/2005,20.00.00,38.0,1438.0,228.0,1374.0,689.0,435.0,231.0,1640.0,1705.0,129.0,488.0,7250.0
11/03/2005,21.00.00,28.0,1273.0,134.0,1096.0,582.0,553.0,222.0,1350.0,1379.0,128.0,493.0,7277.0
11/03/2005,22.00.00,8.0,1096.0,68.0,850.0,287.0,690.0,165.0,1146.0,943.0,122.0,509.0,7202.0
11/03/2005,23.00.00,5.0,1151.0,60.0,813.0,238.0,702.0,151.0,1156.0,1073.0,106.0,559.0,7138.0
12/03/2005,00.00.00,10.0,1189.0,57.0,797.0,312.0,688.0,174.0,1157.0,1213.0,103.0,559.0,7014.0
12/03/2005,01.00.00,4.0,1078.0,39.0,704.0,231.0,765.0,145.0,1077.0,898.0,102.0,558.0,6927.0
12/03/2005,02.00.00,4.0,1152.0,49.0,759.0,234.0,706.0,147.0,1113.0,1094.0,100.0,573.0,7015.0
12/03/2005,03.00.00,3.0,1128.0,45.0,740.0,195.0,705.0,134.0,1113.0,1064.0,102.0,579.0,7191.0
12/03/2005,04.00.00,2.6,1015.0,23.0,608.0,113.0,873.0,85.0,1027.0,655.0,103.0,594.0,7459.0
12/03/2005,05.00.00,2.2,979.0,15.0,547.0,73.0,952.0,55.0,1039.0,470.0,98.0,689.0,8329.0
12/03/2005,06.00.00,1.7999999999999998,972.0,15.0,542.0,103.0,1029.0,65.0,1056.0,443.0,92.0,753.0,8764.0
12/03/2005,07.00.00,1.4,992.0,18.0,565.0,121.0,912.0,84.0,1074.0,547.0,94.0,731.0,8621.0
12/03/2005,08.00.00,1.0,1053.0,33.0,671.0,132.0,807.0,88.0,1137.0,570.0,106.0,661.0,8444.0
12/03/2005,09.00.00,2.0,1140.0,58.0,800.0,178.0,679.0,109.0,1209.0,782.0,126.0,585.0,8517.0
12/03/2005,10.00.00,6.0,1136.0,62.0,822.0,218.0,653.0,130.0,1184.0,744.0,150.0,486.0,8253.0
12/03/2005,11.00.00,7.0,1180.0,67.0,846.0,246.0,646.0,137.0,1206.0,791.0,142.0,515.0,8313.0
12/03/2005,12.00.00,6.0,1131.0,56.0,792.0,252.0,678.0,145.0,1177.0,749.0,151.0,486.0,8266.0
12/03/2005,13.00.00,3.0,1083.0,58.0,804.0,208.0,702.0,128.0,1105.0,615.0,180.0,354.0,7233.0
12/03/2005,14.00.00,5.0,1120.0,70.0,859.0,219.0,640.0,129.0,1167.0,681.0,179.0,353.0,7184.0
12/03/2005,15.00.00,2.0,1038.0,38.0,699.0,160.0,765.0,105.0,1042.0,515.0,177.0,350.0,7014.0
12/03/2005,16.00.00,4.0,1096.0,55.0,788.0,191.0,699.0,114.0,1115.0,583.0,176.0,355.0,7065.0
12/03/2005,17.00.00,7.0,1126.0,76.0,881.0,270.0,648.0,146.0,1140.0,728.0,175.0,341.0,6775.0
12/03/2005,18.00.00,9.0,1153.0,83.0,910.0,285.0,622.0,156.0,1208.0,827.0,156.0,400.0,7018.0
12/03/2005,19.00.00,8.0,1177.0,75.0,878.0,289.0,641.0,152.0,1224.0,844.0,140.0,478.0,7582.0
12/03/2005,20.00.00,24.0,1383.0,141.0,1119.0,550.0,522.0,201.0,1415.0,1310.0,132.0,514.0,7760.0
12/03/2005,21.00.00,33.0,1363.0,124.0,1064.0,679.0,536.0,221.0,1350.0,1353.0,120.0,561.0,7832.0
12/03/2005,22.00.00,9.0,1087.0,58.0,803.0,314.0,699.0,157.0,1130.0,907.0,116.0,547.0,7454.0
12/03/2005,23.00.00,1.0,1028.0,39.0,703.0,166.0,783.0,114.0,1070.0,646.0,120.0,533.0,7472.0
13/03/2005,00.00.00,1.0,1017.0,28.0,641.0,157.0,892.0,107.0,1044.0,482.0,125.0,554.0,7999.0
13/03/2005,01.00.00,1.0,1050.0,31.0,660.0,173.0,860.0,113.0,1071.0,526.0,123.0,560.0,7958.0
13/03/2005,02.00.00,2.0,1023.0,33.0,672.0,184.0,819.0,118.0,1069.0,595.0,124.0,534.0,7669.0
13/03/2005,03.00.00,1.8571428571428572,940.0,20.0,583.0,93.0,942.0,69.0,991.0,416.0,127.0,518.0,7574.0
13/03/2005,04.00.00,1.7142857142857144,963.0,25.0,617.0,85.0,902.0,63.0,1006.0,398.0,132.0,497.0,7503.0
13/03/2005,05.00.00,1.5714285714285714,971.0,20.0,585.0,79.0,928.0,61.0,1004.0,394.0,123.0,559.0,7966.0
13/03/2005,06.00.00,1.4285714285714286,887.0,9.0,488.0,55.0,1184.0,42.0,908.0,312.0,133.0,501.0,7624.0
13/03/2005,07.00.00,1.2857142857142858,944.0,16.0,551.0,98.0,1063.0,68.0,985.0,381.0,123.0,518.0,7384.0
13/03/2005,08.00.00,1.1428571428571428,970.0,21.0,592.0,190.0,909.0,120.0,1018.0,509.0,129.0,504.0,7448.0
13/03/2005,09.00.00,1.0,1034.0,30.0,651.0,166.0,861.0,112.0,1060.0,601.0,129.0,499.0,7406.0
13/03/2005,10.00.00,3.0,1160.0,50.0,765.0,260.0,711.0,148.0,1134.0,962.0,139.0,473.0,7479.0
13/03/2005,11.00.00,10.0,1283.0,77.0,887.0,362.0,607.0,160.0,1238.0,1231.0,135.0,516.0,7931.0
13/03/2005,12.00.00,16.0,1387.0,101.0,981.0,415.0,535.0,164.0,1368.0,1396.0,132.0,562.0,8499.0
13/03/2005,13.00.00,14.0,1325.0,85.0,921.0,358.0,570.0,159.0,1345.0,1297.0,142.0,578.0,9292.0
13/03/2005,14.00.00,3.0,1057.0,28.0,641.0,170.0,803.0,110.0,1103.0,616.0,172.0,462.0,8989.0
13/03/2005,15.00.00,1.0,1078.0,33.0,668.0,130.0,855.0,82.0,1109.0,509.0,199.0,366.0,8406.0
13/03/2005,16.00.00,3.0,1159.0,50.0,762.0,177.0,742.0,102.0,1158.0,590.0,197.0,371.0,8399.0
13/03/2005,17.00.00,5.0,1195.0,56.0,795.0,233.0,710.0,119.0,1157.0,718.0,190.0,374.0,8122.0
13/03/2005,18.00.00,8.0,1217.0,71.0,861.0,282.0,642.0,135.0,1234.0,898.0,164.0,435.0,8055.0
13/03/2005,19.00.00,32.0,1542.0,167.0,1200.0,583.0,469.0,215.0,1520.0,1577.0,151.0,498.0,8458.0
13/03/2005,20.00.00,28.0,1407.0,125.0,1066.0,566.0,525.0,211.0,1397.0,1560.0,148.0,510.0,8507.0
13/03/2005,21.00.00,10.0,1189.0,66.0,837.0,323.0,665.0,172.0,1204.0,1208.0,146.0,516.0,8508.0
13/03/2005,22.00.00,9.0,1208.0,83.0,911.0,318.0,613.0,166.0,1245.0,1244.0,137.0,521.0,8121.0
13/03/2005,23.00.00,9.0,1207.0,71.0,861.0,336.0,649.0,168.0,1217.0,1181.0,132.0,556.0,8412.0
14/03/2005,00.00.00,4.0,1056.0,38.0,699.0,196.0,787.0,134.0,1085.0,828.0,132.0,559.0,8465.0
14/03/2005,01.00.00,4.0,1128.0,52.0,771.0,193.0,733.0,122.0,1178.0,923.0,117.0,621.0,8535.0
14/03/2005,02.00.00,3.0,1119.0,53.0,778.0,192.0,705.0,123.0,1187.0,1096.0,99.0,689.0,8388.0
14/03/2005,03.00.00,1.0,1077.0,38.0,701.0,147.0,761.0,104.0,1122.0,1106.0,98.0,680.0,8227.0
14/03/2005,04.00.00,4.5,1036.0,28.0,636.0,122.0,845.0,90.0,1084.0,976.0,89.0,719.0,8202.0
14/03/2005,05.00.00,8.0,1016.0,29.0,647.0,117.0,824.0,85.0,1090.0,937.0,84.0,745.0,8241.0
14/03/2005,06.00.00,10.0,1103.0,44.0,730.0,201.0,735.0,103.0,1139.0,1049.0,92.0,710.0,8299.0
14/03/2005,07.00.00,16.0,1176.0,75.0,880.0,318.0,634.0,127.0,1257.0,1180.0,99.0,676.0,8239.0
14/03/2005,08.00.00,35.0,1430.0,157.0,1169.0,658.0,481.0,163.0,1543.0,1514.0,108.0,644.0,8328.0
14/03/2005,09.00.00,40.0,1572.0,229.0,1374.0,680.0,411.0,155.0,1763.0,1771.0,117.0,617.0,8483.0
14/03/2005,10.00.00,35.0,1243.0,108.0,1006.0,497.0,572.0,170.0,1349.0,1395.0,137.0,519.0,8106.0
14/03/2005,11.00.00,16.0,1101.0,61.0,817.0,290.0,707.0,141.0,1157.0,1024.0,163.0,435.0,7988.0
14/03/2005,12.00.00,15.0,1103.0,70.0,857.0,230.0,681.0,123.0,1182.0,946.0,179.0,388.0,7883.0
14/03/2005,13.00.00,15.0,1116.0,71.0,859.0,215.0,670.0,124.0,1197.0,864.0,193.0,355.0,7876.0
14/03/2005,14.00.00,17.0,1141.0,81.0,904.0,226.0,646.0,126.0,1249.0,889.0,201.0,329.0,7672.0
14/03/2005,15.00.00,16.0,1151.0,77.0,885.0,240.0,660.0,128.0,1222.0,903.0,200.0,330.0,7625.0
14/03/2005,16.00.00,24.0,1263.0,108.0,1008.0,391.0,597.0,158.0,1308.0,1121.0,202.0,322.0,7526.0
14/03/2005,17.00.00,34.0,1324.0,144.0,1128.0,492.0,540.0,177.0,1441.0,1319.0,189.0,344.0,7436.0
14/03/2005,18.00.00,54.0,1533.0,254.0,1439.0,700.0,416.0,225.0,1799.0,1829.0,179.0,376.0,7624.0
14/03/2005,19.00.00,65.0,1626.0,291.0,1531.0,782.0,371.0,234.0,1937.0,2000.0,167.0,434.0,8168.0
14/03/2005,20.00.00,65.0,1639.0,283.0,1510.0,728.0,378.0,227.0,1904.0,2001.0,159.0,479.0,8573.0
14/03/2005,21.00.00,40.0,1346.0,142.0,1124.0,510.0,502.0,192.0,1490.0,1598.0,153.0,526.0,9060.0
14/03/2005,22.00.00,21.0,1218.0,84.0,914.0,308.0,597.0,158.0,1291.0,1383.0,137.0,585.0,9146.0
14/03/2005,23.00.00,16.0,1166.0,75.0,880.0,248.0,631.0,149.0,1280.0,1238.0,127.0,628.0,9198.0
15/03/2005,00.00.00,15.0,1095.0,52.0,772.0,233.0,721.0,140.0,1175.0,1023.0,122.0,650.0,9193.0
15/03/2005,01.00.00,7.0,958.0,22.0,601.0,96.0,947.0,79.0,1054.0,659.0,130.0,612.0,9105.0
15/03/2005,02.00.00,7.0,960.0,20.0,582.0,90.0,933.0,69.0,1062.0,657.0,111.0,661.0,8738.0
15/03/2005,03.00.00,6.0,972.0,18.0,571.0,95.0,931.0,72.0,1063.0,764.0,101.0,698.0,8619.0
15/03/2005,04.00.00,5.0,911.0,11.0,508.0,68.0,1048.0,58.0,1005.0,667.0,116.0,610.0,8299.0
15/03/2005,05.00.00,4.0,923.0,12.0,516.0,75.0,1049.0,59.0,1002.0,667.0,101.0,645.0,7968.0
15/03/2005,06.00.00,6.0,981.0,24.0,610.0,145.0,867.0,88.0,1068.0,856.0,93.0,679.0,7969.0
15/03/2005,07.00.00,9.0,1038.0,38.0,701.0,185.0,760.0,110.0,1102.0,940.0,101.0,643.0,7934.0
15/03/2005,08.00.00,26.0,1370.0,140.0,1118.0,506.0,495.0,151.0,1459.0,1406.0,104.0,627.0,7909.0
15/03/2005,09.00.00,33.0,1471.0,189.0,1265.0,485.0,434.0,158.0,1655.0,1617.0,130.0,539.0,8036.0
15/03/2005,10.00.00,40.0,1447.0,156.0,1167.0,684.0,466.0,194.0,1514.0,1694.0,164.0,446.0,8242.0
15/03/2005,11.00.00,31.0,1329.0,132.0,1090.0,562.0,508.0,181.0,1401.0,1473.0,191.0,367.0,8044.0
15/03/2005,12.00.00,22.0,1197.0,103.0,989.0,357.0,577.0,161.0,1297.0,1087.0,210.0,306.0,7508.0
15/03/2005,13.00.00,21.0,1198.0,97.0,968.0,306.0,590.0,143.0,1264.0,945.0,221.0,276.0,7254.0
15/03/2005,14.00.00,22.0,1171.0,100.0,977.0,292.0,608.0,142.0,1234.0,905.0,222.0,255.0,6752.0
15/03/2005,15.00.00,19.0,1191.0,109.0,1011.0,305.0,620.0,146.0,1262.0,903.0,236.0,232.0,6665.0
15/03/2005,16.00.00,25.0,1213.0,123.0,1060.0,386.0,578.0,166.0,1292.0,1041.0,236.0,229.0,6571.0
15/03/2005,17.00.00,29.0,1258.0,142.0,1124.0,408.0,552.0,172.0,1363.0,1194.0,228.0,246.0,6736.0
15/03/2005,18.00.00,39.0,1413.0,216.0,1339.0,521.0,464.0,196.0,1611.0,1533.0,203.0,297.0,6973.0
15/03/2005,19.00.00,63.0,1610.0,309.0,1573.0,766.0,381.0,243.0,1890.0,1932.0,180.0,360.0,7345.0
15/03/2005,20.00.00,74.0,1710.0,335.0,1632.0,841.0,346.0,248.0,2028.0,2140.0,164.0,419.0,7759.0
15/03/2005,21.00.00,57.0,1515.0,199.0,1295.0,754.0,435.0,233.0,1615.0,1871.0,149.0,476.0,8003.0
15/03/2005,22.00.00,23.0,1199.0,84.0,916.0,350.0,613.0,174.0,1227.0,1435.0,138.0,496.0,7793.0
15/03/2005,23.00.00,15.0,1128.0,61.0,818.0,244.0,674.0,149.0,1156.0,1303.0,132.0,516.0,7765.0
16/03/2005,00.00.00,14.0,1108.0,57.0,798.0,221.0,694.0,134.0,1144.0,1199.0,118.0,569.0,7836.0
16/03/2005,01.00.00,11.0,1038.0,40.0,709.0,183.0,768.0,123.0,1087.0,1069.0,114.0,580.0,7818.0
16/03/2005,02.00.00,9.0,1004.0,29.0,646.0,166.0,823.0,111.0,1054.0,989.0,113.0,580.0,7742.0
16/03/2005,03.00.00,7.0,969.0,20.0,584.0,133.0,904.0,93.0,1021.0,899.0,107.0,596.0,7673.0
16/03/2005,04.00.00,6.0,938.0,17.0,559.0,147.0,942.0,97.0,1026.0,850.0,90.0,654.0,7532.0
16/03/2005,05.00.00,6.0,927.0,16.0,549.0,119.0,967.0,86.0,1008.0,828.0,80.0,689.0,7402.0
16/03/2005,06.00.00,8.0,977.0,33.0,673.0,179.0,830.0,99.0,1060.0,902.0,75.0,709.0,7358.0
16/03/2005,07.00.00,10.0,1011.0,36.0,685.0,178.0,823.0,99.0,1054.0,902.0,76.0,692.0,7238.0
16/03/2005,08.00.00,21.0,1228.0,102.0,984.0,390.0,588.0,129.0,1293.0,1222.0,87.0,643.0,7257.0
16/03/2005,09.00.00,42.0,1521.0,252.0,1434.0,579.0,404.0,161.0,1809.0,1784.0,117.0,543.0,7459.0
16/03/2005,10.00.00,43.0,1425.0,160.0,1178.0,735.0,468.0,202.0,1477.0,1761.0,159.0,422.0,7553.0
16/03/2005,11.00.00,32.0,1339.0,133.0,1094.0,568.0,509.0,200.0,1376.0,1634.0,193.0,347.0,7681.0
16/03/2005,12.00.00,28.0,1310.0,119.0,1046.0,487.0,552.0,194.0,1351.0,1527.0,231.0,273.0,7615.0
16/03/2005,13.00.00,24.0,1250.0,109.0,1012.0,343.0,585.0,173.0,1249.0,1192.0,261.0,208.0,6959.0
16/03/2005,14.00.00,25.0,1181.0,110.0,1015.0,351.0,617.0,169.0,1192.0,1023.0,268.0,179.0,6249.0
16/03/2005,15.00.00,29.0,1272.0,173.0,1220.0,417.0,533.0,188.0,1353.0,1251.0,284.0,160.0,6095.0
16/03/2005,16.00.00,30.0,1231.0,124.0,1064.0,509.0,618.0,211.0,1188.0,1082.0,288.0,151.0,5877.0
16/03/2005,17.00.00,36.0,1286.0,174.0,1223.0,573.0,529.0,210.0,1350.0,1348.0,279.0,156.0,5782.0
16/03/2005,18.00.00,35.0,1315.0,175.0,1225.0,518.0,509.0,193.0,1408.0,1365.0,241.0,206.0,6075.0
16/03/2005,19.00.00,48.0,1494.0,262.0,1460.0,641.0,420.0,227.0,1682.0,1827.0,210.0,280.0,6904.0
16/03/2005,20.00.00,44.0,1494.0,231.0,1381.0,544.0,422.0,223.0,1677.0,1879.0,184.0,388.0,8152.0
16/03/2005,21.00.00,49.0,1545.0,235.0,1390.0,582.0,423.0,229.0,1676.0,1915.0,169.0,429.0,8222.0
16/03/2005,22.00.00,29.0,1354.0,133.0,1094.0,407.0,517.0,194.0,1357.0,1705.0,155.0,450.0,7895.0
16/03/2005,23.00.00,21.0,1301.0,105.0,998.0,327.0,553.0,171.0,1283.0,1610.0,143.0,496.0,8049.0
17/03/2005,00.00.00,16.0,1144.0,63.0,826.0,221.0,661.0,147.0,1158.0,1300.0,147.0,480.0,7977.0
17/03/2005,01.00.00,12.0,1080.0,44.0,732.0,142.0,748.0,111.0,1087.0,1093.0,133.0,514.0,7821.0
17/03/2005,02.00.00,9.0,1013.0,33.0,671.0,123.0,817.0,104.0,1056.0,986.0,126.0,537.0,7793.0
17/03/2005,03.00.00,7.0,966.0,20.0,587.0,106.0,921.0,90.0,1017.0,846.0,115.0,568.0,7706.0
17/03/2005,04.00.00,6.0,959.0,19.0,578.0,100.0,909.0,81.0,1016.0,822.0,101.0,619.0,7631.0
17/03/2005,05.00.00,5.0,919.0,14.0,532.0,85.0,997.0,69.0,983.0,714.0,98.0,618.0,7523.0
17/03/2005,06.00.00,6.0,953.0,23.0,604.0,114.0,903.0,84.0,1020.0,838.0,90.0,643.0,7417.0
17/03/2005,07.00.00,13.0,1117.0,59.0,808.0,299.0,669.0,123.0,1178.0,1109.0,79.0,684.0,7324.0
17/03/2005,08.00.00,38.0,1485.0,189.0,1265.0,723.0,441.0,166.0,1647.0,1676.0,95.0,626.0,7444.0
17/03/2005,09.00.00,56.0,1583.0,261.0,1457.0,745.0,376.0,189.0,1808.0,1976.0,132.0,510.0,7704.0
17/03/2005,10.00.00,44.0,1448.0,162.0,1187.0,668.0,471.0,217.0,1490.0,1814.0,169.0,403.0,7717.0
17/03/2005,11.00.00,30.0,1294.0,108.0,1006.0,571.0,567.0,196.0,1296.0,1538.0,208.0,313.0,7617.0
17/03/2005,12.00.00,22.0,1269.0,111.0,1016.0,388.0,579.0,189.0,1273.0,1383.0,243.0,247.0,7407.0
17/03/2005,13.00.00,20.0,1247.0,102.0,985.0,323.0,581.0,174.0,1255.0,1184.0,267.0,226.0,7785.0
17/03/2005,14.00.00,22.0,1239.0,119.0,1045.0,312.0,559.0,161.0,1312.0,1094.0,271.0,217.0,7636.0
17/03/2005,15.00.00,21.0,1199.0,118.0,1041.0,320.0,574.0,158.0,1271.0,986.0,283.0,179.0,6769.0
17/03/2005,16.00.00,22.0,1216.0,109.0,1013.0,322.0,576.0,161.0,1277.0,967.0,278.0,200.0,7378.0
17/03/2005,17.00.00,19.0,1131.0,86.0,925.0,276.0,638.0,147.0,1158.0,831.0,262.0,194.0,6491.0
17/03/2005,18.00.00,27.0,1300.0,150.0,1149.0,341.0,530.0,165.0,1353.0,1182.0,227.0,244.0,6661.0
17/03/2005,19.00.00,39.0,1358.0,213.0,1331.0,531.0,459.0,214.0,1518.0,1523.0,202.0,293.0,6860.0
17/03/2005,20.00.00,56.0,1492.0,248.0,1425.0,653.0,417.0,228.0,1690.0,1780.0,173.0,352.0,6907.0
17/03/2005,21.00.00,49.0,1413.0,184.0,1251.0,646.0,478.0,240.0,1504.0,1682.0,161.0,387.0,7023.0
17/03/2005,22.00.00,22.0,1210.0,91.0,943.0,333.0,611.0,188.0,1224.0,1390.0,146.0,445.0,7337.0
17/03/2005,23.00.00,19.0,1196.0,81.0,902.0,299.0,620.0,173.0,1185.0,1390.0,137.0,486.0,7555.0
18/03/2005,00.00.00,14.0,1101.0,59.0,809.0,224.0,690.0,150.0,1123.0,1201.0,124.0,522.0,7513.0
18/03/2005,01.00.00,13.0,1076.0,51.0,770.0,195.0,721.0,134.0,1093.0,1107.0,119.0,534.0,7414.0
18/03/2005,02.00.00,11.0,1040.0,45.0,736.0,209.0,740.0,132.0,1099.0,1050.0,104.0,584.0,7367.0
18/03/2005,03.00.00,9.0,989.0,32.0,667.0,168.0,824.0,117.0,1048.0,943.0,89.0,635.0,7268.0
18/03/2005,04.00.00,9.0,966.0,28.0,639.0,153.0,843.0,103.0,1033.0,903.0,82.0,659.0,7168.0
18/03/2005,05.00.00,7.0,912.0,20.0,587.0,140.0,922.0,99.0,1002.0,826.0,77.0,671.0,7074.0
18/03/2005,06.00.00,8.0,960.0,33.0,668.0,184.0,841.0,106.0,1038.0,878.0,72.0,686.0,6978.0
18/03/2005,07.00.00,12.0,1028.0,54.0,784.0,266.0,709.0,113.0,1110.0,996.0,75.0,667.0,6943.0
18/03/2005,08.00.00,29.0,1375.0,145.0,1134.0,518.0,504.0,141.0,1467.0,1470.0,87.0,616.0,6960.0
18/03/2005,09.00.00,54.0,1522.0,265.0,1466.0,681.0,380.0,180.0,1822.0,1883.0,120.0,510.0,7131.0
18/03/2005,10.00.00,43.0,1400.0,176.0,1227.0,558.0,465.0,192.0,1542.0,1661.0,154.0,425.0,7379.0
18/03/2005,11.00.00,31.0,1323.0,149.0,1144.0,457.0,502.0,187.0,1405.0,1568.0,188.0,335.0,7186.0
18/03/2005,12.00.00,24.0,1250.0,103.0,990.0,353.0,579.0,169.0,1262.0,1291.0,222.0,281.0,7426.0
18/03/2005,13.00.00,23.0,1283.0,120.0,1048.0,313.0,550.0,161.0,1336.0,1226.0,247.0,255.0,7785.0
18/03/2005,14.00.00,23.0,1171.0,104.0,993.0,290.0,597.0,160.0,1208.0,841.0,250.0,234.0,7301.0
18/03/2005,15.00.00,23.0,1264.0,129.0,1081.0,318.0,555.0,177.0,1323.0,951.0,259.0,219.0,7209.0
18/03/2005,16.00.00,34.0,1301.0,151.0,1152.0,479.0,525.0,219.0,1343.0,1151.0,256.0,217.0,7039.0
18/03/2005,17.00.00,37.0,1321.0,158.0,1175.0,494.0,525.0,212.0,1366.0,1279.0,251.0,218.0,6854.0
18/03/2005,18.00.00,41.0,1343.0,201.0,1298.0,551.0,477.0,225.0,1495.0,1416.0,221.0,256.0,6728.0
18/03/2005,19.00.00,56.0,1493.0,256.0,1444.0,701.0,417.0,240.0,1702.0,1738.0,191.0,325.0,7112.0
18/03/2005,20.00.00,53.0,1545.0,240.0,1403.0,571.0,407.0,223.0,1743.0,1821.0,167.0,425.0,8002.0
18/03/2005,21.00.00,49.0,1477.0,183.0,1247.0,643.0,456.0,241.0,1562.0,1733.0,155.0,483.0,8439.0
18/03/2005,22.00.00,20.0,1202.0,72.0,864.0,282.0,620.0,159.0,1255.0,1115.0,133.0,605.0,9168.0
18/03/2005,23.00.00,19.0,1236.0,68.0,849.0,251.0,631.0,150.0,1274.0,1131.0,121.0,676.0,9539.0
19/03/2005,00.00.00,22.0,1206.0,68.0,849.0,307.0,640.0,163.0,1245.0,1127.0,118.0,683.0,9432.0
19/03/2005,01.00.00,19.0,1192.0,64.0,832.0,282.0,646.0,155.0,1253.0,1167.0,116.0,683.0,9314.0
19/03/2005,02.00.00,11.0,1044.0,27.0,630.0,160.0,845.0,119.0,1099.0,809.0,118.0,679.0,9362.0
19/03/2005,03.00.00,10.0,1053.0,29.0,648.0,125.0,808.0,94.0,1109.0,709.0,123.0,658.0,9374.0
19/03/2005,04.00.00,9.0,1023.0,22.0,600.0,106.0,872.0,80.0,1089.0,575.0,122.0,669.0,9496.0
19/03/2005,05.00.00,9.0,1005.0,25.0,620.0,111.0,846.0,83.0,1098.0,572.0,121.0,673.0,9480.0
19/03/2005,06.00.00,7.0,959.0,19.0,578.0,115.0,907.0,79.0,1079.0,546.0,118.0,671.0,9274.0
19/03/2005,07.00.00,10.0,1049.0,36.0,686.0,156.0,793.0,96.0,1159.0,795.0,119.0,656.0,9129.0
19/03/2005,08.00.00,20.0,1255.0,101.0,983.0,320.0,555.0,141.0,1439.0,1268.0,122.0,656.0,9300.0
19/03/2005,09.00.00,27.0,1285.0,109.0,1009.0,380.0,517.0,153.0,1452.0,1366.0,128.0,644.0,9448.0
19/03/2005,10.00.00,25.0,1254.0,99.0,973.0,371.0,543.0,156.0,1403.0,1328.0,134.0,620.0,9498.0
19/03/2005,11.00.00,24.0,1253.0,97.0,966.0,343.0,560.0,162.0,1378.0,1251.0,145.0,570.0,9333.0
19/03/2005,12.00.00,22.0,1242.0,89.0,935.0,297.0,584.0,164.0,1327.0,1127.0,158.0,513.0,9144.0
19/03/2005,13.00.00,21.0,1212.0,85.0,918.0,281.0,593.0,160.0,1308.0,1066.0,175.0,460.0,9104.0
19/03/2005,14.00.00,18.0,1165.0,66.0,839.0,220.0,652.0,140.0,1214.0,867.0,195.0,402.0,9010.0
19/03/2005,15.00.00,14.0,1136.0,54.0,781.0,174.0,712.0,119.0,1169.0,691.0,212.0,359.0,8943.0
19/03/2005,16.00.00,21.0,1233.0,87.0,926.0,260.0,617.0,153.0,1293.0,917.0,217.0,351.0,8993.0
19/03/2005,17.00.00,17.0,1177.0,58.0,800.0,222.0,696.0,139.0,1191.0,748.0,205.0,384.0,9161.0
19/03/2005,18.00.00,19.0,1223.0,76.0,883.0,266.0,614.0,156.0,1289.0,968.0,182.0,459.0,9488.0
19/03/2005,19.00.00,27.0,1360.0,124.0,1063.0,387.0,507.0,183.0,1483.0,1420.0,162.0,530.0,9722.0
19/03/2005,20.00.00,32.0,1435.0,147.0,1140.0,425.0,477.0,185.0,1550.0,1530.0,150.0,576.0,9777.0
19/03/2005,21.00.00,33.0,1305.0,105.0,995.0,484.0,552.0,200.0,1402.0,1341.0,141.0,608.0,9716.0
19/03/2005,22.00.00,23.0,1199.0,73.0,869.0,325.0,618.0,163.0,1306.0,1160.0,132.0,656.0,9882.0
19/03/2005,23.00.00,19.0,1217.0,85.0,921.0,257.0,589.0,154.0,1336.0,1261.0,135.0,638.0,9797.0
20/03/2005,00.00.00,19.0,1200.0,68.0,847.0,273.0,636.0,151.0,1297.0,1132.0,136.0,634.0,9794.0
20/03/2005,01.00.00,19.0,1150.0,59.0,807.0,276.0,669.0,149.0,1243.0,1042.0,136.0,635.0,9857.0
20/03/2005,02.00.00,15.0,1086.0,43.0,726.0,202.0,736.0,131.0,1192.0,848.0,134.0,648.0,9880.0
20/03/2005,03.00.00,11.0,1027.0,35.0,684.0,132.0,788.0,94.0,1149.0,666.0,132.0,648.0,9801.0
20/03/2005,04.00.00,9.5,993.0,28.0,640.0,85.0,848.0,66.0,1110.0,548.0,130.0,653.0,9704.0
20/03/2005,05.00.00,8.0,985.0,24.0,610.0,87.0,851.0,69.0,1101.0,604.0,126.0,659.0,9583.0
20/03/2005,06.00.00,6.0,934.0,16.0,552.0,70.0,966.0,57.0,1063.0,520.0,131.0,640.0,9591.0
20/03/2005,07.00.00,7.0,977.0,27.0,631.0,113.0,859.0,78.0,1120.0,659.0,124.0,662.0,9500.0
20/03/2005,08.00.00,7.0,970.0,25.0,618.0,112.0,888.0,84.0,1095.0,611.0,133.0,624.0,9460.0
20/03/2005,09.00.00,10.0,1041.0,39.0,706.0,140.0,778.0,97.0,1178.0,756.0,140.0,597.0,9491.0
20/03/2005,10.00.00,15.0,1144.0,62.0,821.0,214.0,651.0,123.0,1262.0,988.0,154.0,540.0,9385.0
20/03/2005,11.00.00,24.0,1209.0,88.0,933.0,334.0,581.0,166.0,1329.0,1058.0,170.0,475.0,9146.0
20/03/2005,12.00.00,16.0,1083.0,43.0,727.0,203.0,763.0,130.0,1135.0,636.0,186.0,426.0,9040.0
20/03/2005,13.00.00,12.0,1063.0,34.0,678.0,163.0,796.0,109.0,1107.0,522.0,215.0,350.0,8886.0
20/03/2005,14.00.00,9.0,988.0,22.0,600.0,110.0,912.0,82.0,1033.0,415.0,213.0,356.0,8924.0
20/03/2005,15.00.00,9.0,1060.0,36.0,686.0,107.0,830.0,73.0,1110.0,445.0,231.0,321.0,8973.0
20/03/2005,16.00.00,11.0,1087.0,41.0,717.0,135.0,786.0,91.0,1112.0,515.0,221.0,345.0,9035.0
20/03/2005,17.00.00,14.0,1153.0,57.0,798.0,187.0,715.0,109.0,1184.0,678.0,215.0,357.0,9050.0
20/03/2005,18.00.00,17.0,1167.0,66.0,838.0,240.0,660.0,128.0,1227.0,825.0,193.0,416.0,9230.0
20/03/2005,19.00.00,29.0,1370.0,127.0,1072.0,398.0,535.0,155.0,1428.0,1233.0,173.0,478.0,9363.0
20/03/2005,20.00.00,40.0,1403.0,148.0,1142.0,585.0,492.0,176.0,1518.0,1419.0,160.0,549.0,9934.0
20/03/2005,21.00.00,40.0,1364.0,123.0,1061.0,590.0,534.0,179.0,1436.0,1397.0,156.0,580.0,10197.0
20/03/2005,22.00.00,19.0,1111.0,63.0,825.0,295.0,679.0,124.0,1238.0,975.0,148.0,613.0,10250.0
20/03/2005,23.00.00,15.0,1091.0,53.0,777.0,209.0,711.0,105.0,1217.0,891.0,138.0,634.0,9916.0
21/03/2005,00.00.00,15.0,1107.0,53.0,777.0,183.0,697.0,99.0,1221.0,945.0,131.0,661.0,9913.0
21/03/2005,01.00.00,16.0,1095.0,47.0,746.0,177.0,716.0,104.0,1217.0,916.0,133.0,664.0,10128.0
21/03/2005,02.00.00,11.0,1027.0,33.0,673.0,126.0,794.0,95.0,1160.0,770.0,133.0,670.0,10207.0
21/03/2005,03.00.00,8.0,996.0,27.0,631.0,100.0,845.0,81.0,1153.0,697.0,131.0,686.0,10288.0
21/03/2005,04.00.00,7.0,955.0,20.0,582.0,83.0,902.0,68.0,1118.0,611.0,122.0,724.0,10224.0
21/03/2005,05.00.00,6.0,947.0,16.0,553.0,84.0,944.0,69.0,1110.0,693.0,116.0,738.0,10054.0
21/03/2005,06.00.00,7.0,1003.0,30.0,650.0,113.0,831.0,73.0,1158.0,750.0,129.0,675.0,9990.0
21/03/2005,07.00.00,13.0,1120.0,61.0,815.0,270.0,660.0,113.0,1291.0,1053.0,128.0,680.0,10023.0
21/03/2005,08.00.00,32.0,1476.0,173.0,1219.0,487.0,459.0,141.0,1673.0,1561.0,135.0,639.0,9875.0
21/03/2005,09.00.00,61.0,1653.0,310.0,1573.0,723.0,345.0,174.0,2147.0,1920.0,147.0,598.0,9928.0
21/03/2005,10.00.00,43.0,1403.0,154.0,1161.0,614.0,487.0,178.0,1576.0,1583.0,159.0,566.0,10147.0
21/03/2005,11.00.00,26.0,1241.0,109.0,1011.0,395.0,545.0,163.0,1428.0,1274.0,183.0,494.0,10264.0
21/03/2005,12.00.00,20.0,1176.0,84.0,914.0,310.0,621.0,143.0,1347.0,1083.0,198.0,442.0,10091.0
21/03/2005,13.00.00,18.0,1160.0,71.0,862.0,259.0,636.0,127.0,1320.0,924.0,216.0,396.0,10090.0
21/03/2005,14.00.00,21.0,1224.0,100.0,977.0,251.0,571.0,131.0,1424.0,1002.0,233.0,358.0,10086.0
21/03/2005,15.00.00,21.0,1175.0,82.0,906.0,261.0,616.0,135.0,1332.0,905.0,238.0,334.0,9699.0
21/03/2005,16.00.00,20.0,1235.0,92.0,947.0,241.0,594.0,131.0,1362.0,923.0,228.0,353.0,9693.0
21/03/2005,17.00.00,26.0,1288.0,124.0,1064.0,317.0,539.0,153.0,1446.0,1123.0,228.0,349.0,9576.0
21/03/2005,18.00.00,45.0,1512.0,233.0,1386.0,505.0,425.0,198.0,1831.0,1602.0,209.0,393.0,9615.0
21/03/2005,19.00.00,64.0,1609.0,297.0,1544.0,669.0,367.0,232.0,1999.0,1878.0,186.0,464.0,9867.0
21/03/2005,20.00.00,60.0,1537.0,257.0,1446.0,638.0,392.0,224.0,1855.0,1840.0,172.0,527.0,10285.0
21/03/2005,21.00.00,38.0,1315.0,143.0,1126.0,433.0,498.0,183.0,1537.0,1474.0,153.0,610.0,10540.0
21/03/2005,22.00.00,21.0,1155.0,82.0,909.0,252.0,604.0,144.0,1331.0,1244.0,142.0,654.0,10497.0
21/03/2005,23.00.00,12.0,1033.0,49.0,759.0,154.0,735.0,117.0,1185.0,937.0,138.0,652.0,10275.0
22/03/2005,00.00.00,13.0,1078.0,59.0,808.0,152.0,696.0,106.0,1221.0,891.0,133.0,656.0,9969.0
22/03/2005,01.00.00,15.0,1069.0,57.0,799.0,181.0,682.0,121.0,1211.0,1044.0,126.0,679.0,9886.0
22/03/2005,02.00.00,9.0,952.0,29.0,648.0,109.0,847.0,87.0,1107.0,792.0,128.0,645.0,9493.0
22/03/2005,03.00.00,7.0,910.0,18.0,570.0,73.0,964.0,62.0,1060.0,670.0,128.0,636.0,9360.0
22/03/2005,04.00.00,5.0,878.0,12.0,517.0,83.0,1069.0,70.0,1046.0,689.0,120.0,652.0,9103.0
22/03/2005,05.00.00,6.0,899.0,16.0,556.0,90.0,1001.0,66.0,1064.0,717.0,106.0,708.0,9033.0
22/03/2005,06.00.00,7.0,939.0,25.0,620.0,151.0,905.0,88.0,1095.0,813.0,109.0,692.0,9033.0
22/03/2005,07.00.00,9.0,1001.0,38.0,701.0,191.0,816.0,93.0,1130.0,891.0,103.0,709.0,8907.0
22/03/2005,08.00.00,22.0,1303.0,135.0,1102.0,403.0,536.0,116.0,1488.0,1323.0,118.0,663.0,9174.0
22/03/2005,09.00.00,47.0,1557.0,278.0,1499.0,555.0,381.0,151.0,1945.0,1817.0,141.0,589.0,9447.0
22/03/2005,10.00.00,45.0,1402.0,188.0,1263.0,551.0,446.0,169.0,1640.0,1723.0,165.0,516.0,9601.0
22/03/2005,11.00.00,31.0,1380.0,157.0,1170.0,473.0,477.0,166.0,1566.0,1656.0,202.0,421.0,9840.0
22/03/2005,12.00.00,28.0,1350.0,156.0,1168.0,388.0,475.0,160.0,1564.0,1539.0,217.0,390.0,9979.0
22/03/2005,13.00.00,24.0,1283.0,123.0,1061.0,296.0,525.0,145.0,1434.0,1294.0,235.0,350.0,9977.0
22/03/2005,14.00.00,25.0,1293.0,124.0,1064.0,283.0,522.0,131.0,1446.0,1229.0,235.0,342.0,9748.0
22/03/2005,15.00.00,20.0,1197.0,91.0,943.0,256.0,599.0,130.0,1294.0,951.0,255.0,283.0,9124.0
22/03/2005,16.00.00,17.0,1142.0,86.0,924.0,234.0,629.0,122.0,1236.0,819.0,255.0,247.0,7928.0
22/03/2005,17.00.00,17.0,1147.0,84.0,914.0,215.0,633.0,113.0,1233.0,801.0,229.0,292.0,8055.0
22/03/2005,18.00.00,33.0,1448.0,209.0,1322.0,454.0,447.0,156.0,1655.0,1492.0,213.0,329.0,8209.0
22/03/2005,19.00.00,45.0,1487.0,219.0,1350.0,605.0,418.0,198.0,1698.0,1692.0,201.0,424.0,9880.0
22/03/2005,20.00.00,58.0,1476.0,204.0,1308.0,529.0,428.0,175.0,1674.0,1654.0,186.0,466.0,9858.0
22/03/2005,21.00.00,43.0,1282.0,110.0,1013.0,354.0,545.0,141.0,1384.0,1287.0,174.0,506.0,9989.0
22/03/2005,22.00.00,30.0,1147.0,68.0,848.0,195.0,636.0,101.0,1289.0,938.0,164.0,572.0,10574.0
22/03/2005,23.00.00,28.0,1130.0,63.0,828.0,161.0,645.0,102.0,1283.0,973.0,163.0,594.0,10895.0
23/03/2005,00.00.00,27.0,1154.0,62.0,822.0,187.0,656.0,119.0,1285.0,1087.0,160.0,602.0,10844.0
23/03/2005,01.00.00,24.0,1049.0,35.0,683.0,156.0,782.0,110.0,1190.0,796.0,156.0,616.0,10859.0
23/03/2005,02.00.00,22.0,1056.0,33.0,672.0,116.0,769.0,87.0,1184.0,830.0,154.0,620.0,10793.0
23/03/2005,03.00.00,20.0,1011.0,25.0,622.0,83.0,827.0,66.0,1158.0,703.0,152.0,635.0,10881.0
23/03/2005,04.00.00,12.5,993.0,23.0,604.0,85.0,848.0,65.0,1160.0,762.0,145.0,664.0,10919.0
23/03/2005,05.00.00,5.0,976.0,18.0,568.0,78.0,891.0,63.0,1143.0,705.0,150.0,648.0,11007.0
23/03/2005,06.00.00,7.0,1050.0,36.0,690.0,127.0,761.0,71.0,1223.0,867.0,142.0,683.0,10988.0
23/03/2005,07.00.00,12.0,1143.0,61.0,818.0,279.0,646.0,103.0,1316.0,1122.0,140.0,686.0,10918.0
23/03/2005,08.00.00,39.0,1606.0,223.0,1360.0,649.0,396.0,144.0,1895.0,1771.0,154.0,634.0,11045.0
23/03/2005,09.00.00,49.0,1592.0,270.0,1478.0,593.0,360.0,158.0,1975.0,1874.0,178.0,533.0,10736.0
23/03/2005,10.00.00,46.0,1510.0,195.0,1282.0,584.0,419.0,169.0,1726.0,1812.0,194.0,475.0,10610.0
23/03/2005,11.00.00,34.0,1421.0,158.0,1172.0,563.0,474.0,184.0,1513.0,1726.0,214.0,387.0,9724.0
23/03/2005,12.00.00,20.0,1169.0,103.0,987.0,337.0,596.0,143.0,1285.0,1184.0,229.0,293.0,8077.0
23/03/2005,13.00.00,19.0,1187.0,110.0,1014.0,272.0,578.0,133.0,1315.0,1131.0,242.0,265.0,7869.0
23/03/2005,14.00.00,24.0,1171.0,119.0,1045.0,322.0,570.0,141.0,1291.0,1149.0,245.0,231.0,6968.0
23/03/2005,15.00.00,24.0,1175.0,117.0,1040.0,362.0,582.0,153.0,1268.0,1185.0,231.0,228.0,6346.0
23/03/2005,16.00.00,22.0,1216.0,120.0,1050.0,361.0,564.0,149.0,1311.0,1244.0,233.0,238.0,6738.0
23/03/2005,17.00.00,25.0,1239.0,123.0,1062.0,431.0,558.0,159.0,1299.0,1380.0,232.0,233.0,6562.0
23/03/2005,18.00.00,39.0,1463.0,232.0,1383.0,545.0,440.0,181.0,1636.0,1727.0,227.0,255.0,6944.0
23/03/2005,19.00.00,62.0,1616.0,326.0,1610.0,796.0,374.0,227.0,1909.0,2021.0,210.0,292.0,7192.0
23/03/2005,20.00.00,72.0,1663.0,320.0,1597.0,874.0,366.0,230.0,1906.0,2159.0,195.0,356.0,7978.0
23/03/2005,21.00.00,39.0,1445.0,188.0,1263.0,551.0,464.0,194.0,1500.0,1844.0,188.0,373.0,8031.0
23/03/2005,22.00.00,24.0,1293.0,121.0,1052.0,393.0,536.0,172.0,1332.0,1593.0,177.0,397.0,7990.0
23/03/2005,23.00.00,23.0,1354.0,130.0,1084.0,369.0,502.0,158.0,1380.0,1651.0,167.0,452.0,8506.0
24/03/2005,00.00.00,19.0,1251.0,99.0,973.0,314.0,559.0,144.0,1277.0,1482.0,159.0,470.0,8434.0
24/03/2005,01.00.00,17.0,1222.0,81.0,902.0,294.0,590.0,133.0,1256.0,1384.0,151.0,502.0,8543.0
24/03/2005,02.00.00,9.0,1044.0,38.0,702.0,165.0,746.0,109.0,1099.0,1101.0,153.0,492.0,8493.0
24/03/2005,03.00.00,7.0,1006.0,31.0,659.0,143.0,791.0,94.0,1082.0,999.0,131.0,561.0,8416.0
24/03/2005,04.00.00,5.0,953.0,20.0,583.0,93.0,889.0,73.0,1043.0,895.0,133.0,544.0,8287.0
24/03/2005,05.00.00,4.0,959.0,22.0,598.0,111.0,878.0,76.0,1045.0,904.0,124.0,583.0,8364.0
24/03/2005,06.00.00,4.0,949.0,23.0,607.0,105.0,884.0,74.0,1043.0,851.0,129.0,560.0,8292.0
24/03/2005,07.00.00,7.0,1073.0,49.0,760.0,173.0,727.0,73.0,1128.0,1052.0,119.0,596.0,8294.0
24/03/2005,08.00.00,31.0,1499.0,198.0,1291.0,541.0,444.0,107.0,1653.0,1609.0,134.0,551.0,8444.0
24/03/2005,09.00.00,34.0,1404.0,150.0,1149.0,581.0,469.0,115.0,1523.0,1614.0,161.0,464.0,8436.0
24/03/2005,10.00.00,35.0,1465.0,181.0,1241.0,591.0,434.0,132.0,1572.0,1774.0,179.0,422.0,8557.0
24/03/2005,11.00.00,32.0,1474.0,153.0,1158.0,653.0,469.0,155.0,1476.0,1802.0,182.0,432.0,8926.0
24/03/2005,12.00.00,32.0,1611.0,178.0,1233.0,690.0,413.0,140.0,1687.0,1741.0,160.0,679.0,12217.0
24/03/2005,13.00.00,33.0,1590.0,173.0,1219.0,602.0,410.0,147.0,1677.0,1830.0,176.0,597.0,11880.0
24/03/2005,14.00.00,30.0,1422.0,141.0,1120.0,489.0,476.0,161.0,1525.0,1696.0,209.0,434.0,10618.0
24/03/2005,15.00.00,20.0,1273.0,103.0,988.0,288.0,563.0,123.0,1387.0,1257.0,241.0,333.0,9881.0
24/03/2005,16.00.00,23.0,1296.0,110.0,1014.0,323.0,543.0,142.0,1401.0,1305.0,229.0,352.0,9694.0
24/03/2005,17.00.00,22.0,1247.0,103.0,989.0,301.0,557.0,143.0,1383.0,1183.0,222.0,362.0,9560.0
24/03/2005,18.00.00,27.0,1359.0,146.0,1135.0,335.0,505.0,153.0,1500.0,1347.0,213.0,378.0,9462.0
24/03/2005,19.00.00,59.0,1726.0,308.0,1570.0,659.0,359.0,200.0,2021.0,1947.0,201.0,432.0,10051.0
24/03/2005,20.00.00,75.0,1818.0,355.0,1675.0,847.0,330.0,232.0,2143.0,2129.0,188.0,491.0,10538.0
24/03/2005,21.00.00,50.0,1667.0,242.0,1410.0,691.0,383.0,201.0,1818.0,1948.0,182.0,522.0,10795.0
24/03/2005,22.00.00,40.0,1549.0,178.0,1233.0,590.0,424.0,175.0,1648.0,1804.0,174.0,573.0,11288.0
24/03/2005,23.00.00,27.0,1385.0,119.0,1045.0,449.0,496.0,159.0,1462.0,1572.0,170.0,566.0,10902.0
25/03/2005,00.00.00,20.0,1320.0,93.0,950.0,316.0,542.0,135.0,1428.0,1426.0,162.0,663.0,12080.0
25/03/2005,01.00.00,15.0,1205.0,63.0,828.0,239.0,622.0,128.0,1344.0,1170.0,153.0,733.0,12655.0
25/03/2005,02.00.00,10.0,1099.0,40.0,709.0,165.0,727.0,109.0,1263.0,1000.0,152.0,733.0,12556.0
25/03/2005,03.00.00,10.0,1106.0,41.0,715.0,152.0,714.0,101.0,1279.0,949.0,139.0,804.0,12694.0
25/03/2005,04.00.00,9.0,1099.0,41.0,718.0,144.0,714.0,96.0,1300.0,905.0,136.0,828.0,12817.0
25/03/2005,05.00.00,8.0,1042.0,33.0,671.0,126.0,754.0,87.0,1255.0,845.0,137.0,820.0,12770.0
25/03/2005,06.00.00,6.0,980.0,25.0,621.0,132.0,858.0,81.0,1190.0,692.0,137.0,780.0,12174.0
25/03/2005,07.00.00,10.0,1138.0,54.0,782.0,228.0,705.0,100.0,1321.0,926.0,141.0,755.0,12065.0
25/03/2005,08.00.00,32.0,1517.0,174.0,1222.0,580.0,437.0,146.0,1750.0,1470.0,148.0,736.0,12331.0
25/03/2005,09.00.00,43.0,1537.0,229.0,1374.0,564.0,384.0,158.0,1941.0,1660.0,160.0,678.0,12276.0
25/03/2005,10.00.00,27.0,1296.0,111.0,1017.0,369.0,526.0,136.0,1494.0,1360.0,184.0,592.0,12398.0
25/03/2005,11.00.00,16.0,1255.0,95.0,958.0,260.0,579.0,117.0,1420.0,1215.0,204.0,505.0,11954.0
25/03/2005,12.00.00,14.0,1367.0,136.0,1105.0,371.0,503.0,140.0,1578.0,1391.0,213.0,466.0,11628.0
25/03/2005,13.00.00,23.0,1473.0,170.0,1210.0,513.0,462.0,169.0,1686.0,1521.0,204.0,498.0,11765.0
25/03/2005,14.00.00,21.0,1422.0,158.0,1175.0,471.0,474.0,163.0,1647.0,1483.0,211.0,478.0,11813.0
25/03/2005,15.00.00,14.0,1378.0,143.0,1125.0,378.0,502.0,144.0,1601.0,1380.0,215.0,478.0,12060.0
25/03/2005,16.00.00,34.0,1446.0,175.0,1224.0,445.0,471.0,153.0,1706.0,1450.0,217.0,474.0,12184.0
25/03/2005,17.00.00,38.0,1473.0,178.0,1235.0,483.0,468.0,164.0,1702.0,1519.0,210.0,498.0,12208.0
25/03/2005,18.00.00,49.0,1619.0,243.0,1411.0,530.0,417.0,174.0,1908.0,1684.0,204.0,519.0,12261.0
25/03/2005,19.00.00,57.0,1673.0,272.0,1484.0,649.0,397.0,196.0,2008.0,1812.0,194.0,563.0,12500.0
25/03/2005,20.00.00,55.0,1605.0,237.0,1397.0,604.0,420.0,189.0,1891.0,1710.0,188.0,583.0,12514.0
25/03/2005,21.00.00,39.0,1460.0,167.0,1201.0,486.0,466.0,155.0,1685.0,1591.0,182.0,610.0,12634.0
25/03/2005,22.00.00,31.0,1407.0,140.0,1117.0,402.0,486.0,137.0,1596.0,1521.0,177.0,633.0,12729.0
25/03/2005,23.00.00,20.0,1286.0,101.0,982.0,268.0,550.0,117.0,1458.0,1353.0,177.0,635.0,12700.0
26/03/2005,00.00.00,25.0,1372.0,121.0,1054.0,350.0,504.0,128.0,1534.0,1463.0,171.0,669.0,12926.0
26/03/2005,01.00.00,22.0,1312.0,105.0,995.0,312.0,527.0,124.0,1488.0,1447.0,168.0,690.0,13135.0
26/03/2005,02.00.00,15.0,1205.0,72.0,867.0,243.0,601.0,108.0,1361.0,1294.0,166.0,700.0,13078.0
26/03/2005,03.00.00,12.0,1167.0,64.0,829.0,202.0,622.0,89.0,1360.0,1172.0,161.0,713.0,12955.0
26/03/2005,04.00.00,10.0,1122.0,60.0,811.0,181.0,641.0,92.0,1336.0,1122.0,162.0,712.0,13013.0
26/03/2005,05.00.00,8.0,1126.0,53.0,779.0,139.0,663.0,84.0,1309.0,1103.0,163.0,698.0,12853.0
26/03/2005,06.00.00,1.0,1121.0,49.0,757.0,156.0,672.0,83.0,1293.0,1113.0,161.0,700.0,12739.0
26/03/2005,07.00.00,11.0,1135.0,57.0,797.0,175.0,651.0,80.0,1325.0,1109.0,161.0,695.0,12623.0
26/03/2005,08.00.00,17.0,1248.0,90.0,939.0,281.0,565.0,93.0,1458.0,1229.0,165.0,681.0,12653.0
26/03/2005,09.00.00,21.0,1325.0,109.0,1010.0,322.0,513.0,106.0,1522.0,1404.0,174.0,650.0,12775.0
26/03/2005,10.00.00,23.0,1347.0,106.0,1000.0,369.0,510.0,115.0,1490.0,1450.0,184.0,602.0,12623.0
26/03/2005,11.00.00,21.0,1317.0,93.0,952.0,366.0,541.0,124.0,1443.0,1393.0,191.0,575.0,12569.0
26/03/2005,12.00.00,19.0,1243.0,83.0,912.0,301.0,579.0,113.0,1406.0,1227.0,212.0,484.0,12028.0
26/03/2005,13.00.00,17.0,1169.0,66.0,841.0,232.0,623.0,104.0,1361.0,1040.0,223.0,439.0,11695.0
26/03/2005,14.00.00,13.0,1085.0,51.0,769.0,156.0,711.0,85.0,1264.0,820.0,237.0,394.0,11366.0
26/03/2005,15.00.00,13.0,1177.0,79.0,896.0,169.0,616.0,94.0,1374.0,1011.0,231.0,412.0,11523.0
26/03/2005,16.00.00,16.0,1207.0,77.0,888.0,203.0,611.0,99.0,1382.0,1042.0,257.0,357.0,11626.0
26/03/2005,17.00.00,22.0,1269.0,107.0,1005.0,260.0,553.0,112.0,1463.0,1136.0,243.0,384.0,11503.0
26/03/2005,18.00.00,23.0,1205.0,105.0,996.0,289.0,559.0,122.0,1456.0,1101.0,219.0,451.0,11687.0
26/03/2005,19.00.00,22.0,1218.0,109.0,1009.0,273.0,553.0,119.0,1486.0,1108.0,197.0,518.0,11779.0
26/03/2005,20.00.00,20.0,1183.0,84.0,914.0,263.0,604.0,119.0,1387.0,1078.0,187.0,545.0,11644.0
26/03/2005,21.00.00,23.0,1242.0,100.0,978.0,295.0,564.0,127.0,1449.0,1210.0,178.0,581.0,11742.0
26/03/2005,22.00.00,22.0,1263.0,103.0,990.0,303.0,553.0,126.0,1465.0,1270.0,173.0,608.0,11885.0
26/03/2005,23.00.00,16.0,1139.0,72.0,865.0,209.0,625.0,111.0,1362.0,1119.0,165.0,638.0,11873.0
27/03/2005,00.00.00,16.0,1166.0,64.0,829.0,200.0,632.0,102.0,1338.0,1133.0,163.0,652.0,11982.0
27/03/2005,01.00.00,13.0,1079.0,43.0,727.0,174.0,724.0,93.0,1275.0,1010.0,165.0,638.0,11896.0
27/03/2005,02.00.00,10.0,1008.0,33.0,669.0,115.0,791.0,78.0,1241.0,894.0,166.0,630.0,11784.0
27/03/2005,03.00.00,10.0,1034.0,39.0,707.0,122.0,740.0,74.0,1267.0,930.0,162.0,643.0,11729.0
27/03/2005,04.00.00,10.0,1001.0,34.0,675.0,105.0,778.0,68.0,1260.0,861.0,159.0,651.0,11654.0
27/03/2005,05.00.00,8.0,977.0,23.0,605.0,102.0,852.0,68.0,1212.0,841.0,158.0,654.0,11629.0
27/03/2005,06.00.00,7.0,986.0,23.0,602.0,96.0,878.0,61.0,1211.0,851.0,158.0,659.0,11792.0
27/03/2005,07.00.00,11.0,1082.0,42.0,720.0,144.0,697.0,76.0,1297.0,960.0,156.0,677.0,11911.0
27/03/2005,08.00.00,11.0,1068.0,36.0,688.0,152.0,725.0,78.0,1289.0,926.0,152.0,715.0,12228.0
27/03/2005,09.00.00,11.0,1136.0,44.0,733.0,156.0,692.0,79.0,1344.0,901.0,145.0,808.0,13224.0
27/03/2005,10.00.00,14.0,1184.0,46.0,743.0,208.0,672.0,90.0,1369.0,915.0,152.0,814.0,13930.0
27/03/2005,11.00.00,13.0,1179.0,45.0,738.0,174.0,680.0,89.0,1335.0,956.0,159.0,773.0,13838.0
27/03/2005,12.00.00,15.0,1182.0,50.0,761.0,206.0,677.0,97.0,1338.0,1019.0,175.0,671.0,13342.0
27/03/2005,13.00.00,13.0,1082.0,38.0,700.0,160.0,759.0,91.0,1286.0,842.0,181.0,628.0,12916.0
27/03/2005,14.00.00,8.0,996.0,25.0,620.0,91.0,820.0,62.0,1238.0,612.0,186.0,621.0,13224.0
27/03/2005,15.00.00,9.0,1024.0,27.0,630.0,106.0,862.0,66.0,1240.0,544.0,162.0,719.0,13171.0
27/03/2005,16.00.00,14.0,1093.0,35.0,682.0,199.0,797.0,104.0,1256.0,638.0,154.0,752.0,13024.0
27/03/2005,17.00.00,18.0,1170.0,49.0,756.0,299.0,713.0,126.0,1341.0,793.0,144.0,808.0,13182.0
27/03/2005,18.00.00,16.0,1153.0,44.0,734.0,272.0,712.0,122.0,1324.0,811.0,138.0,835.0,13154.0
27/03/2005,19.00.00,18.0,1220.0,57.0,796.0,285.0,652.0,121.0,1367.0,896.0,139.0,836.0,13208.0
27/03/2005,20.00.00,21.0,1218.0,63.0,825.0,307.0,627.0,126.0,1393.0,978.0,142.0,823.0,13219.0
27/03/2005,21.00.00,19.0,1172.0,60.0,810.0,237.0,637.0,115.0,1376.0,964.0,141.0,814.0,13046.0
27/03/2005,22.00.00,17.0,1182.0,60.0,812.0,244.0,650.0,116.0,1368.0,993.0,144.0,790.0,12917.0
27/03/2005,23.00.00,19.0,1160.0,56.0,794.0,284.0,658.0,120.0,1356.0,966.0,146.0,777.0,12834.0
28/03/2005,00.00.00,16.0,1106.0,43.0,728.0,221.0,722.0,111.0,1309.0,885.0,144.0,786.0,12839.0
28/03/2005,01.00.00,12.0,1031.0,30.0,652.0,173.0,803.0,101.0,1256.0,775.0,144.0,780.0,12741.0
28/03/2005,02.00.00,10.0,1015.0,28.0,640.0,144.0,821.0,92.0,1247.0,738.0,141.0,791.0,12665.0
28/03/2005,03.00.00,10.0,1003.0,27.0,635.0,117.0,829.0,78.0,1235.0,711.0,137.0,806.0,12528.0
28/03/2005,04.00.00,8.0,951.0,20.0,583.0,89.0,905.0,63.0,1212.0,624.0,139.0,796.0,12616.0
28/03/2005,05.00.00,6.0,938.0,19.0,575.0,97.0,955.0,63.0,1195.0,585.0,138.0,790.0,12425.0
28/03/2005,06.00.00,6.0,933.0,19.0,574.0,95.0,937.0,63.0,1201.0,646.0,139.0,780.0,12346.0
28/03/2005,07.00.00,10.0,1010.0,31.0,656.0,166.0,815.0,84.0,1260.0,809.0,141.0,778.0,12445.0
28/03/2005,08.00.00,10.0,1025.0,34.0,675.0,160.0,798.0,89.0,1257.0,828.0,150.0,732.0,12413.0
28/03/2005,09.00.00,13.0,1086.0,49.0,756.0,176.0,700.0,101.0,1308.0,894.0,164.0,673.0,12451.0
28/03/2005,10.00.00,15.0,1111.0,52.0,773.0,216.0,690.0,115.0,1331.0,915.0,178.0,617.0,12436.0
28/03/2005,11.00.00,16.0,1129.0,55.0,788.0,220.0,692.0,111.0,1305.0,920.0,208.0,504.0,12213.0
28/03/2005,12.00.00,14.0,1097.0,42.0,721.0,183.0,746.0,96.0,1266.0,807.0,216.0,468.0,11959.0
28/03/2005,13.00.00,14.0,1029.0,33.0,670.0,154.0,800.0,87.0,1223.0,678.0,231.0,413.0,11506.0
28/03/2005,14.00.00,12.0,1071.0,48.0,752.0,132.0,736.0,81.0,1289.0,668.0,236.0,394.0,11320.0
28/03/2005,15.00.00,13.0,1053.0,42.0,721.0,140.0,764.0,85.0,1216.0,617.0,251.0,340.0,10680.0
28/03/2005,16.00.00,14.0,1055.0,37.0,693.0,186.0,789.0,98.0,1203.0,598.0,247.0,356.0,10882.0
28/03/2005,17.00.00,16.0,1176.0,62.0,822.0,213.0,704.0,109.0,1294.0,778.0,242.0,381.0,11357.0
28/03/2005,18.00.00,28.0,1293.0,97.0,965.0,376.0,589.0,150.0,1399.0,1062.0,227.0,424.0,11540.0
28/03/2005,19.00.00,37.0,1307.0,124.0,1063.0,508.0,554.0,175.0,1432.0,1224.0,196.0,478.0,10781.0
28/03/2005,20.00.00,29.0,1163.0,94.0,954.0,388.0,600.0,157.0,1369.0,1118.0,176.0,544.0,10839.0
28/03/2005,21.00.00,18.0,1103.0,71.0,861.0,250.0,660.0,130.0,1310.0,964.0,162.0,606.0,11089.0
28/03/2005,22.00.00,16.0,1120.0,61.0,817.0,232.0,669.0,120.0,1310.0,1050.0,152.0,658.0,11288.0
28/03/2005,23.00.00,17.0,1107.0,60.0,810.0,229.0,677.0,114.0,1311.0,1016.0,145.0,689.0,11298.0
29/03/2005,00.00.00,15.0,1078.0,50.0,766.0,184.0,692.0,100.0,1269.0,998.0,143.0,685.0,11122.0
29/03/2005,01.00.00,10.0,963.0,29.0,646.0,117.0,834.0,83.0,1181.0,846.0,147.0,664.0,11006.0
29/03/2005,02.00.00,8.0,923.0,22.0,596.0,103.0,908.0,72.0,1148.0,762.0,134.0,704.0,10793.0
29/03/2005,03.00.00,5.0,853.0,10.0,502.0,66.0,1117.0,51.0,1087.0,592.0,142.0,651.0,10495.0
29/03/2005,04.00.00,5.0,883.0,13.0,530.0,63.0,997.0,46.0,1102.0,617.0,137.0,682.0,10611.0
29/03/2005,05.00.00,5.0,921.0,19.0,575.0,95.0,956.0,58.0,1143.0,672.0,137.0,678.0,10575.0
29/03/2005,06.00.00,10.0,1031.0,47.0,748.0,188.0,738.0,86.0,1245.0,890.0,129.0,718.0,10657.0
29/03/2005,07.00.00,30.0,1371.0,160.0,1180.0,527.0,472.0,122.0,1632.0,1354.0,132.0,699.0,10543.0
29/03/2005,08.00.00,51.0,1519.0,263.0,1461.0,623.0,370.0,140.0,2005.0,1648.0,144.0,658.0,10727.0
29/03/2005,09.00.00,43.0,1409.0,188.0,1262.0,606.0,434.0,146.0,1709.0,1566.0,153.0,633.0,10920.0
29/03/2005,10.00.00,33.0,1303.0,144.0,1128.0,460.0,489.0,152.0,1573.0,1541.0,177.0,556.0,11120.0
29/03/2005,11.00.00,24.0,1184.0,100.0,978.0,346.0,567.0,147.0,1425.0,1226.0,196.0,494.0,11176.0
29/03/2005,12.00.00,24.0,1202.0,121.0,1052.0,296.0,519.0,134.0,1525.0,1126.0,181.0,583.0,12013.0
29/03/2005,13.00.00,25.0,1197.0,117.0,1040.0,321.0,530.0,136.0,1519.0,1147.0,180.0,579.0,11826.0
29/03/2005,14.00.00,23.0,1234.0,120.0,1049.0,312.0,523.0,142.0,1516.0,1190.0,186.0,550.0,11696.0
29/03/2005,15.00.00,27.0,1247.0,123.0,1059.0,355.0,508.0,153.0,1550.0,1212.0,183.0,579.0,12047.0
29/03/2005,16.00.00,27.0,1234.0,123.0,1060.0,349.0,509.0,153.0,1504.0,1251.0,183.0,548.0,11403.0
29/03/2005,17.00.00,33.0,1339.0,167.0,1200.0,385.0,457.0,155.0,1671.0,1404.0,183.0,539.0,11252.0
29/03/2005,18.00.00,39.0,1331.0,153.0,1160.0,456.0,474.0,181.0,1598.0,1419.0,185.0,546.0,11515.0
29/03/2005,19.00.00,26.0,1251.0,134.0,1097.0,306.0,502.0,151.0,1541.0,1328.0,171.0,615.0,11910.0
29/03/2005,20.00.00,32.0,1267.0,135.0,1102.0,402.0,498.0,159.0,1545.0,1378.0,164.0,625.0,11531.0
29/03/2005,21.00.00,23.0,1145.0,90.0,938.0,340.0,591.0,151.0,1376.0,1159.0,152.0,642.0,10983.0
29/03/2005,22.00.00,14.0,1010.0,48.0,752.0,206.0,740.0,127.0,1218.0,932.0,146.0,673.0,11102.0
29/03/2005,23.00.00,11.0,1025.0,50.0,761.0,158.0,745.0,107.0,1237.0,942.0,135.0,708.0,10928.0
30/03/2005,00.00.00,12.0,1024.0,49.0,759.0,178.0,721.0,101.0,1224.0,944.0,130.0,719.0,10697.0
30/03/2005,01.00.00,9.0,938.0,34.0,679.0,118.0,829.0,80.0,1144.0,798.0,130.0,702.0,10457.0
30/03/2005,02.00.00,7.0,905.0,24.0,615.0,95.0,885.0,68.0,1104.0,776.0,116.0,749.0,10224.0
30/03/2005,03.00.00,5.0,826.0,11.0,512.0,84.0,1108.0,61.0,1043.0,636.0,125.0,674.0,9722.0
30/03/2005,04.00.00,4.0,879.0,14.0,539.0,82.0,1045.0,56.0,1073.0,678.0,115.0,715.0,9684.0
30/03/2005,05.00.00,5.0,901.0,21.0,589.0,122.0,933.0,70.0,1109.0,754.0,102.0,779.0,9692.0
30/03/2005,06.00.00,8.0,948.0,38.0,702.0,146.0,801.0,78.0,1164.0,818.0,110.0,731.0,9554.0
30/03/2005,07.00.00,23.0,1250.0,126.0,1069.0,397.0,532.0,106.0,1457.0,1202.0,107.0,736.0,9439.0
30/03/2005,08.00.00,29.0,1263.0,147.0,1138.0,371.0,503.0,117.0,1533.0,1296.0,121.0,673.0,9499.0
30/03/2005,09.00.00,31.0,1319.0,155.0,1164.0,454.0,489.0,144.0,1543.0,1418.0,151.0,586.0,9982.0
30/03/2005,10.00.00,27.0,1202.0,121.0,1055.0,433.0,534.0,158.0,1458.0,1293.0,186.0,495.0,10520.0
30/03/2005,11.00.00,18.0,1109.0,79.0,896.0,287.0,629.0,137.0,1308.0,1027.0,209.0,425.0,10370.0
30/03/2005,12.00.00,19.0,1136.0,96.0,962.0,265.0,594.0,130.0,1350.0,1052.0,236.0,348.0,9986.0
30/03/2005,13.00.00,18.0,1082.0,83.0,910.0,225.0,629.0,125.0,1301.0,875.0,256.0,285.0,9199.0
30/03/2005,14.00.00,18.0,1070.0,92.0,947.0,210.0,609.0,124.0,1292.0,815.0,261.0,263.0,8750.0
30/03/2005,15.00.00,18.0,1070.0,84.0,917.0,215.0,633.0,125.0,1252.0,760.0,266.0,249.0,8525.0
30/03/2005,16.00.00,17.0,1123.0,92.0,945.0,227.0,623.0,135.0,1303.0,856.0,251.0,285.0,8932.0
30/03/2005,17.00.00,32.0,1271.0,161.0,1183.0,403.0,493.0,179.0,1498.0,1258.0,241.0,321.0,9504.0
30/03/2005,18.00.00,34.0,1304.0,171.0,1212.0,444.0,476.0,183.0,1585.0,1383.0,215.0,391.0,9914.0
30/03/2005,19.00.00,42.0,1360.0,199.0,1295.0,475.0,451.0,193.0,1639.0,1518.0,193.0,462.0,10230.0
30/03/2005,20.00.00,35.0,1278.0,149.0,1147.0,438.0,505.0,185.0,1536.0,1890.0,182.0,526.0,10911.0
30/03/2005,21.00.00,20.0,1130.0,88.0,933.0,254.0,608.0,147.0,1373.0,1389.0,168.0,582.0,11022.0
30/03/2005,22.00.00,14.0,1066.0,58.0,802.0,172.0,689.0,117.0,1282.0,1090.0,160.0,619.0,11150.0
30/03/2005,23.00.00,15.0,1090.0,66.0,841.0,174.0,661.0,112.0,1317.0,1092.0,153.0,654.0,11260.0
31/03/2005,00.00.00,12.0,1013.0,48.0,754.0,146.0,729.0,101.0,1245.0,954.0,145.0,678.0,11171.0
31/03/2005,01.00.00,11.0,998.0,41.0,718.0,134.0,757.0,93.0,1230.0,951.0,142.0,686.0,11068.0
31/03/2005,02.00.00,7.0,923.0,25.0,616.0,83.0,874.0,64.0,1169.0,790.0,139.0,687.0,10892.0
31/03/2005,03.00.00,6.0,904.0,17.0,565.0,81.0,942.0,61.0,1144.0,752.0,131.0,725.0,10911.0
31/03/2005,04.00.00,5.0,884.0,16.0,556.0,73.0,965.0,54.0,1135.0,708.0,129.0,727.0,10760.0
31/03/2005,05.00.00,6.0,936.0,26.0,628.0,104.0,876.0,64.0,1173.0,782.0,123.0,742.0,10583.0
31/03/2005,06.00.00,9.0,1068.0,61.0,816.0,191.0,681.0,80.0,1264.0,1011.0,126.0,715.0,10380.0
31/03/2005,07.00.00,40.0,1531.0,236.0,1394.0,673.0,407.0,133.0,1860.0,1683.0,127.0,696.0,10206.0
31/03/2005,08.00.00,41.0,1184.0,109.0,1012.0,547.0,567.0,170.0,1397.0,1341.0,168.0,516.0,9818.0
31/03/2005,09.00.00,19.0,1064.0,68.0,848.0,275.0,692.0,139.0,1212.0,1014.0,203.0,401.0,9439.0
31/03/2005,10.00.00,13.0,996.0,49.0,759.0,200.0,773.0,124.0,1119.0,751.0,210.0,373.0,9139.0
31/03/2005,11.00.00,12.0,984.0,42.0,724.0,185.0,810.0,118.0,1088.0,630.0,210.0,369.0,9089.0
31/03/2005,12.00.00,12.0,980.0,43.0,728.0,164.0,808.0,108.0,1098.0,565.0,228.0,330.0,9040.0
31/03/2005,13.00.00,12.0,970.0,40.0,710.0,150.0,833.0,100.0,1094.0,535.0,240.0,303.0,8925.0
31/03/2005,14.00.00,9.0,940.0,31.0,656.0,134.0,913.0,91.0,1052.0,471.0,226.0,332.0,9007.0
31/03/2005,15.00.00,10.0,963.0,37.0,691.0,128.0,857.0,89.0,1075.0,512.0,225.0,329.0,8846.0
31/03/2005,16.00.00,11.0,961.0,38.0,702.0,150.0,849.0,102.0,1070.0,527.0,215.0,338.0,8575.0
31/03/2005,17.00.00,15.0,1067.0,65.0,836.0,171.0,713.0,114.0,1206.0,690.0,214.0,364.0,9172.0
31/03/2005,18.00.00,21.0,1084.0,72.0,866.0,204.0,682.0,124.0,1219.0,778.0,200.0,389.0,8974.0
31/03/2005,19.00.00,21.0,1102.0,83.0,912.0,215.0,647.0,136.0,1287.0,872.0,178.0,452.0,9123.0
31/03/2005,20.00.00,15.0,976.0,44.0,731.0,156.0,787.0,118.0,1095.0,622.0,163.0,473.0,8686.0
31/03/2005,21.00.00,10.0,895.0,23.0,607.0,114.0,944.0,93.0,1012.0,512.0,163.0,448.0,8244.0
31/03/2005,22.00.00,8.0,886.0,18.0,568.0,81.0,1015.0,72.0,992.0,438.0,156.0,471.0,8273.0
31/03/2005,23.00.00,8.0,886.0,21.0,589.0,83.0,975.0,69.0,1001.0,443.0,151.0,476.0,8139.0
01/04/2005,00.00.00,7.0,848.0,15.0,541.0,69.0,1067.0,61.0,937.0,392.0,151.0,445.0,7569.0
01/04/2005,01.00.00,6.0,818.0,10.0,497.0,53.0,1198.0,50.0,885.0,347.0,146.0,430.0,7108.0
01/04/2005,02.00.00,5.0,848.0,11.0,509.0,36.0,1126.0,35.0,882.0,341.0,145.0,437.0,7163.0
01/04/2005,03.00.00,5.0,826.0,9.0,488.0,30.0,1187.0,29.0,895.0,322.0,136.0,467.0,7245.0
01/04/2005,04.00.00,5.0,818.0,8.0,473.0,47.0,1257.0,41.0,898.0,323.0,137.0,488.0,7606.0
01/04/2005,05.00.00,5.0,868.0,14.0,535.0,88.0,1136.0,66.0,944.0,395.0,135.0,506.0,7783.0
01/04/2005,06.00.00,6.0,901.0,20.0,586.0,135.0,993.0,89.0,979.0,510.0,137.0,474.0,7412.0
01/04/2005,07.00.00,15.0,1044.0,67.0,845.0,280.0,710.0,150.0,1158.0,909.0,137.0,459.0,7154.0
01/04/2005,08.00.00,19.0,1030.0,63.0,828.0,313.0,705.0,150.0,1130.0,869.0,161.0,410.0,7435.0
01/04/2005,09.00.00,13.0,965.0,43.0,730.0,205.0,799.0,127.0,1038.0,652.0,161.0,415.0,7559.0
01/04/2005,10.00.00,10.0,948.0,35.0,684.0,180.0,851.0,120.0,1011.0,599.0,165.0,408.0,7570.0
01/04/2005,11.00.00,10.0,939.0,36.0,687.0,197.0,870.0,123.0,981.0,550.0,189.0,338.0,7312.0
01/04/2005,12.00.00,11.0,925.0,40.0,713.0,172.0,853.0,115.0,957.0,518.0,192.0,295.0,6480.0
01/04/2005,13.00.00,13.0,924.0,45.0,739.0,184.0,834.0,122.0,966.0,541.0,199.0,263.0,6054.0
01/04/2005,14.00.00,10.0,891.0,33.0,669.0,160.0,923.0,111.0,911.0,456.0,192.0,270.0,5934.0
01/04/2005,15.00.00,11.0,897.0,36.0,687.0,176.0,908.0,119.0,916.0,467.0,194.0,253.0,5625.0
01/04/2005,16.00.00,14.0,939.0,43.0,726.0,219.0,890.0,137.0,955.0,508.0,189.0,262.0,5667.0
01/04/2005,17.00.00,15.0,943.0,51.0,770.0,222.0,856.0,147.0,959.0,583.0,193.0,247.0,5483.0
01/04/2005,18.00.00,16.0,928.0,55.0,790.0,231.0,812.0,154.0,951.0,609.0,171.0,253.0,4881.0
01/04/2005,19.00.00,22.0,961.0,74.0,874.0,248.0,747.0,160.0,1003.0,757.0,156.0,262.0,4604.0
01/04/2005,20.00.00,14.0,867.0,37.0,694.0,183.0,906.0,134.0,858.0,539.0,138.0,306.0,4790.0
01/04/2005,21.00.00,9.0,823.0,19.0,579.0,144.0,1070.0,110.0,778.0,420.0,131.0,317.0,4756.0
01/04/2005,22.00.00,8.0,835.0,21.0,593.0,132.0,1072.0,99.0,793.0,408.0,132.0,318.0,4798.0
01/04/2005,23.00.00,11.0,893.0,34.0,675.0,180.0,955.0,127.0,853.0,560.0,136.0,308.0,4779.0
02/04/2005,00.00.00,15.0,965.0,58.0,803.0,280.0,802.0,174.0,951.0,889.0,131.0,320.0,4817.0
02/04/2005,01.00.00,11.0,838.0,19.0,580.0,167.0,1055.0,127.0,791.0,516.0,127.0,336.0,4902.0
02/04/2005,02.00.00,6.0,835.0,15.0,546.0,102.0,1111.0,81.0,768.0,391.0,122.0,356.0,5038.0
02/04/2005,03.00.00,5.0,820.0,14.0,536.0,92.0,1137.0,70.0,777.0,374.0,119.0,356.0,4945.0
02/04/2005,04.00.00,4.0,815.0,9.0,488.0,63.0,1223.0,49.0,742.0,326.0,112.0,383.0,5099.0
02/04/2005,05.00.00,4.0,842.0,14.0,535.0,59.0,1140.0,44.0,805.0,352.0,110.0,405.0,5316.0
02/04/2005,06.00.00,6.0,884.0,20.0,587.0,163.0,999.0,107.0,863.0,566.0,107.0,428.0,5489.0
02/04/2005,07.00.00,9.0,922.0,31.0,658.0,227.0,898.0,141.0,922.0,706.0,111.0,433.0,5720.0
02/04/2005,08.00.00,9.0,903.0,25.0,618.0,183.0,933.0,121.0,899.0,575.0,142.0,369.0,5939.0
02/04/2005,09.00.00,8.0,899.0,27.0,631.0,145.0,955.0,103.0,884.0,505.0,156.0,333.0,5861.0
02/04/2005,10.00.00,10.0,890.0,27.0,634.0,150.0,952.0,102.0,856.0,471.0,163.0,300.0,5514.0
02/04/2005,11.00.00,8.0,877.0,27.0,632.0,138.0,993.0,95.0,834.0,421.0,170.0,261.0,5036.0
02/04/2005,12.00.00,8.0,867.0,24.0,613.0,134.0,1019.0,93.0,817.0,389.0,193.0,223.0,4950.0
02/04/2005,13.00.00,10.0,892.0,24.0,614.0,137.0,986.0,95.0,843.0,408.0,205.0,219.0,5215.0
02/04/2005,14.00.00,8.0,889.0,23.0,603.0,112.0,1022.0,80.0,853.0,382.0,220.0,202.0,5274.0
02/04/2005,15.00.00,8.0,900.0,25.0,622.0,112.0,1008.0,81.0,861.0,387.0,217.0,209.0,5367.0
02/04/2005,16.00.00,9.0,910.0,29.0,644.0,149.0,971.0,106.0,873.0,428.0,216.0,208.0,5292.0
02/04/2005,17.00.00,11.0,947.0,35.0,682.0,159.0,906.0,113.0,928.0,488.0,210.0,223.0,5468.0
02/04/2005,18.00.00,11.0,947.0,40.0,708.0,161.0,858.0,117.0,958.0,556.0,186.0,266.0,5631.0
02/04/2005,19.00.00,12.0,936.0,35.0,685.0,171.0,866.0,124.0,942.0,568.0,155.0,339.0,5957.0
02/04/2005,20.00.00,11.0,925.0,29.0,645.0,167.0,904.0,122.0,930.0,546.0,143.0,380.0,6162.0
02/04/2005,21.00.00,8.0,885.0,18.0,567.0,116.0,1021.0,87.0,872.0,428.0,135.0,394.0,6089.0
02/04/2005,22.00.00,7.0,891.0,18.0,567.0,105.0,1031.0,79.0,881.0,418.0,131.0,413.0,6184.0
02/04/2005,23.00.00,7.0,904.0,21.0,593.0,125.0,1012.0,93.0,894.0,472.0,135.0,378.0,5815.0
03/04/2005,00.00.00,8.0,929.0,25.0,617.0,140.0,953.0,102.0,898.0,544.0,135.0,374.0,5745.0
03/04/2005,01.00.00,8.0,951.0,28.0,642.0,109.0,895.0,86.0,929.0,666.0,127.0,408.0,5977.0
03/04/2005,02.00.00,7.0,938.0,27.0,631.0,99.0,882.0,77.0,931.0,679.0,120.0,442.0,6177.0
03/04/2005,03.00.00,8.0,921.0,28.0,642.0,120.0,861.0,88.0,948.0,768.0,105.0,487.0,6164.0
03/04/2005,04.00.00,5.0,850.0,20.0,583.0,83.0,955.0,64.0,914.0,589.0,101.0,497.0,6122.0
03/04/2005,05.00.00,3.0,811.0,10.0,494.0,60.0,1118.0,46.0,872.0,470.0,96.0,510.0,6082.0
03/04/2005,06.00.00,4.0,848.0,13.0,530.0,75.0,1072.0,55.0,901.0,523.0,91.0,524.0,6074.0
03/04/2005,07.00.00,6.0,882.0,17.0,563.0,127.0,978.0,84.0,936.0,660.0,89.0,527.0,6034.0
03/04/2005,08.00.00,7.0,936.0,24.0,611.0,134.0,911.0,89.0,949.0,741.0,135.0,400.0,6168.0
03/04/2005,09.00.00,12.0,1022.0,41.0,715.0,192.0,806.0,118.0,1004.0,831.0,178.0,307.0,6205.0
03/04/2005,10.00.00,14.0,970.0,34.0,677.0,166.0,888.0,113.0,931.0,613.0,211.0,237.0,5875.0
03/04/2005,11.00.00,13.0,1000.0,53.0,779.0,171.0,805.0,115.0,1001.0,640.0,240.0,193.0,5673.0
03/04/2005,12.00.00,14.0,996.0,53.0,781.0,177.0,806.0,124.0,985.0,631.0,265.0,164.0,5594.0
03/04/2005,13.00.00,10.0,928.0,38.0,701.0,119.0,926.0,86.0,902.0,456.0,287.0,137.0,5302.0
03/04/2005,14.00.00,10.0,933.0,42.0,722.0,121.0,899.0,87.0,890.0,450.0,285.0,131.0,5002.0
03/04/2005,15.00.00,11.0,956.0,54.0,783.0,142.0,857.0,100.0,896.0,516.0,300.0,111.0,4624.0
03/04/2005,16.00.00,13.0,968.0,63.0,826.0,197.0,867.0,132.0,898.0,548.0,294.0,104.0,4192.0
03/04/2005,17.00.00,14.0,953.0,61.0,817.0,242.0,872.0,156.0,891.0,603.0,289.0,99.0,3866.0
03/04/2005,18.00.00,12.0,1015.0,46.0,743.0,190.0,851.0,138.0,981.0,597.0,228.0,217.0,5945.0
03/04/2005,19.00.00,27.0,1248.0,111.0,1018.0,367.0,599.0,181.0,1289.0,1167.0,199.0,330.0,7608.0
03/04/2005,20.00.00,25.0,1180.0,79.0,894.0,355.0,636.0,187.0,1200.0,1372.0,175.0,407.0,8073.0
03/04/2005,21.00.00,15.0,1102.0,60.0,812.0,235.0,693.0,158.0,1178.0,1042.0,164.0,466.0,8642.0
03/04/2005,22.00.00,16.0,1116.0,58.0,803.0,233.0,696.0,153.0,1173.0,1055.0,155.0,490.0,8579.0
03/04/2005,23.00.00,12.0,1100.0,51.0,769.0,170.0,722.0,128.0,1147.0,1049.0,143.0,525.0,8497.0
04/04/2005,00.00.00,9.0,1012.0,35.0,683.0,117.0,801.0,93.0,1073.0,816.0,142.0,514.0,8275.0
04/04/2005,01.00.00,6.0,944.0,19.0,579.0,70.0,925.0,58.0,1002.0,598.0,138.0,512.0,8058.0
04/04/2005,02.00.00,5.0,912.0,15.0,544.0,69.0,959.0,55.0,1002.0,573.0,121.0,563.0,7927.0
04/04/2005,03.00.00,4.0,887.0,11.0,508.0,62.0,1047.0,51.0,974.0,549.0,113.0,589.0,7888.0
04/04/2005,04.00.00,4.5,864.0,8.0,478.0,52.0,1116.0,43.0,958.0,489.0,118.0,560.0,7743.0
04/04/2005,05.00.00,5.0,888.0,13.0,528.0,77.0,1077.0,53.0,987.0,578.0,104.0,599.0,7550.0
04/04/2005,06.00.00,11.0,1031.0,44.0,730.0,182.0,760.0,93.0,1129.0,905.0,95.0,631.0,7531.0
04/04/2005,07.00.00,40.0,1384.0,174.0,1221.0,594.0,470.0,155.0,1600.0,1457.0,97.0,619.0,7446.0
04/04/2005,08.00.00,50.0,1446.0,224.0,1362.0,586.0,415.0,174.0,1777.0,1705.0,135.0,489.0,7553.0
04/04/2005,09.00.00,39.0,1297.0,136.0,1102.0,523.0,507.0,187.0,1375.0,1583.0,182.0,363.0,7487.0
04/04/2005,10.00.00,31.0,1314.0,135.0,1101.0,472.0,539.0,190.0,1374.0,1729.0,219.0,293.0,7568.0
04/04/2005,11.00.00,24.0,1163.0,114.0,1027.0,353.0,604.0,179.0,1264.0,1269.0,243.0,237.0,7119.0
04/04/2005,12.00.00,24.0,1142.0,124.0,1063.0,293.0,603.0,175.0,1241.0,1092.0,269.0,183.0,6406.0
04/04/2005,13.00.00,21.0,1003.0,95.0,961.0,235.0,702.0,156.0,1041.0,770.0,283.0,135.0,5139.0
04/04/2005,14.00.00,22.0,1071.0,119.0,1047.0,265.0,654.0,168.0,1129.0,816.0,285.0,131.0,5028.0
